  -6.00000    6.235235    3.802874    2.432360    0.000000    0.000000    0.000000    0.000000    0.000000    0.000000    0.000000    0.000000
  -5.99833    6.236815    3.806349    2.430466    0.000000    0.000000    0.000000    0.000000    0.000000    0.000000    0.000000    0.000000
  -5.99667    6.238390    3.809827    2.428563    0.000000    0.000000    0.000000    0.000000    0.000000    0.000000    0.000000    0.000000
  -5.99500    6.239961    3.813307    2.426654    0.000000    0.000000    0.000000    0.000000    0.000000    0.000000    0.000000    0.000000
  -5.99333    6.241527    3.816791    2.424737    0.000000    0.000000    0.000000    0.000000    0.000000    0.000000    0.000000    0.000000
  -5.99166    6.243089    3.820277    2.422812    0.000000    0.000000    0.000000    0.000000    0.000000    0.000000    0.000000    0.000000
  -5.99000    6.244646    3.823766    2.420881    0.000000    0.000000    0.000000    0.000000    0.000000    0.000000    0.000000    0.000000
  -5.98833    6.246199    3.827257    2.418942    0.000000    0.000000    0.000000    0.000000    0.000000    0.000000    0.000000    0.000000
  -5.98666    6.247747    3.830752    2.416995    0.000000    0.000000    0.000000    0.000000    0.000000    0.000000    0.000000    0.000000
  -5.98499    6.249290    3.834249    2.415042    0.000000    0.000000    0.000000    0.000000    0.000000    0.000000    0.000000    0.000000
  -5.98333    6.250829    3.837748    2.413081    0.000000    0.000000    0.000000    0.000000    0.000000    0.000000    0.000000    0.000000
  -5.98166    6.252363    3.841251    2.411112    0.000000    0.000000    0.000000    0.000000    0.000000    0.000000    0.000000    0.000000
  -5.97999    6.253893    3.844756    2.409137    0.000000    0.000000    0.000000    0.000000    0.000000    0.000000    0.000000    0.000000
  -5.97833    6.255418    3.848263    2.407155    0.000000    0.000000    0.000000    0.000000    0.000000    0.000000    0.000000    0.000000
  -5.97666    6.256938    3.851773    2.405165    0.000000    0.000000    0.000000    0.000000    0.000000    0.000000    0.000000    0.000000
  -5.97499    6.258454    3.855286    2.403168    0.000000    0.000000    0.000000    0.000000    0.000000    0.000000    0.000000    0.000000
  -5.97332    6.259965    3.858801    2.401164    0.000000    0.000000    0.000000    0.000000    0.000000    0.000000    0.000000    0.000000
  -5.97166    6.261472    3.862319    2.399153    0.000000    0.000000    0.000000    0.000000    0.000000    0.000000    0.000000    0.000000
  -5.96999    6.262974    3.865839    2.397135    0.000000    0.000000    0.000000    0.000000    0.000000    0.000000    0.000000    0.000000
  -5.96832    6.264471    3.869361    2.395110    0.000000    0.000000    0.000000    0.000000    0.000000    0.000000    0.000000    0.000000
  -5.96666    6.265964    3.872886    2.393079    0.000000    0.000000    0.000000    0.000000    0.000000    0.000000    0.000000    0.000000
  -5.96499    6.267452    3.876413    2.391040    0.000000    0.000000    0.000000    0.000000    0.000000    0.000000    0.000000    0.000000
  -5.96332    6.268936    3.879942    2.388994    0.000000    0.000000    0.000000    0.000000    0.000000    0.000000    0.000000    0.000000
  -5.96165    6.270415    3.883474    2.386941    0.000000    0.000000    0.000000    0.000000    0.000000    0.000000    0.000000    0.000000
  -5.95999    6.271889    3.887008    2.384882    0.000000    0.000000    0.000000    0.000000    0.000000    0.000000    0.000000    0.000000
  -5.95832    6.273359    3.890544    2.382815    0.000000    0.000000    0.000000    0.000000    0.000000    0.000000    0.000000    0.000000
  -5.95665    6.274824    3.894083    2.380742    0.000000    0.000000    0.000000    0.000000    0.000000    0.000000    0.000000    0.000000
  -5.95498    6.276285    3.897623    2.378662    0.000000    0.000000    0.000000    0.000000    0.000000    0.000000    0.000000    0.000000
  -5.95332    6.277741    3.901166    2.376575    0.000000    0.000000    0.000000    0.000000    0.000000    0.000000    0.000000    0.000000
  -5.95165    6.279192    3.904711    2.374482    0.000000    0.000000    0.000000    0.000000    0.000000    0.000000    0.000000    0.000000
  -5.94998    6.280639    3.908258    2.372381    0.000000    0.000000    0.000000    0.000000    0.000000    0.000000    0.000000    0.000000
  -5.94832    6.282081    3.911807    2.370275    0.000000    0.000000    0.000000    0.000000    0.000000    0.000000    0.000000    0.000000
  -5.94665    6.283519    3.915358    2.368161    0.000000    0.000000    0.000000    0.000000    0.000000    0.000000    0.000000    0.000000
  -5.94498    6.284952    3.918911    2.366041    0.000000    0.000000    0.000000    0.000000    0.000000    0.000000    0.000000    0.000000
  -5.94331    6.286380    3.922466    2.363914    0.000000    0.000000    0.000000    0.000000    0.000000    0.000000    0.000000    0.000000
  -5.94165    6.287803    3.926022    2.361781    0.000000    0.000000    0.000000    0.000000    0.000000    0.000000    0.000000    0.000000
  -5.93998    6.289222    3.929581    2.359641    0.000000    0.000000    0.000000    0.000000    0.000000    0.000000    0.000000    0.000000
  -5.93831    6.290637    3.933142    2.357495    0.000000    0.000000    0.000000    0.000000    0.000000    0.000000    0.000000    0.000000
  -5.93665    6.292047    3.936704    2.355342    0.000000    0.000000    0.000000    0.000000    0.000000    0.000000    0.000000    0.000000
  -5.93498    6.293452    3.940269    2.353183    0.000000    0.000000    0.000000    0.000000    0.000000    0.000000    0.000000    0.000000
  -5.93331    6.294852    3.943835    2.351017    0.000000    0.000000    0.000000    0.000000    0.000000    0.000000    0.000000    0.000000
  -5.93164    6.296248    3.947403    2.348845    0.000000    0.000000    0.000000    0.000000    0.000000    0.000000    0.000000    0.000000
  -5.92998    6.297639    3.950972    2.346667    0.000000    0.000000    0.000000    0.000000    0.000000    0.000000    0.000000    0.000000
  -5.92831    6.299026    3.954543    2.344482    0.000000    0.000000    0.000000    0.000000    0.000000    0.000000    0.000000    0.000000
  -5.92664    6.300408    3.958116    2.342291    0.000000    0.000000    0.000000    0.000000    0.000000    0.000000    0.000000    0.000000
  -5.92497    6.301785    3.961691    2.340094    0.000000    0.000000    0.000000    0.000000    0.000000    0.000000    0.000000    0.000000
  -5.92331    6.303158    3.965267    2.337891    0.000000    0.000000    0.000000    0.000000    0.000000    0.000000    0.000000    0.000000
  -5.92164    6.304526    3.968845    2.335681    0.000000    0.000000    0.000000    0.000000    0.000000    0.000000    0.000000    0.000000
  -5.91997    6.305889    3.972424    2.333465    0.000000    0.000000    0.000000    0.000000    0.000000    0.000000    0.000000    0.000000
  -5.91831    6.307248    3.976005    2.331243    0.000000    0.000000    0.000000    0.000000    0.000000    0.000000    0.000000    0.000000
  -5.91664    6.308602    3.979587    2.329015    0.000000    0.000000    0.000000    0.000000    0.000000    0.000000    0.000000    0.000000
  -5.91497    6.309951    3.983171    2.326781    0.000000    0.000000    0.000000    0.000000    0.000000    0.000000    0.000000    0.000000
  -5.91330    6.311296    3.986756    2.324540    0.000000    0.000000    0.000000    0.000000    0.000000    0.000000    0.000000    0.000000
  -5.91164    6.312636    3.990343    2.322294    0.000000    0.000000    0.000000    0.000000    0.000000    0.000000    0.000000    0.000000
  -5.90997    6.313972    3.993930    2.320041    0.000000    0.000000    0.000000    0.000000    0.000000    0.000000    0.000000    0.000000
  -5.90830    6.315303    3.997520    2.317783    0.000000    0.000000    0.000000    0.000000    0.000000    0.000000    0.000000    0.000000
  -5.90664    6.316629    4.001110    2.315519    0.000000    0.000000    0.000000    0.000000    0.000000    0.000000    0.000000    0.000000
  -5.90497    6.317950    4.004702    2.313249    0.000000    0.000000    0.000000    0.000000    0.000000    0.000000    0.000000    0.000000
  -5.90330    6.319267    4.008295    2.310972    0.000000    0.000000    0.000000    0.000000    0.000000    0.000000    0.000000    0.000000
  -5.90163    6.320580    4.011889    2.308690    0.000000    0.000000    0.000000    0.000000    0.000000    0.000000    0.000000    0.000000
  -5.89997    6.321887    4.015485    2.306403    0.000000    0.000000    0.000000    0.000000    0.000000    0.000000    0.000000    0.000000
  -5.89830    6.323190    4.019081    2.304109    0.000000    0.000000    0.000000    0.000000    0.000000    0.000000    0.000000    0.000000
  -5.89663    6.324488    4.022679    2.301810    0.000000    0.000000    0.000000    0.000000    0.000000    0.000000    0.000000    0.000000
  -5.89496    6.325782    4.026277    2.299504    0.000000    0.000000    0.000000    0.000000    0.000000    0.000000    0.000000    0.000000
  -5.89330    6.327071    4.029877    2.297194    0.000000    0.000000    0.000000    0.000000    0.000000    0.000000    0.000000    0.000000
  -5.89163    6.328355    4.033478    2.294877    0.000000    0.000000    0.000000    0.000000    0.000000    0.000000    0.000000    0.000000
  -5.88996    6.329635    4.037080    2.292555    0.000000    0.000000    0.000000    0.000000    0.000000    0.000000    0.000000    0.000000
  -5.88830    6.330909    4.040682    2.290227    0.000000    0.000000    0.000000    0.000000    0.000000    0.000000    0.000000    0.000000
  -5.88663    6.332180    4.044286    2.287894    0.000000    0.000000    0.000000    0.000000    0.000000    0.000000    0.000000    0.000000
  -5.88496    6.333445    4.047891    2.285555    0.000000    0.000000    0.000000    0.000000    0.000000    0.000000    0.000000    0.000000
  -5.88329    6.334706    4.051496    2.283210    0.000000    0.000000    0.000000    0.000000    0.000000    0.000000    0.000000    0.000000
  -5.88163    6.335962    4.055102    2.280860    0.000000    0.000000    0.000000    0.000000    0.000000    0.000000    0.000000    0.000000
  -5.87996    6.337214    4.058709    2.278505    0.000000    0.000000    0.000000    0.000000    0.000000    0.000000    0.000000    0.000000
  -5.87829    6.338461    4.062317    2.276144    0.000000    0.000000    0.000000    0.000000    0.000000    0.000000    0.000000    0.000000
  -5.87663    6.339703    4.065926    2.273777    0.000000    0.000000    0.000000    0.000000    0.000000    0.000000    0.000000    0.000000
  -5.87496    6.340940    4.069535    2.271405    0.000000    0.000000    0.000000    0.000000    0.000000    0.000000    0.000000    0.000000
  -5.87329    6.342173    4.073145    2.269028    0.000000    0.000000    0.000000    0.000000    0.000000    0.000000    0.000000    0.000000
  -5.87162    6.343401    4.076755    2.266646    0.000000    0.000000    0.000000    0.000000    0.000000    0.000000    0.000000    0.000000
  -5.86996    6.344624    4.080366    2.264258    0.000000    0.000000    0.000000    0.000000    0.000000    0.000000    0.000000    0.000000
  -5.86829    6.345843    4.083978    2.261865    0.000000    0.000000    0.000000    0.000000    0.000000    0.000000    0.000000    0.000000
  -5.86662    6.347057    4.087590    2.259467    0.000000    0.000000    0.000000    0.000000    0.000000    0.000000    0.000000    0.000000
  -5.86495    6.348266    4.091203    2.257063    0.000000    0.000000    0.000000    0.000000    0.000000    0.000000    0.000000    0.000000
  -5.86329    6.349471    4.094816    2.254655    0.000000    0.000000    0.000000    0.000000    0.000000    0.000000    0.000000    0.000000
  -5.86162    6.350671    4.098430    2.252241    0.000000    0.000000    0.000000    0.000000    0.000000    0.000000    0.000000    0.000000
  -5.85995    6.351866    4.102044    2.249822    0.000000    0.000000    0.000000    0.000000    0.000000    0.000000    0.000000    0.000000
  -5.85829    6.353057    4.105659    2.247398    0.000000    0.000000    0.000000    0.000000    0.000000    0.000000    0.000000    0.000000
  -5.85662    6.354243    4.109273    2.244969    0.000000    0.000000    0.000000    0.000000    0.000000    0.000000    0.000000    0.000000
  -5.85495    6.355424    4.112889    2.242535    0.000000    0.000000    0.000000    0.000000    0.000000    0.000000    0.000000    0.000000
  -5.85328    6.356600    4.116504    2.240096    0.000000    0.000000    0.000000    0.000000    0.000000    0.000000    0.000000    0.000000
  -5.85162    6.357772    4.120120    2.237652    0.000000    0.000000    0.000000    0.000000    0.000000    0.000000    0.000000    0.000000
  -5.84995    6.358939    4.123736    2.235203    0.000000    0.000000    0.000000    0.000000    0.000000    0.000000    0.000000    0.000000
  -5.84828    6.360101    4.127352    2.232749    0.000000    0.000000    0.000000    0.000000    0.000000    0.000000    0.000000    0.000000
  -5.84662    6.361259    4.130968    2.230290    0.000000    0.000000    0.000000    0.000000    0.000000    0.000000    0.000000    0.000000
  -5.84495    6.362411    4.134585    2.227827    0.000000    0.000000    0.000000    0.000000    0.000000    0.000000    0.000000    0.000000
  -5.84328    6.363559    4.138201    2.225358    0.000000    0.000000    0.000000    0.000000    0.000000    0.000000    0.000000    0.000000
  -5.84161    6.364703    4.141818    2.222885    0.000000    0.000000    0.000000    0.000000    0.000000    0.000000    0.000000    0.000000
  -5.83995    6.365841    4.145434    2.220407    0.000000    0.000000    0.000000    0.000000    0.000000    0.000000    0.000000    0.000000
  -5.83828    6.366975    4.149051    2.217924    0.000000    0.000000    0.000000    0.000000    0.000000    0.000000    0.000000    0.000000
  -5.83661    6.368105    4.152668    2.215437    0.000000    0.000000    0.000000    0.000000    0.000000    0.000000    0.000000    0.000000
  -5.83494    6.369229    4.156284    2.212945    0.000000    0.000000    0.000000    0.000000    0.000000    0.000000    0.000000    0.000000
  -5.83328    6.370349    4.159901    2.210448    0.000000    0.000000    0.000000    0.000000    0.000000    0.000000    0.000000    0.000000
  -5.83161    6.371464    4.163517    2.207947    0.000000    0.000000    0.000000    0.000000    0.000000    0.000000    0.000000    0.000000
  -5.82994    6.372574    4.167133    2.205441    0.000000    0.000000    0.000000    0.000000    0.000000    0.000000    0.000000    0.000000
  -5.82828    6.373680    4.170749    2.202931    0.000000    0.000000    0.000000    0.000000    0.000000    0.000000    0.000000    0.000000
  -5.82661    6.374780    4.174365    2.200416    0.000000    0.000000    0.000000    0.000000    0.000000    0.000000    0.000000    0.000000
  -5.82494    6.375877    4.177980    2.197896    0.000000    0.000000    0.000000    0.000000    0.000000    0.000000    0.000000    0.000000
  -5.82327    6.376968    4.181595    2.195372    0.000000    0.000000    0.000000    0.000000    0.000000    0.000000    0.000000    0.000000
  -5.82161    6.378054    4.185210    2.192844    0.000000    0.000000    0.000000    0.000000    0.000000    0.000000    0.000000    0.000000
  -5.81994    6.379136    4.188825    2.190311    0.000000    0.000000    0.000000    0.000000    0.000000    0.000000    0.000000    0.000000
  -5.81827    6.380213    4.192439    2.187774    0.000000    0.000000    0.000000    0.000000    0.000000    0.000000    0.000000    0.000000
  -5.81661    6.381286    4.196053    2.185233    0.000000    0.000000    0.000000    0.000000    0.000000    0.000000    0.000000    0.000000
  -5.81494    6.382353    4.199666    2.182687    0.000000    0.000000    0.000000    0.000000    0.000000    0.000000    0.000000    0.000000
  -5.81327    6.383416    4.203279    2.180137    0.000000    0.000000    0.000000    0.000000    0.000000    0.000000    0.000000    0.000000
  -5.81160    6.384474    4.206891    2.177583    0.000000    0.000000    0.000000    0.000000    0.000000    0.000000    0.000000    0.000000
  -5.80994    6.385527    4.210502    2.175025    0.000000    0.000000    0.000000    0.000000    0.000000    0.000000    0.000000    0.000000
  -5.80827    6.386576    4.214114    2.172462    0.000000    0.000000    0.000000    0.000000    0.000000    0.000000    0.000000    0.000000
  -5.80660    6.387619    4.217724    2.169895    0.000000    0.000000    0.000000    0.000000    0.000000    0.000000    0.000000    0.000000
  -5.80493    6.388658    4.221334    2.167324    0.000000    0.000000    0.000000    0.000000    0.000000    0.000000    0.000000    0.000000
  -5.80327    6.389692    4.224943    2.164749    0.000000    0.000000    0.000000    0.000000    0.000000    0.000000    0.000000    0.000000
  -5.80160    6.390722    4.228551    2.162170    0.000000    0.000000    0.000000    0.000000    0.000000    0.000000    0.000000    0.000000
  -5.79993    6.391746    4.232159    2.159587    0.000000    0.000000    0.000000    0.000000    0.000000    0.000000    0.000000    0.000000
  -5.79827    6.392766    4.235766    2.157000    0.000000    0.000000    0.000000    0.000000    0.000000    0.000000    0.000000    0.000000
  -5.79660    6.393781    4.239372    2.154409    0.000000    0.000000    0.000000    0.000000    0.000000    0.000000    0.000000    0.000000
  -5.79493    6.394791    4.242977    2.151814    0.000000    0.000000    0.000000    0.000000    0.000000    0.000000    0.000000    0.000000
  -5.79326    6.395797    4.246581    2.149215    0.000000    0.000000    0.000000    0.000000    0.000000    0.000000    0.000000    0.000000
  -5.79160    6.396798    4.250185    2.146613    0.000000    0.000000    0.000000    0.000000    0.000000    0.000000    0.000000    0.000000
  -5.78993    6.397793    4.253787    2.144006    0.000000    0.000000    0.000000    0.000000    0.000000    0.000000    0.000000    0.000000
  -5.78826    6.398784    4.257389    2.141396    0.000000    0.000000    0.000000    0.000000    0.000000    0.000000    0.000000    0.000000
  -5.78660    6.399771    4.260989    2.138781    0.000000    0.000000    0.000000    0.000000    0.000000    0.000000    0.000000    0.000000
  -5.78493    6.400752    4.264589    2.136163    0.000000    0.000000    0.000000    0.000000    0.000000    0.000000    0.000000    0.000000
  -5.78326    6.401729    4.268187    2.133542    0.000000    0.000000    0.000000    0.000000    0.000000    0.000000    0.000000    0.000000
  -5.78159    6.402701    4.271784    2.130916    0.000000    0.000000    0.000000    0.000000    0.000000    0.000000    0.000000    0.000000
  -5.77993    6.403668    4.275380    2.128287    0.000000    0.000000    0.000000    0.000000    0.000000    0.000000    0.000000    0.000000
  -5.77826    6.404630    4.278975    2.125654    0.000000    0.000000    0.000000    0.000000    0.000000    0.000000    0.000000    0.000000
  -5.77659    6.405587    4.282569    2.123018    0.000000    0.000000    0.000000    0.000000    0.000000    0.000000    0.000000    0.000000
  -5.77492    6.406540    4.286161    2.120378    0.000000    0.000000    0.000000    0.000000    0.000000    0.000000    0.000000    0.000000
  -5.77326    6.407487    4.289753    2.117735    0.000000    0.000000    0.000000    0.000000    0.000000    0.000000    0.000000    0.000000
  -5.77159    6.408430    4.293342    2.115088    0.000000    0.000000    0.000000    0.000000    0.000000    0.000000    0.000000    0.000000
  -5.76992    6.409368    4.296931    2.112437    0.000000    0.000000    0.000000    0.000000    0.000000    0.000000    0.000000    0.000000
  -5.76826    6.410301    4.300518    2.109783    0.000000    0.000000    0.000000    0.000000    0.000000    0.000000    0.000000    0.000000
  -5.76659    6.411230    4.304104    2.107126    0.000000    0.000000    0.000000    0.000000    0.000000    0.000000    0.000000    0.000000
  -5.76492    6.412153    4.307688    2.104465    0.000000    0.000000    0.000000    0.000000    0.000000    0.000000    0.000000    0.000000
  -5.76325    6.413072    4.311271    2.101801    0.000000    0.000000    0.000000    0.000000    0.000000    0.000000    0.000000    0.000000
  -5.76159    6.413986    4.314852    2.099133    0.000000    0.000000    0.000000    0.000000    0.000000    0.000000    0.000000    0.000000
  -5.75992    6.414895    4.318432    2.096463    0.000000    0.000000    0.000000    0.000000    0.000000    0.000000    0.000000    0.000000
  -5.75825    6.415799    4.322010    2.093789    0.000000    0.000000    0.000000    0.000000    0.000000    0.000000    0.000000    0.000000
  -5.75659    6.416698    4.325587    2.091111    0.000000    0.000000    0.000000    0.000000    0.000000    0.000000    0.000000    0.000000
  -5.75492    6.417592    4.329161    2.088431    0.000000    0.000000    0.000000    0.000000    0.000000    0.000000    0.000000    0.000000
  -5.75325    6.418482    4.332735    2.085747    0.000000    0.000000    0.000000    0.000000    0.000000    0.000000    0.000000    0.000000
  -5.75158    6.419366    4.336306    2.083060    0.000000    0.000000    0.000000    0.000000    0.000000    0.000000    0.000000    0.000000
  -5.74992    6.420246    4.339876    2.080370    0.000000    0.000000    0.000000    0.000000    0.000000    0.000000    0.000000    0.000000
  -5.74825    6.421121    4.343444    2.077677    0.000000    0.000000    0.000000    0.000000    0.000000    0.000000    0.000000    0.000000
  -5.74658    6.421991    4.347010    2.074981    0.000000    0.000000    0.000000    0.000000    0.000000    0.000000    0.000000    0.000000
  -5.74491    6.422856    4.350574    2.072281    0.000000    0.000000    0.000000    0.000000    0.000000    0.000000    0.000000    0.000000
  -5.74325    6.423716    4.354137    2.069579    0.000000    0.000000    0.000000    0.000000    0.000000    0.000000    0.000000    0.000000
  -5.74158    6.424571    4.357697    2.066874    0.000000    0.000000    0.000000    0.000000    0.000000    0.000000    0.000000    0.000000
  -5.73991    6.425421    4.361256    2.064165    0.000000    0.000000    0.000000    0.000000    0.000000    0.000000    0.000000    0.000000
  -5.73825    6.426267    4.364813    2.061454    0.000000    0.000000    0.000000    0.000000    0.000000    0.000000    0.000000    0.000000
  -5.73658    6.427107    4.368367    2.058740    0.000000    0.000000    0.000000    0.000000    0.000000    0.000000    0.000000    0.000000
  -5.73491    6.427943    4.371920    2.056023    0.000000    0.000000    0.000000    0.000000    0.000000    0.000000    0.000000    0.000000
  -5.73324    6.428774    4.375470    2.053304    0.000000    0.000000    0.000000    0.000000    0.000000    0.000000    0.000000    0.000000
  -5.73158    6.429599    4.379018    2.050581    0.000000    0.000000    0.000000    0.000000    0.000000    0.000000    0.000000    0.000000
  -5.72991    6.430420    4.382565    2.047856    0.000000    0.000000    0.000000    0.000000    0.000000    0.000000    0.000000    0.000000
  -5.72824    6.431236    4.386109    2.045128    0.000000    0.000000    0.000000    0.000000    0.000000    0.000000    0.000000    0.000000
  -5.72658    6.432047    4.389650    2.042397    0.000000    0.000000    0.000000    0.000000    0.000000    0.000000    0.000000    0.000000
  -5.72491    6.432853    4.393190    2.039663    0.000000    0.000000    0.000000    0.000000    0.000000    0.000000    0.000000    0.000000
  -5.72324    6.433654    4.396727    2.036927    0.000000    0.000000    0.000000    0.000000    0.000000    0.000000    0.000000    0.000000
  -5.72157    6.434450    4.400262    2.034188    0.000000    0.000000    0.000000    0.000000    0.000000    0.000000    0.000000    0.000000
  -5.71991    6.435241    4.403795    2.031447    0.000000    0.000000    0.000000    0.000000    0.000000    0.000000    0.000000    0.000000
  -5.71824    6.436028    4.407325    2.028703    0.000000    0.000000    0.000000    0.000000    0.000000    0.000000    0.000000    0.000000
  -5.71657    6.436809    4.410853    2.025956    0.000000    0.000000    0.000000    0.000000    0.000000    0.000000    0.000000    0.000000
  -5.71490    6.437585    4.414378    2.023207    0.000000    0.000000    0.000000    0.000000    0.000000    0.000000    0.000000    0.000000
  -5.71324    6.438356    4.417901    2.020456    0.000000    0.000000    0.000000    0.000000    0.000000    0.000000    0.000000    0.000000
  -5.71157    6.439123    4.421421    2.017701    0.000000    0.000000    0.000000    0.000000    0.000000    0.000000    0.000000    0.000000
  -5.70990    6.439884    4.424939    2.014945    0.000000    0.000000    0.000000    0.000000    0.000000    0.000000    0.000000    0.000000
  -5.70824    6.440640    4.428454    2.012186    0.000000    0.000000    0.000000    0.000000    0.000000    0.000000    0.000000    0.000000
  -5.70657    6.441392    4.431967    2.009425    0.000000    0.000000    0.000000    0.000000    0.000000    0.000000    0.000000    0.000000
  -5.70490    6.442138    4.435477    2.006661    0.000000    0.000000    0.000000    0.000000    0.000000    0.000000    0.000000    0.000000
  -5.70323    6.442879    4.438984    2.003895    0.000000    0.000000    0.000000    0.000000    0.000000    0.000000    0.000000    0.000000
  -5.70157    6.443616    4.442488    2.001127    0.000000    0.000000    0.000000    0.000000    0.000000    0.000000    0.000000    0.000000
  -5.69990    6.444347    4.445990    1.998357    0.000000    0.000000    0.000000    0.000000    0.000000    0.000000    0.000000    0.000000
  -5.69823    6.445073    4.449489    1.995584    0.000000    0.000000    0.000000    0.000000    0.000000    0.000000    0.000000    0.000000
  -5.69657    6.445794    4.452985    1.992809    0.000000    0.000000    0.000000    0.000000    0.000000    0.000000    0.000000    0.000000
  -5.69490    6.446511    4.456479    1.990032    0.000000    0.000000    0.000000    0.000000    0.000000    0.000000    0.000000    0.000000
  -5.69323    6.447222    4.459969    1.987253    0.000000    0.000000    0.000000    0.000000    0.000000    0.000000    0.000000    0.000000
  -5.69156    6.447928    4.463456    1.984472    0.000000    0.000000    0.000000    0.000000    0.000000    0.000000    0.000000    0.000000
  -5.68990    6.448629    4.466941    1.981688    0.000000    0.000000    0.000000    0.000000    0.000000    0.000000    0.000000    0.000000
  -5.68823    6.449325    4.470422    1.978903    0.000000    0.000000    0.000000    0.000000    0.000000    0.000000    0.000000    0.000000
  -5.68656    6.450016    4.473901    1.976115    0.000000    0.000000    0.000000    0.000000    0.000000    0.000000    0.000000    0.000000
  -5.68489    6.450702    4.477376    1.973326    0.000000    0.000000    0.000000    0.000000    0.000000    0.000000    0.000000    0.000000
  -5.68323    6.451383    4.480849    1.970534    0.000000    0.000000    0.000000    0.000000    0.000000    0.000000    0.000000    0.000000
  -5.68156    6.452059    4.484318    1.967741    0.000000    0.000000    0.000000    0.000000    0.000000    0.000000    0.000000    0.000000
  -5.67989    6.452729    4.487784    1.964945    0.000000    0.000000    0.000000    0.000000    0.000000    0.000000    0.000000    0.000000
  -5.67823    6.453395    4.491247    1.962148    0.000000    0.000000    0.000000    0.000000    0.000000    0.000000    0.000000    0.000000
  -5.67656    6.454055    4.494706    1.959349    0.000000    0.000000    0.000000    0.000000    0.000000    0.000000    0.000000    0.000000
  -5.67489    6.454711    4.498163    1.956548    0.000000    0.000000    0.000000    0.000000    0.000000    0.000000    0.000000    0.000000
  -5.67322    6.455361    4.501616    1.953745    0.000000    0.000000    0.000000    0.000000    0.000000    0.000000    0.000000    0.000000
  -5.67156    6.456006    4.505066    1.950941    0.000000    0.000000    0.000000    0.000000    0.000000    0.000000    0.000000    0.000000
  -5.66989    6.456646    4.508512    1.948134    0.000000    0.000000    0.000000    0.000000    0.000000    0.000000    0.000000    0.000000
  -5.66822    6.457281    4.511955    1.945326    0.000000    0.000000    0.000000    0.000000    0.000000    0.000000    0.000000    0.000000
  -5.66656    6.457911    4.515394    1.942517    0.000000    0.000000    0.000000    0.000000    0.000000    0.000000    0.000000    0.000000
  -5.66489    6.458536    4.518831    1.939705    0.000000    0.000000    0.000000    0.000000    0.000000    0.000000    0.000000    0.000000
  -5.66322    6.459155    4.522263    1.936892    0.000000    0.000000    0.000000    0.000000    0.000000    0.000000    0.000000    0.000000
  -5.66155    6.459770    4.525692    1.934078    0.000000    0.000000    0.000000    0.000000    0.000000    0.000000    0.000000    0.000000
  -5.65989    6.460379    4.529118    1.931261    0.000000    0.000000    0.000000    0.000000    0.000000    0.000000    0.000000    0.000000
  -5.65822    6.460983    4.532540    1.928444    0.000000    0.000000    0.000000    0.000000    0.000000    0.000000    0.000000    0.000000
  -5.65655    6.461582    4.535958    1.925624    0.000000    0.000000    0.000000    0.000000    0.000000    0.000000    0.000000    0.000000
  -5.65488    6.462176    4.539372    1.922803    0.000000    0.000000    0.000000    0.000000    0.000000    0.000000    0.000000    0.000000
  -5.65322    6.462764    4.542783    1.919981    0.000000    0.000000    0.000000    0.000000    0.000000    0.000000    0.000000    0.000000
  -5.65155    6.463348    4.546190    1.917157    0.000000    0.000000    0.000000    0.000000    0.000000    0.000000    0.000000    0.000000
  -5.64988    6.463926    4.549594    1.914332    0.000000    0.000000    0.000000    0.000000    0.000000    0.000000    0.000000    0.000000
  -5.64822    6.464499    4.552993    1.911505    0.000000    0.000000    0.000000    0.000000    0.000000    0.000000    0.000000    0.000000
  -5.64655    6.465067    4.556389    1.908677    0.000000    0.000000    0.000000    0.000000    0.000000    0.000000    0.000000    0.000000
  -5.64488    6.465629    4.559781    1.905848    0.000000    0.000000    0.000000    0.000000    0.000000    0.000000    0.000000    0.000000
  -5.64321    6.466186    4.563169    1.903017    0.000000    0.000000    0.000000    0.000000    0.000000    0.000000    0.000000    0.000000
  -5.64155    6.466739    4.566553    1.900186    0.000000    0.000000    0.000000    0.000000    0.000000    0.000000    0.000000    0.000000
  -5.63988    6.467285    4.569933    1.897352    0.000000    0.000000    0.000000    0.000000    0.000000    0.000000    0.000000    0.000000
  -5.63821    6.467827    4.573309    1.894518    0.000000    0.000000    0.000000    0.000000    0.000000    0.000000    0.000000    0.000000
  -5.63655    6.468363    4.576681    1.891682    0.000000    0.000000    0.000000    0.000000    0.000000    0.000000    0.000000    0.000000
  -5.63488    6.468894    4.580049    1.888845    0.000000    0.000000    0.000000    0.000000    0.000000    0.000000    0.000000    0.000000
  -5.63321    6.469420    4.583413    1.886007    0.000000    0.000000    0.000000    0.000000    0.000000    0.000000    0.000000    0.000000
  -5.63154    6.469941    4.586772    1.883168    0.000000    0.000000    0.000000    0.000000    0.000000    0.000000    0.000000    0.000000
  -5.62988    6.470456    4.590128    1.880328    0.000000    0.000000    0.000000    0.000000    0.000000    0.000000    0.000000    0.000000
  -5.62821    6.470966    4.593479    1.877487    0.000000    0.000000    0.000000    0.000000    0.000000    0.000000    0.000000    0.000000
  -5.62654    6.471471    4.596826    1.874644    0.000000    0.000000    0.000000    0.000000    0.000000    0.000000    0.000000    0.000000
  -5.62487    6.471970    4.600169    1.871801    0.000000    0.000000    0.000000    0.000000    0.000000    0.000000    0.000000    0.000000
  -5.62321    6.472464    4.603507    1.868957    0.000000    0.000000    0.000000    0.000000    0.000000    0.000000    0.000000    0.000000
  -5.62154    6.472953    4.606842    1.866111    0.000000    0.000000    0.000000    0.000000    0.000000    0.000000    0.000000    0.000000
  -5.61987    6.473436    4.610171    1.863265    0.000000    0.000000    0.000000    0.000000    0.000000    0.000000    0.000000    0.000000
  -5.61821    6.473914    4.613497    1.860418    0.000000    0.000000    0.000000    0.000000    0.000000    0.000000    0.000000    0.000000
  -5.61654    6.474387    4.616818    1.857570    0.000000    0.000000    0.000000    0.000000    0.000000    0.000000    0.000000    0.000000
  -5.61487    6.474855    4.620134    1.854721    0.000000    0.000000    0.000000    0.000000    0.000000    0.000000    0.000000    0.000000
  -5.61320    6.475317    4.623446    1.851871    0.000000    0.000000    0.000000    0.000000    0.000000    0.000000    0.000000    0.000000
  -5.61154    6.475773    4.626753    1.849020    0.000000    0.000000    0.000000    0.000000    0.000000    0.000000    0.000000    0.000000
  -5.60987    6.476225    4.630056    1.846169    0.000000    0.000000    0.000000    0.000000    0.000000    0.000000    0.000000    0.000000
  -5.60820    6.476671    4.633354    1.843316    0.000000    0.000000    0.000000    0.000000    0.000000    0.000000    0.000000    0.000000
  -5.60654    6.477111    4.636648    1.840463    0.000000    0.000000    0.000000    0.000000    0.000000    0.000000    0.000000    0.000000
  -5.60487    6.477546    4.639936    1.837610    0.000000    0.000000    0.000000    0.000000    0.000000    0.000000    0.000000    0.000000
  -5.60320    6.477976    4.643220    1.834755    0.000000    0.000000    0.000000    0.000000    0.000000    0.000000    0.000000    0.000000
  -5.60153    6.478400    4.646500    1.831900    0.000000    0.000000    0.000000    0.000000    0.000000    0.000000    0.000000    0.000000
  -5.59987    6.478819    4.649774    1.829045    0.000000    0.000000    0.000000    0.000000    0.000000    0.000000    0.000000    0.000000
  -5.59820    6.479232    4.653044    1.826188    0.000000    0.000000    0.000000    0.000000    0.000000    0.000000    0.000000    0.000000
  -5.59653    6.479640    4.656309    1.823331    0.000000    0.000000    0.000000    0.000000    0.000000    0.000000    0.000000    0.000000
  -5.59486    6.480043    4.659569    1.820474    0.000000    0.000000    0.000000    0.000000    0.000000    0.000000    0.000000    0.000000
  -5.59320    6.480440    4.662824    1.817616    0.000000    0.000000    0.000000    0.000000    0.000000    0.000000    0.000000    0.000000
  -5.59153    6.480832    4.666074    1.814757    0.000000    0.000000    0.000000    0.000000    0.000000    0.000000    0.000000    0.000000
  -5.58986    6.481218    4.669319    1.811898    0.000000    0.000000    0.000000    0.000000    0.000000    0.000000    0.000000    0.000000
  -5.58820    6.481599    4.672560    1.809039    0.000000    0.000000    0.000000    0.000000    0.000000    0.000000    0.000000    0.000000
  -5.58653    6.481974    4.675795    1.806179    0.000000    0.000000    0.000000    0.000000    0.000000    0.000000    0.000000    0.000000
  -5.58486    6.482343    4.679025    1.803319    0.000000    0.000000    0.000000    0.000000    0.000000    0.000000    0.000000    0.000000
  -5.58319    6.482708    4.682250    1.800458    0.000000    0.000000    0.000000    0.000000    0.000000    0.000000    0.000000    0.000000
  -5.58153    6.483066    4.685469    1.797597    0.000000    0.000000    0.000000    0.000000    0.000000    0.000000    0.000000    0.000000
  -5.57986    6.483419    4.688684    1.794735    0.000000    0.000000    0.000000    0.000000    0.000000    0.000000    0.000000    0.000000
  -5.57819    6.483767    4.691893    1.791874    0.000000    0.000000    0.000000    0.000000    0.000000    0.000000    0.000000    0.000000
  -5.57653    6.484109    4.695097    1.789012    0.000000    0.000000    0.000000    0.000000    0.000000    0.000000    0.000000    0.000000
  -5.57486    6.484445    4.698296    1.786149    0.000000    0.000000    0.000000    0.000000    0.000000    0.000000    0.000000    0.000000
  -5.57319    6.484776    4.701489    1.783287    0.000000    0.000000    0.000000    0.000000    0.000000    0.000000    0.000000    0.000000
  -5.57152    6.485101    4.704678    1.780424    0.000000    0.000000    0.000000    0.000000    0.000000    0.000000    0.000000    0.000000
  -5.56986    6.485421    4.707860    1.777561    0.000000    0.000000    0.000000    0.000000    0.000000    0.000000    0.000000    0.000000
  -5.56819    6.485735    4.711038    1.774698    0.000000    0.000000    0.000000    0.000000    0.000000    0.000000    0.000000    0.000000
  -5.56652    6.486044    4.714209    1.771834    0.000000    0.000000    0.000000    0.000000    0.000000    0.000000    0.000000    0.000000
  -5.56485    6.486347    4.717376    1.768971    0.000000    0.000000    0.000000    0.000000    0.000000    0.000000    0.000000    0.000000
  -5.56319    6.486644    4.720537    1.766107    0.000000    0.000000    0.000000    0.000000    0.000000    0.000000    0.000000    0.000000
  -5.56152    6.486935    4.723692    1.763244    0.000000    0.000000    0.000000    0.000000    0.000000    0.000000    0.000000    0.000000
  -5.55985    6.487221    4.726842    1.760380    0.000000    0.000000    0.000000    0.000000    0.000000    0.000000    0.000000    0.000000
  -5.55819    6.487502    4.729986    1.757516    0.000000    0.000000    0.000000    0.000000    0.000000    0.000000    0.000000    0.000000
  -5.55652    6.487776    4.733124    1.754652    0.000000    0.000000    0.000000    0.000000    0.000000    0.000000    0.000000    0.000000
  -5.55485    6.488045    4.736257    1.751789    0.000000    0.000000    0.000000    0.000000    0.000000    0.000000    0.000000    0.000000
  -5.55318    6.488309    4.739384    1.748925    0.000000    0.000000    0.000000    0.000000    0.000000    0.000000    0.000000    0.000000
  -5.55152    6.488566    4.742505    1.746061    0.000000    0.000000    0.000000    0.000000    0.000000    0.000000    0.000000    0.000000
  -5.54985    6.488818    4.745621    1.743198    0.000000    0.000000    0.000000    0.000000    0.000000    0.000000    0.000000    0.000000
  -5.54818    6.489064    4.748730    1.740334    0.000000    0.000000    0.000000    0.000000    0.000000    0.000000    0.000000    0.000000
  -5.54652    6.489305    4.751834    1.737471    0.000000    0.000000    0.000000    0.000000    0.000000    0.000000    0.000000    0.000000
  -5.54485    6.489539    4.754932    1.734608    0.000000    0.000000    0.000000    0.000000    0.000000    0.000000    0.000000    0.000000
  -5.54318    6.489768    4.758024    1.731745    0.000000    0.000000    0.000000    0.000000    0.000000    0.000000    0.000000    0.000000
  -5.54151    6.489992    4.761110    1.728882    0.000000    0.000000    0.000000    0.000000    0.000000    0.000000    0.000000    0.000000
  -5.53985    6.490209    4.764190    1.726019    0.000000    0.000000    0.000000    0.000000    0.000000    0.000000    0.000000    0.000000
  -5.53818    6.490421    4.767264    1.723157    0.000000    0.000000    0.000000    0.000000    0.000000    0.000000    0.000000    0.000000
  -5.53651    6.490626    4.770332    1.720295    0.000000    0.000000    0.000000    0.000000    0.000000    0.000000    0.000000    0.000000
  -5.53484    6.490826    4.773394    1.717433    0.000000    0.000000    0.000000    0.000000    0.000000    0.000000    0.000000    0.000000
  -5.53318    6.491021    4.776449    1.714571    0.000000    0.000000    0.000000    0.000000    0.000000    0.000000    0.000000    0.000000
  -5.53151    6.491209    4.779499    1.711710    0.000000    0.000000    0.000000    0.000000    0.000000    0.000000    0.000000    0.000000
  -5.52984    6.491392    4.782542    1.708849    0.000000    0.000000    0.000000    0.000000    0.000000    0.000000    0.000000    0.000000
  -5.52818    6.491568    4.785580    1.705989    0.000000    0.000000    0.000000    0.000000    0.000000    0.000000    0.000000    0.000000
  -5.52651    6.491739    4.788610    1.703129    0.000000    0.000000    0.000000    0.000000    0.000000    0.000000    0.000000    0.000000
  -5.52484    6.491904    4.791635    1.700269    0.000000    0.000000    0.000000    0.000000    0.000000    0.000000    0.000000    0.000000
  -5.52317    6.492063    4.794653    1.697410    0.000000    0.000000    0.000000    0.000000    0.000000    0.000000    0.000000    0.000000
  -5.52151    6.492216    4.797665    1.694551    0.000000    0.000000    0.000000    0.000000    0.000000    0.000000    0.000000    0.000000
  -5.51984    6.492364    4.800671    1.691693    0.000000    0.000000    0.000000    0.000000    0.000000    0.000000    0.000000    0.000000
  -5.51817    6.492505    4.803670    1.688835    0.000000    0.000000    0.000000    0.000000    0.000000    0.000000    0.000000    0.000000
  -5.51651    6.492641    4.806663    1.685978    0.000000    0.000000    0.000000    0.000000    0.000000    0.000000    0.000000    0.000000
  -5.51484    6.492770    4.809649    1.683121    0.000000    0.000000    0.000000    0.000000    0.000000    0.000000    0.000000    0.000000
  -5.51317    6.492894    4.812629    1.680265    0.000000    0.000000    0.000000    0.000000    0.000000    0.000000    0.000000    0.000000
  -5.51150    6.493011    4.815602    1.677409    0.000000    0.000000    0.000000    0.000000    0.000000    0.000000    0.000000    0.000000
  -5.50984    6.493123    4.818568    1.674554    0.000000    0.000000    0.000000    0.000000    0.000000    0.000000    0.000000    0.000000
  -5.50817    6.493229    4.821528    1.671700    0.000000    0.000000    0.000000    0.000000    0.000000    0.000000    0.000000    0.000000
  -5.50650    6.493328    4.824482    1.668847    0.000000    0.000000    0.000000    0.000000    0.000000    0.000000    0.000000    0.000000
  -5.50483    6.493422    4.827428    1.665994    0.000000    0.000000    0.000000    0.000000    0.000000    0.000000    0.000000    0.000000
  -5.50317    6.493510    4.830368    1.663141    0.000000    0.000000    0.000000    0.000000    0.000000    0.000000    0.000000    0.000000
  -5.50150    6.493591    4.833301    1.660290    0.000000    0.000000    0.000000    0.000000    0.000000    0.000000    0.000000    0.000000
  -5.49983    6.493667    4.836228    1.657439    0.000000    0.000000    0.000000    0.000000    0.000000    0.000000    0.000000    0.000000
  -5.49817    6.493736    4.839147    1.654589    0.000000    0.000000    0.000000    0.000000    0.000000    0.000000    0.000000    0.000000
  -5.49650    6.493800    4.842060    1.651740    0.000000    0.000000    0.000000    0.000000    0.000000    0.000000    0.000000    0.000000
  -5.49483    6.493857    4.844966    1.648891    0.000000    0.000000    0.000000    0.000000    0.000000    0.000000    0.000000    0.000000
  -5.49316    6.493908    4.847865    1.646043    0.000000    0.000000    0.000000    0.000000    0.000000    0.000000    0.000000    0.000000
  -5.49150    6.493953    4.850757    1.643196    0.000000    0.000000    0.000000    0.000000    0.000000    0.000000    0.000000    0.000000
  -5.48983    6.493992    4.853642    1.640350    0.000000    0.000000    0.000000    0.000000    0.000000    0.000000    0.000000    0.000000
  -5.48816    6.494025    4.856520    1.637505    0.000000    0.000000    0.000000    0.000000    0.000000    0.000000    0.000000    0.000000
  -5.48650    6.494052    4.859391    1.634661    0.000000    0.000000    0.000000    0.000000    0.000000    0.000000    0.000000    0.000000
  -5.48483    6.494072    4.862255    1.631818    0.000000    0.000000    0.000000    0.000000    0.000000    0.000000    0.000000    0.000000
  -5.48316    6.494087    4.865111    1.628975    0.000000    0.000000    0.000000    0.000000    0.000000    0.000000    0.000000    0.000000
  -5.48149    6.494095    4.867961    1.626134    0.000000    0.000000    0.000000    0.000000    0.000000    0.000000    0.000000    0.000000
  -5.47983    6.494097    4.870803    1.623294    0.000000    0.000000    0.000000    0.000000    0.000000    0.000000    0.000000    0.000000
  -5.47816    6.494093    4.873639    1.620454    0.000000    0.000000    0.000000    0.000000    0.000000    0.000000    0.000000    0.000000
  -5.47649    6.494082    4.876467    1.617616    0.000000    0.000000    0.000000    0.000000    0.000000    0.000000    0.000000    0.000000
  -5.47482    6.494066    4.879287    1.614778    0.000000    0.000000    0.000000    0.000000    0.000000    0.000000    0.000000    0.000000
  -5.47316    6.494043    4.882101    1.611942    0.000000    0.000000    0.000000    0.000000    0.000000    0.000000    0.000000    0.000000
  -5.47149    6.494014    4.884907    1.609107    0.000000    0.000000    0.000000    0.000000    0.000000    0.000000    0.000000    0.000000
  -5.46982    6.493978    4.887706    1.606273    0.000000    0.000000    0.000000    0.000000    0.000000    0.000000    0.000000    0.000000
  -5.46816    6.493936    4.890497    1.603440    0.000000    0.000000    0.000000    0.000000    0.000000    0.000000    0.000000    0.000000
  -5.46649    6.493888    4.893281    1.600608    0.000000    0.000000    0.000000    0.000000    0.000000    0.000000    0.000000    0.000000
  -5.46482    6.493834    4.896057    1.597777    0.000000    0.000000    0.000000    0.000000    0.000000    0.000000    0.000000    0.000000
  -5.46315    6.493773    4.898826    1.594947    0.000000    0.000000    0.000000    0.000000    0.000000    0.000000    0.000000    0.000000
  -5.46149    6.493706    4.901587    1.592119    0.000000    0.000000    0.000000    0.000000    0.000000    0.000000    0.000000    0.000000
  -5.45982    6.493633    4.904341    1.589292    0.000000    0.000000    0.000000    0.000000    0.000000    0.000000    0.000000    0.000000
  -5.45815    6.493553    4.907087    1.586466    0.000000    0.000000    0.000000    0.000000    0.000000    0.000000    0.000000    0.000000
  -5.45649    6.493467    4.909826    1.583641    0.000000    0.000000    0.000000    0.000000    0.000000    0.000000    0.000000    0.000000
  -5.45482    6.493375    4.912557    1.580818    0.000000    0.000000    0.000000    0.000000    0.000000    0.000000    0.000000    0.000000
  -5.45315    6.493276    4.915280    1.577995    0.000000    0.000000    0.000000    0.000000    0.000000    0.000000    0.000000    0.000000
  -5.45148    6.493170    4.917996    1.575174    0.000000    0.000000    0.000000    0.000000    0.000000    0.000000    0.000000    0.000000
  -5.44982    6.493058    4.920704    1.572355    0.000000    0.000000    0.000000    0.000000    0.000000    0.000000    0.000000    0.000000
  -5.44815    6.492940    4.923404    1.569537    0.000000    0.000000    0.000000    0.000000    0.000000    0.000000    0.000000    0.000000
  -5.44648    6.492815    4.926096    1.566720    0.000000    0.000000    0.000000    0.000000    0.000000    0.000000    0.000000    0.000000
  -5.44481    6.492684    4.928780    1.563904    0.000000    0.000000    0.000000    0.000000    0.000000    0.000000    0.000000    0.000000
  -5.44315    6.492546    4.931456    1.561090    0.000000    0.000000    0.000000    0.000000    0.000000    0.000000    0.000000    0.000000
  -5.44148    6.492402    4.934125    1.558277    0.000000    0.000000    0.000000    0.000000    0.000000    0.000000    0.000000    0.000000
  -5.43981    6.492251    4.936786    1.555466    0.000000    0.000000    0.000000    0.000000    0.000000    0.000000    0.000000    0.000000
  -5.43815    6.492094    4.939438    1.552656    0.000000    0.000000    0.000000    0.000000    0.000000    0.000000    0.000000    0.000000
  -5.43648    6.491930    4.942083    1.549848    0.000000    0.000000    0.000000    0.000000    0.000000    0.000000    0.000000    0.000000
  -5.43481    6.491760    4.944719    1.547041    0.000000    0.000000    0.000000    0.000000    0.000000    0.000000    0.000000    0.000000
  -5.43314    6.491583    4.947348    1.544235    0.000000    0.000000    0.000000    0.000000    0.000000    0.000000    0.000000    0.000000
  -5.43148    6.491399    4.949968    1.541431    0.000000    0.000000    0.000000    0.000000    0.000000    0.000000    0.000000    0.000000
  -5.42981    6.491209    4.952580    1.538629    0.000000    0.000000    0.000000    0.000000    0.000000    0.000000    0.000000    0.000000
  -5.42814    6.491012    4.955184    1.535828    0.000000    0.000000    0.000000    0.000000    0.000000    0.000000    0.000000    0.000000
  -5.42648    6.490809    4.957780    1.533029    0.000000    0.000000    0.000000    0.000000    0.000000    0.000000    0.000000    0.000000
  -5.42481    6.490599    4.960368    1.530231    0.000000    0.000000    0.000000    0.000000    0.000000    0.000000    0.000000    0.000000
  -5.42314    6.490382    4.962947    1.527435    0.000000    0.000000    0.000000    0.000000    0.000000    0.000000    0.000000    0.000000
  -5.42147    6.490158    4.965518    1.524640    0.000000    0.000000    0.000000    0.000000    0.000000    0.000000    0.000000    0.000000
  -5.41981    6.489928    4.968081    1.521847    0.000000    0.000000    0.000000    0.000000    0.000000    0.000000    0.000000    0.000000
  -5.41814    6.489691    4.970635    1.519056    0.000000    0.000000    0.000000    0.000000    0.000000    0.000000    0.000000    0.000000
  -5.41647    6.489448    4.973181    1.516267    0.000000    0.000000    0.000000    0.000000    0.000000    0.000000    0.000000    0.000000
  -5.41480    6.489197    4.975719    1.513479    0.000000    0.000000    0.000000    0.000000    0.000000    0.000000    0.000000    0.000000
  -5.41314    6.488940    4.978248    1.510692    0.000000    0.000000    0.000000    0.000000    0.000000    0.000000    0.000000    0.000000
  -5.41147    6.488676    4.980768    1.507908    0.000000    0.000000    0.000000    0.000000    0.000000    0.000000    0.000000    0.000000
  -5.40980    6.488405    4.983280    1.505125    0.000000    0.000000    0.000000    0.000000    0.000000    0.000000    0.000000    0.000000
  -5.40814    6.488128    4.985784    1.502344    0.000000    0.000000    0.000000    0.000000    0.000000    0.000000    0.000000    0.000000
  -5.40647    6.487843    4.988279    1.499565    0.000000    0.000000    0.000000    0.000000    0.000000    0.000000    0.000000    0.000000
  -5.40480    6.487552    4.990765    1.496787    0.000000    0.000000    0.000000    0.000000    0.000000    0.000000    0.000000    0.000000
  -5.40313    6.487254    4.993243    1.494011    0.000000    0.000000    0.000000    0.000000    0.000000    0.000000    0.000000    0.000000
  -5.40147    6.486949    4.995712    1.491238    0.000000    0.000000    0.000000    0.000000    0.000000    0.000000    0.000000    0.000000
  -5.39980    6.486637    4.998172    1.488465    0.000000    0.000000    0.000000    0.000000    0.000000    0.000000    0.000000    0.000000
  -5.39813    6.486319    5.000624    1.485695    0.000000    0.000000    0.000000    0.000000    0.000000    0.000000    0.000000    0.000000
  -5.39647    6.485993    5.003066    1.482927    0.000000    0.000000    0.000000    0.000000    0.000000    0.000000    0.000000    0.000000
  -5.39480    6.485661    5.005500    1.480160    0.000000    0.000000    0.000000    0.000000    0.000000    0.000000    0.000000    0.000000
  -5.39313    6.485321    5.007926    1.477396    0.000000    0.000000    0.000000    0.000000    0.000000    0.000000    0.000000    0.000000
  -5.39146    6.484975    5.010342    1.474633    0.000000    0.000000    0.000000    0.000000    0.000000    0.000000    0.000000    0.000000
  -5.38980    6.484621    5.012749    1.471872    0.000000    0.000000    0.000000    0.000000    0.000000    0.000000    0.000000    0.000000
  -5.38813    6.484261    5.015148    1.469113    0.000000    0.000000    0.000000    0.000000    0.000000    0.000000    0.000000    0.000000
  -5.38646    6.483893    5.017537    1.466356    0.000000    0.000000    0.000000    0.000000    0.000000    0.000000    0.000000    0.000000
  -5.38479    6.483519    5.019918    1.463601    0.000000    0.000000    0.000000    0.000000    0.000000    0.000000    0.000000    0.000000
  -5.38313    6.483137    5.022289    1.460848    0.000000    0.000000    0.000000    0.000000    0.000000    0.000000    0.000000    0.000000
  -5.38146    6.482748    5.024652    1.458097    0.000000    0.000000    0.000000    0.000000    0.000000    0.000000    0.000000    0.000000
  -5.37979    6.482353    5.027005    1.455348    0.000000    0.000000    0.000000    0.000000    0.000000    0.000000    0.000000    0.000000
  -5.37813    6.481950    5.029349    1.452601    0.000000    0.000000    0.000000    0.000000    0.000000    0.000000    0.000000    0.000000
  -5.37646    6.481540    5.031685    1.449855    0.000000    0.000000    0.000000    0.000000    0.000000    0.000000    0.000000    0.000000
  -5.37479    6.481123    5.034011    1.447112    0.000000    0.000000    0.000000    0.000000    0.000000    0.000000    0.000000    0.000000
  -5.37312    6.480699    5.036327    1.444372    0.000000    0.000000    0.000000    0.000000    0.000000    0.000000    0.000000    0.000000
  -5.37146    6.480267    5.038635    1.441633    0.000000    0.000000    0.000000    0.000000    0.000000    0.000000    0.000000    0.000000
  -5.36979    6.479829    5.040933    1.438896    0.000000    0.000000    0.000000    0.000000    0.000000    0.000000    0.000000    0.000000
  -5.36812    6.479383    5.043222    1.436161    0.000000    0.000000    0.000000    0.000000    0.000000    0.000000    0.000000    0.000000
  -5.36646    6.478930    5.045502    1.433429    0.000000    0.000000    0.000000    0.000000    0.000000    0.000000    0.000000    0.000000
  -5.36479    6.478470    5.047772    1.430698    0.000000    0.000000    0.000000    0.000000    0.000000    0.000000    0.000000    0.000000
  -5.36312    6.478003    5.050033    1.427970    0.000000    0.000000    0.000000    0.000000    0.000000    0.000000    0.000000    0.000000
  -5.36145    6.477528    5.052284    1.425244    0.000000    0.000000    0.000000    0.000000    0.000000    0.000000    0.000000    0.000000
  -5.35979    6.477046    5.054526    1.422520    0.000000    0.000000    0.000000    0.000000    0.000000    0.000000    0.000000    0.000000
  -5.35812    6.476557    5.056759    1.419798    0.000000    0.000000    0.000000    0.000000    0.000000    0.000000    0.000000    0.000000
  -5.35645    6.476060    5.058982    1.417078    0.000000    0.000000    0.000000    0.000000    0.000000    0.000000    0.000000    0.000000
  -5.35478    6.475556    5.061196    1.414361    0.000000    0.000000    0.000000    0.000000    0.000000    0.000000    0.000000    0.000000
  -5.35312    6.475045    5.063400    1.411646    0.000000    0.000000    0.000000    0.000000    0.000000    0.000000    0.000000    0.000000
  -5.35145    6.474527    5.065594    1.408933    0.000000    0.000000    0.000000    0.000000    0.000000    0.000000    0.000000    0.000000
  -5.34978    6.474001    5.067779    1.406222    0.000000    0.000000    0.000000    0.000000    0.000000    0.000000    0.000000    0.000000
  -5.34812    6.473467    5.069954    1.403513    0.000000    0.000000    0.000000    0.000000    0.000000    0.000000    0.000000    0.000000
  -5.34645    6.472926    5.072119    1.400807    0.000000    0.000000    0.000000    0.000000    0.000000    0.000000    0.000000    0.000000
  -5.34478    6.472378    5.074275    1.398103    0.000000    0.000000    0.000000    0.000000    0.000000    0.000000    0.000000    0.000000
  -5.34311    6.471822    5.076421    1.395402    0.000000    0.000000    0.000000    0.000000    0.000000    0.000000    0.000000    0.000000
  -5.34145    6.471259    5.078557    1.392702    0.000000    0.000000    0.000000    0.000000    0.000000    0.000000    0.000000    0.000000
  -5.33978    6.470689    5.080683    1.390006    0.000000    0.000000    0.000000    0.000000    0.000000    0.000000    0.000000    0.000000
  -5.33811    6.470111    5.082800    1.387311    0.000000    0.000000    0.000000    0.000000    0.000000    0.000000    0.000000    0.000000
  -5.33645    6.469525    5.084906    1.384619    0.000000    0.000000    0.000000    0.000000    0.000000    0.000000    0.000000    0.000000
  -5.33478    6.468932    5.087003    1.381929    0.000000    0.000000    0.000000    0.000000    0.000000    0.000000    0.000000    0.000000
  -5.33311    6.468331    5.089090    1.379241    0.000000    0.000000    0.000000    0.000000    0.000000    0.000000    0.000000    0.000000
  -5.33144    6.467723    5.091167    1.376556    0.000000    0.000000    0.000000    0.000000    0.000000    0.000000    0.000000    0.000000
  -5.32978    6.467107    5.093233    1.373873    0.000000    0.000000    0.000000    0.000000    0.000000    0.000000    0.000000    0.000000
  -5.32811    6.466483    5.095290    1.371193    0.000000    0.000000    0.000000    0.000000    0.000000    0.000000    0.000000    0.000000
  -5.32644    6.465852    5.097337    1.368515    0.000000    0.000000    0.000000    0.000000    0.000000    0.000000    0.000000    0.000000
  -5.32477    6.465213    5.099374    1.365839    0.000000    0.000000    0.000000    0.000000    0.000000    0.000000    0.000000    0.000000
  -5.32311    6.464567    5.101400    1.363166    0.000000    0.000000    0.000000    0.000000    0.000000    0.000000    0.000000    0.000000
  -5.32144    6.463912    5.103417    1.360496    0.000000    0.000000    0.000000    0.000000    0.000000    0.000000    0.000000    0.000000
  -5.31977    6.463251    5.105423    1.357827    0.000000    0.000000    0.000000    0.000000    0.000000    0.000000    0.000000    0.000000
  -5.31811    6.462581    5.107419    1.355162    0.000000    0.000000    0.000000    0.000000    0.000000    0.000000    0.000000    0.000000
  -5.31644    6.461904    5.109405    1.352499    0.000000    0.000000    0.000000    0.000000    0.000000    0.000000    0.000000    0.000000
  -5.31477    6.461219    5.111381    1.349838    0.000000    0.000000    0.000000    0.000000    0.000000    0.000000    0.000000    0.000000
  -5.31310    6.460526    5.113346    1.347180    0.000000    0.000000    0.000000    0.000000    0.000000    0.000000    0.000000    0.000000
  -5.31144    6.459825    5.115301    1.344524    0.000000    0.000000    0.000000    0.000000    0.000000    0.000000    0.000000    0.000000
  -5.30977    6.459117    5.117246    1.341871    0.000000    0.000000    0.000000    0.000000    0.000000    0.000000    0.000000    0.000000
  -5.30810    6.458400    5.119180    1.339220    0.000000    0.000000    0.000000    0.000000    0.000000    0.000000    0.000000    0.000000
  -5.30644    6.457676    5.121104    1.336572    0.000000    0.000000    0.000000    0.000000    0.000000    0.000000    0.000000    0.000000
  -5.30477    6.456944    5.123017    1.333927    0.000000    0.000000    0.000000    0.000000    0.000000    0.000000    0.000000    0.000000
  -5.30310    6.456204    5.124920    1.331284    0.000000    0.000000    0.000000    0.000000    0.000000    0.000000    0.000000    0.000000
  -5.30143    6.455457    5.126813    1.328644    0.000000    0.000000    0.000000    0.000000    0.000000    0.000000    0.000000    0.000000
  -5.29977    6.454701    5.128695    1.326006    0.000000    0.000000    0.000000    0.000000    0.000000    0.000000    0.000000    0.000000
  -5.29810    6.453937    5.130567    1.323371    0.000000    0.000000    0.000000    0.000000    0.000000    0.000000    0.000000    0.000000
  -5.29643    6.453166    5.132427    1.320738    0.000000    0.000000    0.000000    0.000000    0.000000    0.000000    0.000000    0.000000
  -5.29476    6.452386    5.134278    1.318108    0.000000    0.000000    0.000000    0.000000    0.000000    0.000000    0.000000    0.000000
  -5.29310    6.451599    5.136117    1.315481    0.000000    0.000000    0.000000    0.000000    0.000000    0.000000    0.000000    0.000000
  -5.29143    6.450803    5.137946    1.312857    0.000000    0.000000    0.000000    0.000000    0.000000    0.000000    0.000000    0.000000
  -5.28976    6.449999    5.139765    1.310235    0.000000    0.000000    0.000000    0.000000    0.000000    0.000000    0.000000    0.000000
  -5.28810    6.449188    5.141572    1.307615    0.000000    0.000000    0.000000    0.000000    0.000000    0.000000    0.000000    0.000000
  -5.28643    6.448368    5.143369    1.304999    0.000000    0.000000    0.000000    0.000000    0.000000    0.000000    0.000000    0.000000
  -5.28476    6.447540    5.145155    1.302385    0.000000    0.000000    0.000000    0.000000    0.000000    0.000000    0.000000    0.000000
  -5.28309    6.446704    5.146931    1.299774    0.000000    0.000000    0.000000    0.000000    0.000000    0.000000    0.000000    0.000000
  -5.28143    6.445860    5.148695    1.297165    0.000000    0.000000    0.000000    0.000000    0.000000    0.000000    0.000000    0.000000
  -5.27976    6.445008    5.150449    1.294559    0.000000    0.000000    0.000000    0.000000    0.000000    0.000000    0.000000    0.000000
  -5.27809    6.444148    5.152191    1.291956    0.000000    0.000000    0.000000    0.000000    0.000000    0.000000    0.000000    0.000000
  -5.27643    6.443279    5.153923    1.289356    0.000000    0.000000    0.000000    0.000000    0.000000    0.000000    0.000000    0.000000
  -5.27476    6.442402    5.155644    1.286758    0.000000    0.000000    0.000000    0.000000    0.000000    0.000000    0.000000    0.000000
  -5.27309    6.441517    5.157354    1.284164    0.000000    0.000000    0.000000    0.000000    0.000000    0.000000    0.000000    0.000000
  -5.27142    6.440624    5.159053    1.281572    0.000000    0.000000    0.000000    0.000000    0.000000    0.000000    0.000000    0.000000
  -5.26976    6.439723    5.160740    1.278982    0.000000    0.000000    0.000000    0.000000    0.000000    0.000000    0.000000    0.000000
  -5.26809    6.438813    5.162417    1.276396    0.000000    0.000000    0.000000    0.000000    0.000000    0.000000    0.000000    0.000000
  -5.26642    6.437895    5.164083    1.273812    0.000000    0.000000    0.000000    0.000000    0.000000    0.000000    0.000000    0.000000
  -5.26475    6.436969    5.165737    1.271231    0.000000    0.000000    0.000000    0.000000    0.000000    0.000000    0.000000    0.000000
  -5.26309    6.436034    5.167381    1.268653    0.000000    0.000000    0.000000    0.000000    0.000000    0.000000    0.000000    0.000000
  -5.26142    6.435091    5.169013    1.266078    0.000000    0.000000    0.000000    0.000000    0.000000    0.000000    0.000000    0.000000
  -5.25975    6.434140    5.170634    1.263505    0.000000    0.000000    0.000000    0.000000    0.000000    0.000000    0.000000    0.000000
  -5.25809    6.433180    5.172244    1.260936    0.000000    0.000000    0.000000    0.000000    0.000000    0.000000    0.000000    0.000000
  -5.25642    6.432212    5.173843    1.258369    0.000000    0.000000    0.000000    0.000000    0.000000    0.000000    0.000000    0.000000
  -5.25475    6.431235    5.175430    1.255805    0.000000    0.000000    0.000000    0.000000    0.000000    0.000000    0.000000    0.000000
  -5.25308    6.430250    5.177006    1.253244    0.000000    0.000000    0.000000    0.000000    0.000000    0.000000    0.000000    0.000000
  -5.25142    6.429256    5.178571    1.250686    0.000000    0.000000    0.000000    0.000000    0.000000    0.000000    0.000000    0.000000
  -5.24975    6.428254    5.180124    1.248130    0.000000    0.000000    0.000000    0.000000    0.000000    0.000000    0.000000    0.000000
  -5.24808    6.427244    5.181666    1.245578    0.000000    0.000000    0.000000    0.000000    0.000000    0.000000    0.000000    0.000000
  -5.24642    6.426224    5.183196    1.243028    0.000000    0.000000    0.000000    0.000000    0.000000    0.000000    0.000000    0.000000
  -5.24475    6.425197    5.184715    1.240481    0.000000    0.000000    0.000000    0.000000    0.000000    0.000000    0.000000    0.000000
  -5.24308    6.424161    5.186223    1.237938    0.000000    0.000000    0.000000    0.000000    0.000000    0.000000    0.000000    0.000000
  -5.24141    6.423116    5.187719    1.235397    0.000000    0.000000    0.000000    0.000000    0.000000    0.000000    0.000000    0.000000
  -5.23975    6.422062    5.189204    1.232859    0.000000    0.000000    0.000000    0.000000    0.000000    0.000000    0.000000    0.000000
  -5.23808    6.421000    5.190677    1.230324    0.000000    0.000000    0.000000    0.000000    0.000000    0.000000    0.000000    0.000000
  -5.23641    6.419930    5.192138    1.227792    0.000000    0.000000    0.000000    0.000000    0.000000    0.000000    0.000000    0.000000
  -5.23474    6.418850    5.193588    1.225263    0.000000    0.000000    0.000000    0.000000    0.000000    0.000000    0.000000    0.000000
  -5.23308    6.417762    5.195026    1.222736    0.000000    0.000000    0.000000    0.000000    0.000000    0.000000    0.000000    0.000000
  -5.23141    6.416666    5.196452    1.220213    0.000000    0.000000    0.000000    0.000000    0.000000    0.000000    0.000000    0.000000
  -5.22974    6.415560    5.197867    1.217693    0.000000    0.000000    0.000000    0.000000    0.000000    0.000000    0.000000    0.000000
  -5.22808    6.414446    5.199270    1.215176    0.000000    0.000000    0.000000    0.000000    0.000000    0.000000    0.000000    0.000000
  -5.22641    6.413323    5.200662    1.212661    0.000000    0.000000    0.000000    0.000000    0.000000    0.000000    0.000000    0.000000
  -5.22474    6.412191    5.202041    1.210150    0.000000    0.000000    0.000000    0.000000    0.000000    0.000000    0.000000    0.000000
  -5.22307    6.411051    5.203409    1.207641    0.000000    0.000000    0.000000    0.000000    0.000000    0.000000    0.000000    0.000000
  -5.22141    6.409901    5.204765    1.205136    0.000000    0.000000    0.000000    0.000000    0.000000    0.000000    0.000000    0.000000
  -5.21974    6.408743    5.206109    1.202634    0.000000    0.000000    0.000000    0.000000    0.000000    0.000000    0.000000    0.000000
  -5.21807    6.407576    5.207441    1.200134    0.000000    0.000000    0.000000    0.000000    0.000000    0.000000    0.000000    0.000000
  -5.21641    6.406400    5.208762    1.197638    0.000000    0.000000    0.000000    0.000000    0.000000    0.000000    0.000000    0.000000
  -5.21474    6.405215    5.210070    1.195145    0.000000    0.000000    0.000000    0.000000    0.000000    0.000000    0.000000    0.000000
  -5.21307    6.404021    5.211367    1.192655    0.000000    0.000000    0.000000    0.000000    0.000000    0.000000    0.000000    0.000000
  -5.21140    6.402819    5.212651    1.190167    0.000000    0.000000    0.000000    0.000000    0.000000    0.000000    0.000000    0.000000
  -5.20974    6.401607    5.213924    1.187683    0.000000    0.000000    0.000000    0.000000    0.000000    0.000000    0.000000    0.000000
  -5.20807    6.400386    5.215184    1.185202    0.000000    0.000000    0.000000    0.000000    0.000000    0.000000    0.000000    0.000000
  -5.20640    6.399157    5.216433    1.182724    0.000000    0.000000    0.000000    0.000000    0.000000    0.000000    0.000000    0.000000
  -5.20473    6.397918    5.217669    1.180249    0.000000    0.000000    0.000000    0.000000    0.000000    0.000000    0.000000    0.000000
  -5.20307    6.396670    5.218893    1.177777    0.000000    0.000000    0.000000    0.000000    0.000000    0.000000    0.000000    0.000000
  -5.20140    6.395413    5.220105    1.175308    0.000000    0.000000    0.000000    0.000000    0.000000    0.000000    0.000000    0.000000
  -5.19973    6.394147    5.221305    1.172842    0.000000    0.000000    0.000000    0.000000    0.000000    0.000000    0.000000    0.000000
  -5.19807    6.392872    5.222493    1.170380    0.000000    0.000000    0.000000    0.000000    0.000000    0.000000    0.000000    0.000000
  -5.19640    6.391588    5.223668    1.167920    0.000000    0.000000    0.000000    0.000000    0.000000    0.000000    0.000000    0.000000
  -5.19473    6.390295    5.224831    1.165464    0.000000    0.000000    0.000000    0.000000    0.000000    0.000000    0.000000    0.000000
  -5.19306    6.388993    5.225982    1.163010    0.000000    0.000000    0.000000    0.000000    0.000000    0.000000    0.000000    0.000000
  -5.19140    6.387681    5.227121    1.160560    0.000000    0.000000    0.000000    0.000000    0.000000    0.000000    0.000000    0.000000
  -5.18973    6.386360    5.228247    1.158113    0.000000    0.000000    0.000000    0.000000    0.000000    0.000000    0.000000    0.000000
  -5.18806    6.385030    5.229361    1.155669    0.000000    0.000000    0.000000    0.000000    0.000000    0.000000    0.000000    0.000000
  -5.18640    6.383691    5.230463    1.153228    0.000000    0.000000    0.000000    0.000000    0.000000    0.000000    0.000000    0.000000
  -5.18473    6.382342    5.231552    1.150790    0.000000    0.000000    0.000000    0.000000    0.000000    0.000000    0.000000    0.000000
  -5.18306    6.380985    5.232629    1.148355    0.000000    0.000000    0.000000    0.000000    0.000000    0.000000    0.000000    0.000000
  -5.18139    6.379617    5.233694    1.145924    0.000000    0.000000    0.000000    0.000000    0.000000    0.000000    0.000000    0.000000
  -5.17973    6.378241    5.234746    1.143495    0.000000    0.000000    0.000000    0.000000    0.000000    0.000000    0.000000    0.000000
  -5.17806    6.376855    5.235785    1.141070    0.000000    0.000000    0.000000    0.000000    0.000000    0.000000    0.000000    0.000000
  -5.17639    6.375460    5.236812    1.138648    0.000000    0.000000    0.000000    0.000000    0.000000    0.000000    0.000000    0.000000
  -5.17472    6.374056    5.237826    1.136229    0.000000    0.000000    0.000000    0.000000    0.000000    0.000000    0.000000    0.000000
  -5.17306    6.372642    5.238828    1.133813    0.000000    0.000000    0.000000    0.000000    0.000000    0.000000    0.000000    0.000000
  -5.17139    6.371218    5.239818    1.131401    0.000000    0.000000    0.000000    0.000000    0.000000    0.000000    0.000000    0.000000
  -5.16972    6.369786    5.240794    1.128991    0.000000    0.000000    0.000000    0.000000    0.000000    0.000000    0.000000    0.000000
  -5.16806    6.368343    5.241758    1.126585    0.000000    0.000000    0.000000    0.000000    0.000000    0.000000    0.000000    0.000000
  -5.16639    6.366892    5.242710    1.124182    0.000000    0.000000    0.000000    0.000000    0.000000    0.000000    0.000000    0.000000
  -5.16472    6.365430    5.243648    1.121782    0.000000    0.000000    0.000000    0.000000    0.000000    0.000000    0.000000    0.000000
  -5.16305    6.363960    5.244574    1.119386    0.000000    0.000000    0.000000    0.000000    0.000000    0.000000    0.000000    0.000000
  -5.16139    6.362479    5.245487    1.116992    0.000000    0.000000    0.000000    0.000000    0.000000    0.000000    0.000000    0.000000
  -5.15972    6.360990    5.246388    1.114602    0.000000    0.000000    0.000000    0.000000    0.000000    0.000000    0.000000    0.000000
  -5.15805    6.359490    5.247275    1.112215    0.000000    0.000000    0.000000    0.000000    0.000000    0.000000    0.000000    0.000000
  -5.15639    6.357981    5.248150    1.109831    0.000000    0.000000    0.000000    0.000000    0.000000    0.000000    0.000000    0.000000
  -5.15472    6.356463    5.249012    1.107450    0.000000    0.000000    0.000000    0.000000    0.000000    0.000000    0.000000    0.000000
  -5.15305    6.354934    5.249861    1.105073    0.000000    0.000000    0.000000    0.000000    0.000000    0.000000    0.000000    0.000000
  -5.15138    6.353396    5.250698    1.102699    0.000000    0.000000    0.000000    0.000000    0.000000    0.000000    0.000000    0.000000
  -5.14972    6.351849    5.251521    1.100328    0.000000    0.000000    0.000000    0.000000    0.000000    0.000000    0.000000    0.000000
  -5.14805    6.350291    5.252331    1.097960    0.000000    0.000000    0.000000    0.000000    0.000000    0.000000    0.000000    0.000000
  -5.14638    6.348724    5.253129    1.095596    0.000000    0.000000    0.000000    0.000000    0.000000    0.000000    0.000000    0.000000
  -5.14471    6.347148    5.253913    1.093234    0.000000    0.000000    0.000000    0.000000    0.000000    0.000000    0.000000    0.000000
  -5.14305    6.345561    5.254685    1.090876    0.000000    0.000000    0.000000    0.000000    0.000000    0.000000    0.000000    0.000000
  -5.14138    6.343965    5.255443    1.088521    0.000000    0.000000    0.000000    0.000000    0.000000    0.000000    0.000000    0.000000
  -5.13971    6.342359    5.256189    1.086170    0.000000    0.000000    0.000000    0.000000    0.000000    0.000000    0.000000    0.000000
  -5.13805    6.340743    5.256921    1.083822    0.000000    0.000000    0.000000    0.000000    0.000000    0.000000    0.000000    0.000000
  -5.13638    6.339117    5.257640    1.081477    0.000000    0.000000    0.000000    0.000000    0.000000    0.000000    0.000000    0.000000
  -5.13471    6.337481    5.258346    1.079135    0.000000    0.000000    0.000000    0.000000    0.000000    0.000000    0.000000    0.000000
  -5.13304    6.335836    5.259039    1.076796    0.000000    0.000000    0.000000    0.000000    0.000000    0.000000    0.000000    0.000000
  -5.13138    6.334180    5.259719    1.074461    0.000000    0.000000    0.000000    0.000000    0.000000    0.000000    0.000000    0.000000
  -5.12971    6.332515    5.260386    1.072129    0.000000    0.000000    0.000000    0.000000    0.000000    0.000000    0.000000    0.000000
  -5.12804    6.330840    5.261039    1.069800    0.000000    0.000000    0.000000    0.000000    0.000000    0.000000    0.000000    0.000000
  -5.12638    6.329154    5.261680    1.067475    0.000000    0.000000    0.000000    0.000000    0.000000    0.000000    0.000000    0.000000
  -5.12471    6.327459    5.262306    1.065153    0.000000    0.000000    0.000000    0.000000    0.000000    0.000000    0.000000    0.000000
  -5.12304    6.325754    5.262920    1.062834    0.000000    0.000000    0.000000    0.000000    0.000000    0.000000    0.000000    0.000000
  -5.12137    6.324039    5.263521    1.060518    0.000000    0.000000    0.000000    0.000000    0.000000    0.000000    0.000000    0.000000
  -5.11971    6.322313    5.264108    1.058206    0.000000    0.000000    0.000000    0.000000    0.000000    0.000000    0.000000    0.000000
  -5.11804    6.320578    5.264681    1.055897    0.000000    0.000000    0.000000    0.000000    0.000000    0.000000    0.000000    0.000000
  -5.11637    6.318833    5.265242    1.053591    0.000000    0.000000    0.000000    0.000000    0.000000    0.000000    0.000000    0.000000
  -5.11470    6.317077    5.265789    1.051289    0.000000    0.000000    0.000000    0.000000    0.000000    0.000000    0.000000    0.000000
  -5.11304    6.315312    5.266322    1.048989    0.000000    0.000000    0.000000    0.000000    0.000000    0.000000    0.000000    0.000000
  -5.11137    6.313536    5.266842    1.046693    0.000000    0.000000    0.000000    0.000000    0.000000    0.000000    0.000000    0.000000
  -5.10970    6.311750    5.267349    1.044401    0.000000    0.000000    0.000000    0.000000    0.000000    0.000000    0.000000    0.000000
  -5.10804    6.309954    5.267842    1.042112    0.000000    0.000000    0.000000    0.000000    0.000000    0.000000    0.000000    0.000000
  -5.10637    6.308148    5.268322    1.039826    0.000000    0.000000    0.000000    0.000000    0.000000    0.000000    0.000000    0.000000
  -5.10470    6.306331    5.268788    1.037543    0.000000    0.000000    0.000000    0.000000    0.000000    0.000000    0.000000    0.000000
  -5.10303    6.304504    5.269241    1.035264    0.000000    0.000000    0.000000    0.000000    0.000000    0.000000    0.000000    0.000000
  -5.10137    6.302667    5.269680    1.032988    0.000000    0.000000    0.000000    0.000000    0.000000    0.000000    0.000000    0.000000
  -5.09970    6.300820    5.270105    1.030715    0.000000    0.000000    0.000000    0.000000    0.000000    0.000000    0.000000    0.000000
  -5.09803    6.298963    5.270517    1.028445    0.000000    0.000000    0.000000    0.000000    0.000000    0.000000    0.000000    0.000000
  -5.09637    6.297095    5.270915    1.026179    0.000000    0.000000    0.000000    0.000000    0.000000    0.000000    0.000000    0.000000
  -5.09470    6.295217    5.271300    1.023917    0.000000    0.000000    0.000000    0.000000    0.000000    0.000000    0.000000    0.000000
  -5.09303    6.293328    5.271671    1.021657    0.000000    0.000000    0.000000    0.000000    0.000000    0.000000    0.000000    0.000000
  -5.09136    6.291429    5.272028    1.019401    0.000000    0.000000    0.000000    0.000000    0.000000    0.000000    0.000000    0.000000
  -5.08970    6.289520    5.272372    1.017148    0.000000    0.000000    0.000000    0.000000    0.000000    0.000000    0.000000    0.000000
  -5.08803    6.287600    5.272701    1.014899    0.000000    0.000000    0.000000    0.000000    0.000000    0.000000    0.000000    0.000000
  -5.08636    6.285670    5.273018    1.012652    0.000000    0.000000    0.000000    0.000000    0.000000    0.000000    0.000000    0.000000
  -5.08469    6.283729    5.273320    1.010410    0.000000    0.000000    0.000000    0.000000    0.000000    0.000000    0.000000    0.000000
  -5.08303    6.281778    5.273608    1.008170    0.000000    0.000000    0.000000    0.000000    0.000000    0.000000    0.000000    0.000000
  -5.08136    6.279817    5.273883    1.005934    0.000000    0.000000    0.000000    0.000000    0.000000    0.000000    0.000000    0.000000
  -5.07969    6.277845    5.274144    1.003701    0.000000    0.000000    0.000000    0.000000    0.000000    0.000000    0.000000    0.000000
  -5.07803    6.275862    5.274391    1.001472    0.000000    0.000000    0.000000    0.000000    0.000000    0.000000    0.000000    0.000000
  -5.07636    6.273869    5.274624    0.999245    0.000000    0.000000    0.000000    0.000000    0.000000    0.000000    0.000000    0.000000
  -5.07469    6.271866    5.274843    0.997023    0.000000    0.000000    0.000000    0.000000    0.000000    0.000000    0.000000    0.000000
  -5.07302    6.269852    5.275048    0.994803    0.000000    0.000000    0.000000    0.000000    0.000000    0.000000    0.000000    0.000000
  -5.07136    6.267827    5.275240    0.992587    0.000000    0.000000    0.000000    0.000000    0.000000    0.000000    0.000000    0.000000
  -5.06969    6.265791    5.275417    0.990374    0.000000    0.000000    0.000000    0.000000    0.000000    0.000000    0.000000    0.000000
  -5.06802    6.263745    5.275581    0.988165    0.000000    0.000000    0.000000    0.000000    0.000000    0.000000    0.000000    0.000000
  -5.06636    6.261689    5.275730    0.985959    0.000000    0.000000    0.000000    0.000000    0.000000    0.000000    0.000000    0.000000
  -5.06469    6.259621    5.275865    0.983756    0.000000    0.000000    0.000000    0.000000    0.000000    0.000000    0.000000    0.000000
  -5.06302    6.257543    5.275987    0.981556    0.000000    0.000000    0.000000    0.000000    0.000000    0.000000    0.000000    0.000000
  -5.06135    6.255454    5.276094    0.979360    0.000000    0.000000    0.000000    0.000000    0.000000    0.000000    0.000000    0.000000
  -5.05969    6.253355    5.276187    0.977167    0.000000    0.000000    0.000000    0.000000    0.000000    0.000000    0.000000    0.000000
  -5.05802    6.251245    5.276267    0.974978    0.000000    0.000000    0.000000    0.000000    0.000000    0.000000    0.000000    0.000000
  -5.05635    6.249124    5.276332    0.972792    0.000000    0.000000    0.000000    0.000000    0.000000    0.000000    0.000000    0.000000
  -5.05468    6.246992    5.276383    0.970609    0.000000    0.000000    0.000000    0.000000    0.000000    0.000000    0.000000    0.000000
  -5.05302    6.244849    5.276419    0.968430    0.000000    0.000000    0.000000    0.000000    0.000000    0.000000    0.000000    0.000000
  -5.05135    6.242696    5.276442    0.966254    0.000000    0.000000    0.000000    0.000000    0.000000    0.000000    0.000000    0.000000
  -5.04968    6.240532    5.276450    0.964081    0.000000    0.000000    0.000000    0.000000    0.000000    0.000000    0.000000    0.000000
  -5.04802    6.238357    5.276445    0.961912    0.000000    0.000000    0.000000    0.000000    0.000000    0.000000    0.000000    0.000000
  -5.04635    6.236171    5.276425    0.959746    0.000000    0.000000    0.000000    0.000000    0.000000    0.000000    0.000000    0.000000
  -5.04468    6.233974    5.276390    0.957583    0.000000    0.000000    0.000000    0.000000    0.000000    0.000000    0.000000    0.000000
  -5.04301    6.231766    5.276342    0.955424    0.000000    0.000000    0.000000    0.000000    0.000000    0.000000    0.000000    0.000000
  -5.04135    6.229547    5.276279    0.953268    0.000000    0.000000    0.000000    0.000000    0.000000    0.000000    0.000000    0.000000
  -5.03968    6.227318    5.276202    0.951116    0.000000    0.000000    0.000000    0.000000    0.000000    0.000000    0.000000    0.000000
  -5.03801    6.225077    5.276111    0.948966    0.000000    0.000000    0.000000    0.000000    0.000000    0.000000    0.000000    0.000000
  -5.03635    6.222825    5.276005    0.946821    0.000000    0.000000    0.000000    0.000000    0.000000    0.000000    0.000000    0.000000
  -5.03468    6.220563    5.275885    0.944678    0.000000    0.000000    0.000000    0.000000    0.000000    0.000000    0.000000    0.000000
  -5.03301    6.218289    5.275750    0.942539    0.000000    0.000000    0.000000    0.000000    0.000000    0.000000    0.000000    0.000000
  -5.03134    6.216005    5.275602    0.940403    0.000000    0.000000    0.000000    0.000000    0.000000    0.000000    0.000000    0.000000
  -5.02968    6.213709    5.275438    0.938271    0.000000    0.000000    0.000000    0.000000    0.000000    0.000000    0.000000    0.000000
  -5.02801    6.211402    5.275261    0.936142    0.000000    0.000000    0.000000    0.000000    0.000000    0.000000    0.000000    0.000000
  -5.02634    6.209084    5.275069    0.934016    0.000000    0.000000    0.000000    0.000000    0.000000    0.000000    0.000000    0.000000
  -5.02467    6.206755    5.274862    0.931893    0.000000    0.000000    0.000000    0.000000    0.000000    0.000000    0.000000    0.000000
  -5.02301    6.204415    5.274641    0.929774    0.000000    0.000000    0.000000    0.000000    0.000000    0.000000    0.000000    0.000000
  -5.02134    6.202064    5.274405    0.927659    0.000000    0.000000    0.000000    0.000000    0.000000    0.000000    0.000000    0.000000
  -5.01967    6.199702    5.274155    0.925546    0.000000    0.000000    0.000000    0.000000    0.000000    0.000000    0.000000    0.000000
  -5.01801    6.197328    5.273891    0.923437    0.000000    0.000000    0.000000    0.000000    0.000000    0.000000    0.000000    0.000000
  -5.01634    6.194944    5.273612    0.921332    0.000000    0.000000    0.000000    0.000000    0.000000    0.000000    0.000000    0.000000
  -5.01467    6.192548    5.273318    0.919230    0.000000    0.000000    0.000000    0.000000    0.000000    0.000000    0.000000    0.000000
  -5.01300    6.190141    5.273010    0.917131    0.000000    0.000000    0.000000    0.000000    0.000000    0.000000    0.000000    0.000000
  -5.01134    6.187722    5.272687    0.915035    0.000000    0.000000    0.000000    0.000000    0.000000    0.000000    0.000000    0.000000
  -5.00967    6.185292    5.272350    0.912943    0.000000    0.000000    0.000000    0.000000    0.000000    0.000000    0.000000    0.000000
  -5.00800    6.182852    5.271998    0.910854    0.000000    0.000000    0.000000    0.000000    0.000000    0.000000    0.000000    0.000000
  -5.00634    6.180399    5.271631    0.908768    0.000000    0.000000    0.000000    0.000000    0.000000    0.000000    0.000000    0.000000
  -5.00467    6.177936    5.271250    0.906686    0.000000    0.000000    0.000000    0.000000    0.000000    0.000000    0.000000    0.000000
  -5.00300    6.175461    5.270854    0.904607    0.000000    0.000000    0.000000    0.000000    0.000000    0.000000    0.000000    0.000000
  -5.00133    6.172975    5.270443    0.902532    0.000000    0.000000    0.000000    0.000000    0.000000    0.000000    0.000000    0.000000
  -4.99967    6.170477    5.270018    0.900460    0.000000    0.000000    0.000000    0.000000    0.000000    0.000000    0.000000    0.000000
  -4.99800    6.167968    5.269577    0.898391    0.000000    0.000000    0.000000    0.000000    0.000000    0.000000    0.000000    0.000000
  -4.99633    6.165448    5.269123    0.896325    0.000000    0.000000    0.000000    0.000000    0.000000    0.000000    0.000000    0.000000
  -4.99466    6.162916    5.268653    0.894263    0.000000    0.000000    0.000000    0.000000    0.000000    0.000000    0.000000    0.000000
  -4.99300    6.160373    5.268169    0.892205    0.000000    0.000000    0.000000    0.000000    0.000000    0.000000    0.000000    0.000000
  -4.99133    6.157819    5.267670    0.890149    0.000000    0.000000    0.000000    0.000000    0.000000    0.000000    0.000000    0.000000
  -4.98966    6.155253    5.267156    0.888097    0.000000    0.000000    0.000000    0.000000    0.000000    0.000000    0.000000    0.000000
  -4.98800    6.152675    5.266627    0.886048    0.000000    0.000000    0.000000    0.000000    0.000000    0.000000    0.000000    0.000000
  -4.98633    6.150086    5.266083    0.884003    0.000000    0.000000    0.000000    0.000000    0.000000    0.000000    0.000000    0.000000
  -4.98466    6.147486    5.265525    0.881961    0.000000    0.000000    0.000000    0.000000    0.000000    0.000000    0.000000    0.000000
  -4.98299    6.144874    5.264952    0.879922    0.000000    0.000000    0.000000    0.000000    0.000000    0.000000    0.000000    0.000000
  -4.98133    6.142250    5.264364    0.877887    0.000000    0.000000    0.000000    0.000000    0.000000    0.000000    0.000000    0.000000
  -4.97966    6.139615    5.263761    0.875855    0.000000    0.000000    0.000000    0.000000    0.000000    0.000000    0.000000    0.000000
  -4.97799    6.136968    5.263143    0.873826    0.000000    0.000000    0.000000    0.000000    0.000000    0.000000    0.000000    0.000000
  -4.97633    6.134310    5.262510    0.871800    0.000000    0.000000    0.000000    0.000000    0.000000    0.000000    0.000000    0.000000
  -4.97466    6.131640    5.261862    0.869778    0.000000    0.000000    0.000000    0.000000    0.000000    0.000000    0.000000    0.000000
  -4.97299    6.128959    5.261200    0.867760    0.000000    0.000000    0.000000    0.000000    0.000000    0.000000    0.000000    0.000000
  -4.97132    6.126266    5.260522    0.865744    0.000000    0.000000    0.000000    0.000000    0.000000    0.000000    0.000000    0.000000
  -4.96966    6.123561    5.259829    0.863732    0.000000    0.000000    0.000000    0.000000    0.000000    0.000000    0.000000    0.000000
  -4.96799    6.120845    5.259122    0.861723    0.000000    0.000000    0.000000    0.000000    0.000000    0.000000    0.000000    0.000000
  -4.96632    6.118117    5.258399    0.859718    0.000000    0.000000    0.000000    0.000000    0.000000    0.000000    0.000000    0.000000
  -4.96465    6.115377    5.257662    0.857716    0.000000    0.000000    0.000000    0.000000    0.000000    0.000000    0.000000    0.000000
  -4.96299    6.112626    5.256909    0.855717    0.000000    0.000000    0.000000    0.000000    0.000000    0.000000    0.000000    0.000000
  -4.96132    6.109863    5.256142    0.853721    0.000000    0.000000    0.000000    0.000000    0.000000    0.000000    0.000000    0.000000
  -4.95965    6.107088    5.255359    0.851729    0.000000    0.000000    0.000000    0.000000    0.000000    0.000000    0.000000    0.000000
  -4.95799    6.104301    5.254561    0.849740    0.000000    0.000000    0.000000    0.000000    0.000000    0.000000    0.000000    0.000000
  -4.95632    6.101503    5.253748    0.847755    0.000000    0.000000    0.000000    0.000000    0.000000    0.000000    0.000000    0.000000
  -4.95465    6.098693    5.252921    0.845772    0.000000    0.000000    0.000000    0.000000    0.000000    0.000000    0.000000    0.000000
  -4.95298    6.095871    5.252078    0.843793    0.000000    0.000000    0.000000    0.000000    0.000000    0.000000    0.000000    0.000000
  -4.95132    6.093037    5.251220    0.841818    0.000000    0.000000    0.000000    0.000000    0.000000    0.000000    0.000000    0.000000
  -4.94965    6.090192    5.250346    0.839845    0.000000    0.000000    0.000000    0.000000    0.000000    0.000000    0.000000    0.000000
  -4.94798    6.087335    5.249458    0.837876    0.000000    0.000000    0.000000    0.000000    0.000000    0.000000    0.000000    0.000000
  -4.94632    6.084465    5.248555    0.835911    0.000000    0.000000    0.000000    0.000000    0.000000    0.000000    0.000000    0.000000
  -4.94465    6.081584    5.247636    0.833948    0.000000    0.000000    0.000000    0.000000    0.000000    0.000000    0.000000    0.000000
  -4.94298    6.078692    5.246702    0.831989    0.000000    0.000000    0.000000    0.000000    0.000000    0.000000    0.000000    0.000000
  -4.94131    6.075787    5.245754    0.830033    0.000000    0.000000    0.000000    0.000000    0.000000    0.000000    0.000000    0.000000
  -4.93965    6.072870    5.244789    0.828081    0.000000    0.000000    0.000000    0.000000    0.000000    0.000000    0.000000    0.000000
  -4.93798    6.069942    5.243810    0.826131    0.000000    0.000000    0.000000    0.000000    0.000000    0.000000    0.000000    0.000000
  -4.93631    6.067001    5.242816    0.824185    0.000000    0.000000    0.000000    0.000000    0.000000    0.000000    0.000000    0.000000
  -4.93464    6.064049    5.241806    0.822243    0.000000    0.000000    0.000000    0.000000    0.000000    0.000000    0.000000    0.000000
  -4.93298    6.061084    5.240781    0.820303    0.000000    0.000000    0.000000    0.000000    0.000000    0.000000    0.000000    0.000000
  -4.93131    6.058108    5.239741    0.818367    0.000000    0.000000    0.000000    0.000000    0.000000    0.000000    0.000000    0.000000
  -4.92964    6.055120    5.238685    0.816434    0.000000    0.000000    0.000000    0.000000    0.000000    0.000000    0.000000    0.000000
  -4.92798    6.052119    5.237614    0.814505    0.000000    0.000000    0.000000    0.000000    0.000000    0.000000    0.000000    0.000000
  -4.92631    6.049107    5.236528    0.812579    0.000000    0.000000    0.000000    0.000000    0.000000    0.000000    0.000000    0.000000
  -4.92464    6.046083    5.235427    0.810656    0.000000    0.000000    0.000000    0.000000    0.000000    0.000000    0.000000    0.000000
  -4.92297    6.043047    5.234311    0.808736    0.000000    0.000000    0.000000    0.000000    0.000000    0.000000    0.000000    0.000000
  -4.92131    6.039998    5.233179    0.806819    0.000000    0.000000    0.000000    0.000000    0.000000    0.000000    0.000000    0.000000
  -4.91964    6.036938    5.232032    0.804906    0.000000    0.000000    0.000000    0.000000    0.000000    0.000000    0.000000    0.000000
  -4.91797    6.033865    5.230869    0.802996    0.000000    0.000000    0.000000    0.000000    0.000000    0.000000    0.000000    0.000000
  -4.91631    6.030781    5.229691    0.801090    0.000000    0.000000    0.000000    0.000000    0.000000    0.000000    0.000000    0.000000
  -4.91464    6.027684    5.228498    0.799186    0.000000    0.000000    0.000000    0.000000    0.000000    0.000000    0.000000    0.000000
  -4.91297    6.024576    5.227289    0.797286    0.000000    0.000000    0.000000    0.000000    0.000000    0.000000    0.000000    0.000000
  -4.91130    6.021455    5.226065    0.795389    0.000000    0.000000    0.000000    0.000000    0.000000    0.000000    0.000000    0.000000
  -4.90964    6.018322    5.224826    0.793496    0.000000    0.000000    0.000000    0.000000    0.000000    0.000000    0.000000    0.000000
  -4.90797    6.015177    5.223572    0.791605    0.000000    0.000000    0.000000    0.000000    0.000000    0.000000    0.000000    0.000000
  -4.90630    6.012020    5.222301    0.789718    0.000000    0.000000    0.000000    0.000000    0.000000    0.000000    0.000000    0.000000
  -4.90463    6.008850    5.221016    0.787834    0.000000    0.000000    0.000000    0.000000    0.000000    0.000000    0.000000    0.000000
  -4.90297    6.005669    5.219715    0.785954    0.000000    0.000000    0.000000    0.000000    0.000000    0.000000    0.000000    0.000000
  -4.90130    6.002475    5.218399    0.784076    0.000000    0.000000    0.000000    0.000000    0.000000    0.000000    0.000000    0.000000
  -4.89963    5.999269    5.217067    0.782202    0.000000    0.000000    0.000000    0.000000    0.000000    0.000000    0.000000    0.000000
  -4.89797    5.996051    5.215720    0.780331    0.000000    0.000000    0.000000    0.000000    0.000000    0.000000    0.000000    0.000000
  -4.89630    5.992821    5.214358    0.778463    0.000000    0.000000    0.000000    0.000000    0.000000    0.000000    0.000000    0.000000
  -4.89463    5.989579    5.212980    0.776599    0.000000    0.000000    0.000000    0.000000    0.000000    0.000000    0.000000    0.000000
  -4.89296    5.986324    5.211586    0.774738    0.000000    0.000000    0.000000    0.000000    0.000000    0.000000    0.000000    0.000000
  -4.89130    5.983057    5.210177    0.772880    0.000000    0.000000    0.000000    0.000000    0.000000    0.000000    0.000000    0.000000
  -4.88963    5.979778    5.208753    0.771025    0.000000    0.000000    0.000000    0.000000    0.000000    0.000000    0.000000    0.000000
  -4.88796    5.976486    5.207313    0.769173    0.000000    0.000000    0.000000    0.000000    0.000000    0.000000    0.000000    0.000000
  -4.88630    5.973183    5.205858    0.767325    0.000000    0.000000    0.000000    0.000000    0.000000    0.000000    0.000000    0.000000
  -4.88463    5.969867    5.204387    0.765480    0.000000    0.000000    0.000000    0.000000    0.000000    0.000000    0.000000    0.000000
  -4.88296    5.966538    5.202901    0.763638    0.000000    0.000000    0.000000    0.000000    0.000000    0.000000    0.000000    0.000000
  -4.88129    5.963198    5.201399    0.761799    0.000000    0.000000    0.000000    0.000000    0.000000    0.000000    0.000000    0.000000
  -4.87963    5.959845    5.199881    0.759964    0.000000    0.000000    0.000000    0.000000    0.000000    0.000000    0.000000    0.000000
  -4.87796    5.956480    5.198349    0.758131    0.000000    0.000000    0.000000    0.000000    0.000000    0.000000    0.000000    0.000000
  -4.87629    5.953102    5.196800    0.756302    0.000000    0.000000    0.000000    0.000000    0.000000    0.000000    0.000000    0.000000
  -4.87462    5.949713    5.195236    0.754476    0.000000    0.000000    0.000000    0.000000    0.000000    0.000000    0.000000    0.000000
  -4.87296    5.946310    5.193657    0.752653    0.000000    0.000000    0.000000    0.000000    0.000000    0.000000    0.000000    0.000000
  -4.87129    5.942896    5.192062    0.750834    0.000000    0.000000    0.000000    0.000000    0.000000    0.000000    0.000000    0.000000
  -4.86962    5.939469    5.190451    0.749018    0.000000    0.000000    0.000000    0.000000    0.000000    0.000000    0.000000    0.000000
  -4.86796    5.936030    5.188825    0.747204    0.000000    0.000000    0.000000    0.000000    0.000000    0.000000    0.000000    0.000000
  -4.86629    5.932578    5.187184    0.745394    0.000000    0.000000    0.000000    0.000000    0.000000    0.000000    0.000000    0.000000
  -4.86462    5.929114    5.185527    0.743588    0.000000    0.000000    0.000000    0.000000    0.000000    0.000000    0.000000    0.000000
  -4.86295    5.925638    5.183854    0.741784    0.000000    0.000000    0.000000    0.000000    0.000000    0.000000    0.000000    0.000000
  -4.86129    5.922149    5.182166    0.739984    0.000000    0.000000    0.000000    0.000000    0.000000    0.000000    0.000000    0.000000
  -4.85962    5.918648    5.180462    0.738186    0.000000    0.000000    0.000000    0.000000    0.000000    0.000000    0.000000    0.000000
  -4.85795    5.915134    5.178742    0.736392    0.000000    0.000000    0.000000    0.000000    0.000000    0.000000    0.000000    0.000000
  -4.85629    5.911608    5.177007    0.734601    0.000000    0.000000    0.000000    0.000000    0.000000    0.000000    0.000000    0.000000
  -4.85462    5.908070    5.175257    0.732813    0.000000    0.000000    0.000000    0.000000    0.000000    0.000000    0.000000    0.000000
  -4.85295    5.904519    5.173490    0.731029    0.000000    0.000000    0.000000    0.000000    0.000000    0.000000    0.000000    0.000000
  -4.85128    5.900956    5.171709    0.729247    0.000000    0.000000    0.000000    0.000000    0.000000    0.000000    0.000000    0.000000
  -4.84962    5.897380    5.169911    0.727469    0.000000    0.000000    0.000000    0.000000    0.000000    0.000000    0.000000    0.000000
  -4.84795    5.893792    5.168098    0.725694    0.000000    0.000000    0.000000    0.000000    0.000000    0.000000    0.000000    0.000000
  -4.84628    5.890191    5.166270    0.723922    0.000000    0.000000    0.000000    0.000000    0.000000    0.000000    0.000000    0.000000
  -4.84461    5.886578    5.164425    0.722153    0.000000    0.000000    0.000000    0.000000    0.000000    0.000000    0.000000    0.000000
  -4.84295    5.882952    5.162566    0.720387    0.000000    0.000000    0.000000    0.000000    0.000000    0.000000    0.000000    0.000000
  -4.84128    5.879314    5.160690    0.718624    0.000000    0.000000    0.000000    0.000000    0.000000    0.000000    0.000000    0.000000
  -4.83961    5.875664    5.158799    0.716865    0.000000    0.000000    0.000000    0.000000    0.000000    0.000000    0.000000    0.000000
  -4.83795    5.872001    5.156892    0.715108    0.000000    0.000000    0.000000    0.000000    0.000000    0.000000    0.000000    0.000000
  -4.83628    5.868325    5.154970    0.713355    0.000000    0.000000    0.000000    0.000000    0.000000    0.000000    0.000000    0.000000
  -4.83461    5.864637    5.153032    0.711605    0.000000    0.000000    0.000000    0.000000    0.000000    0.000000    0.000000    0.000000
  -4.83294    5.860936    5.151079    0.709858    0.000000    0.000000    0.000000    0.000000    0.000000    0.000000    0.000000    0.000000
  -4.83128    5.857223    5.149109    0.708114    0.000000    0.000000    0.000000    0.000000    0.000000    0.000000    0.000000    0.000000
  -4.82961    5.853498    5.147125    0.706373    0.000000    0.000000    0.000000    0.000000    0.000000    0.000000    0.000000    0.000000
  -4.82794    5.849759    5.145124    0.704635    0.000000    0.000000    0.000000    0.000000    0.000000    0.000000    0.000000    0.000000
  -4.82628    5.846009    5.143108    0.702901    0.000000    0.000000    0.000000    0.000000    0.000000    0.000000    0.000000    0.000000
  -4.82461    5.842246    5.141076    0.701169    0.000000    0.000000    0.000000    0.000000    0.000000    0.000000    0.000000    0.000000
  -4.82294    5.838470    5.139029    0.699441    0.000000    0.000000    0.000000    0.000000    0.000000    0.000000    0.000000    0.000000
  -4.82127    5.834681    5.136966    0.697716    0.000000    0.000000    0.000000    0.000000    0.000000    0.000000    0.000000    0.000000
  -4.81961    5.830881    5.134887    0.695993    0.000000    0.000000    0.000000    0.000000    0.000000    0.000000    0.000000    0.000000
  -4.81794    5.827067    5.132793    0.694274    0.000000    0.000000    0.000000    0.000000    0.000000    0.000000    0.000000    0.000000
  -4.81627    5.823241    5.130683    0.692558    0.000000    0.000000    0.000000    0.000000    0.000000    0.000000    0.000000    0.000000
  -4.81460    5.819403    5.128557    0.690845    0.000000    0.000000    0.000000    0.000000    0.000000    0.000000    0.000000    0.000000
  -4.81294    5.815551    5.126416    0.689135    0.000000    0.000000    0.000000    0.000000    0.000000    0.000000    0.000000    0.000000
  -4.81127    5.811688    5.124259    0.687428    0.000000    0.000000    0.000000    0.000000    0.000000    0.000000    0.000000    0.000000
  -4.80960    5.807811    5.122087    0.685725    0.000000    0.000000    0.000000    0.000000    0.000000    0.000000    0.000000    0.000000
  -4.80794    5.803923    5.119899    0.684024    0.000000    0.000000    0.000000    0.000000    0.000000    0.000000    0.000000    0.000000
  -4.80627    5.800021    5.117695    0.682326    0.000000    0.000000    0.000000    0.000000    0.000000    0.000000    0.000000    0.000000
  -4.80460    5.796107    5.115475    0.680632    0.000000    0.000000    0.000000    0.000000    0.000000    0.000000    0.000000    0.000000
  -4.80293    5.792181    5.113240    0.678940    0.000000    0.000000    0.000000    0.000000    0.000000    0.000000    0.000000    0.000000
  -4.80127    5.788241    5.110990    0.677252    0.000000    0.000000    0.000000    0.000000    0.000000    0.000000    0.000000    0.000000
  -4.79960    5.784290    5.108723    0.675566    0.000000    0.000000    0.000000    0.000000    0.000000    0.000000    0.000000    0.000000
  -4.79793    5.780325    5.106441    0.673884    0.000000    0.000000    0.000000    0.000000    0.000000    0.000000    0.000000    0.000000
  -4.79627    5.776348    5.104144    0.672205    0.000000    0.000000    0.000000    0.000000    0.000000    0.000000    0.000000    0.000000
  -4.79460    5.772359    5.101830    0.670528    0.000000    0.000000    0.000000    0.000000    0.000000    0.000000    0.000000    0.000000
  -4.79293    5.768357    5.099501    0.668855    0.000000    0.000000    0.000000    0.000000    0.000000    0.000000    0.000000    0.000000
  -4.79126    5.764342    5.097157    0.667185    0.000000    0.000000    0.000000    0.000000    0.000000    0.000000    0.000000    0.000000
  -4.78960    5.760314    5.094797    0.665518    0.000000    0.000000    0.000000    0.000000    0.000000    0.000000    0.000000    0.000000
  -4.78793    5.756274    5.092421    0.663854    0.000000    0.000000    0.000000    0.000000    0.000000    0.000000    0.000000    0.000000
  -4.78626    5.752222    5.090029    0.662192    0.000000    0.000000    0.000000    0.000000    0.000000    0.000000    0.000000    0.000000
  -4.78459    5.748157    5.087622    0.660534    0.000000    0.000000    0.000000    0.000000    0.000000    0.000000    0.000000    0.000000
  -4.78293    5.744079    5.085200    0.658879    0.000000    0.000000    0.000000    0.000000    0.000000    0.000000    0.000000    0.000000
  -4.78126    5.739988    5.082761    0.657227    0.000000    0.000000    0.000000    0.000000    0.000000    0.000000    0.000000    0.000000
  -4.77959    5.735885    5.080308    0.655578    0.000000    0.000000    0.000000    0.000000    0.000000    0.000000    0.000000    0.000000
  -4.77793    5.731770    5.077838    0.653932    0.000000    0.000000    0.000000    0.000000    0.000000    0.000000    0.000000    0.000000
  -4.77626    5.727642    5.075353    0.652289    0.000000    0.000000    0.000000    0.000000    0.000000    0.000000    0.000000    0.000000
  -4.77459    5.723501    5.072852    0.650648    0.000000    0.000000    0.000000    0.000000    0.000000    0.000000    0.000000    0.000000
  -4.77292    5.719347    5.070336    0.649011    0.000000    0.000000    0.000000    0.000000    0.000000    0.000000    0.000000    0.000000
  -4.77126    5.715181    5.067804    0.647377    0.000000    0.000000    0.000000    0.000000    0.000000    0.000000    0.000000    0.000000
  -4.76959    5.711002    5.065256    0.645746    0.000000    0.000000    0.000000    0.000000    0.000000    0.000000    0.000000    0.000000
  -4.76792    5.706811    5.062693    0.644118    0.000000    0.000000    0.000000    0.000000    0.000000    0.000000    0.000000    0.000000
  -4.76626    5.702607    5.060115    0.642493    0.000000    0.000000    0.000000    0.000000    0.000000    0.000000    0.000000    0.000000
  -4.76459    5.698391    5.057520    0.640870    0.000000    0.000000    0.000000    0.000000    0.000000    0.000000    0.000000    0.000000
  -4.76292    5.694162    5.054911    0.639251    0.000000    0.000000    0.000000    0.000000    0.000000    0.000000    0.000000    0.000000
  -4.76125    5.689920    5.052285    0.637635    0.000000    0.000000    0.000000    0.000000    0.000000    0.000000    0.000000    0.000000
  -4.75959    5.685665    5.049644    0.636021    0.000000    0.000000    0.000000    0.000000    0.000000    0.000000    0.000000    0.000000
  -4.75792    5.681399    5.046988    0.634411    0.000000    0.000000    0.000000    0.000000    0.000000    0.000000    0.000000    0.000000
  -4.75625    5.677119    5.044316    0.632803    0.000000    0.000000    0.000000    0.000000    0.000000    0.000000    0.000000    0.000000
  -4.75458    5.672827    5.041628    0.631199    0.000000    0.000000    0.000000    0.000000    0.000000    0.000000    0.000000    0.000000
  -4.75292    5.668522    5.038925    0.629597    0.000000    0.000000    0.000000    0.000000    0.000000    0.000000    0.000000    0.000000
  -4.75125    5.664205    5.036206    0.627999    0.000000    0.000000    0.000000    0.000000    0.000000    0.000000    0.000000    0.000000
  -4.74958    5.659875    5.033472    0.626403    0.000000    0.000000    0.000000    0.000000    0.000000    0.000000    0.000000    0.000000
  -4.74792    5.655532    5.030722    0.624810    0.000000    0.000000    0.000000    0.000000    0.000000    0.000000    0.000000    0.000000
  -4.74625    5.651177    5.027957    0.623220    0.000000    0.000000    0.000000    0.000000    0.000000    0.000000    0.000000    0.000000
  -4.74458    5.646809    5.025176    0.621633    0.000000    0.000000    0.000000    0.000000    0.000000    0.000000    0.000000    0.000000
  -4.74291    5.642429    5.022380    0.620049    0.000000    0.000000    0.000000    0.000000    0.000000    0.000000    0.000000    0.000000
  -4.74125    5.638036    5.019568    0.618468    0.000000    0.000000    0.000000    0.000000    0.000000    0.000000    0.000000    0.000000
  -4.73958    5.633631    5.016741    0.616890    0.000000    0.000000    0.000000    0.000000    0.000000    0.000000    0.000000    0.000000
  -4.73791    5.629213    5.013898    0.615315    0.000000    0.000000    0.000000    0.000000    0.000000    0.000000    0.000000    0.000000
  -4.73625    5.624782    5.011039    0.613743    0.000000    0.000000    0.000000    0.000000    0.000000    0.000000    0.000000    0.000000
  -4.73458    5.620339    5.008166    0.612173    0.000000    0.000000    0.000000    0.000000    0.000000    0.000000    0.000000    0.000000
  -4.73291    5.615883    5.005277    0.610607    0.000000    0.000000    0.000000    0.000000    0.000000    0.000000    0.000000    0.000000
  -4.73124    5.611415    5.002372    0.609043    0.000000    0.000000    0.000000    0.000000    0.000000    0.000000    0.000000    0.000000
  -4.72958    5.606934    4.999452    0.607482    0.000000    0.000000    0.000000    0.000000    0.000000    0.000000    0.000000    0.000000
  -4.72791    5.602441    4.996516    0.605924    0.000000    0.000000    0.000000    0.000000    0.000000    0.000000    0.000000    0.000000
  -4.72624    5.597935    4.993565    0.604369    0.000000    0.000000    0.000000    0.000000    0.000000    0.000000    0.000000    0.000000
  -4.72457    5.593416    4.990599    0.602817    0.000000    0.000000    0.000000    0.000000    0.000000    0.000000    0.000000    0.000000
  -4.72291    5.588885    4.987617    0.601268    0.000000    0.000000    0.000000    0.000000    0.000000    0.000000    0.000000    0.000000
  -4.72124    5.584342    4.984620    0.599722    0.000000    0.000000    0.000000    0.000000    0.000000    0.000000    0.000000    0.000000
  -4.71957    5.579786    4.981608    0.598178    0.000000    0.000000    0.000000    0.000000    0.000000    0.000000    0.000000    0.000000
  -4.71791    5.575217    4.978580    0.596638    0.000000    0.000000    0.000000    0.000000    0.000000    0.000000    0.000000    0.000000
  -4.71624    5.570636    4.975536    0.595100    0.000000    0.000000    0.000000    0.000000    0.000000    0.000000    0.000000    0.000000
  -4.71457    5.566043    4.972478    0.593565    0.000000    0.000000    0.000000    0.000000    0.000000    0.000000    0.000000    0.000000
  -4.71290    5.561436    4.969404    0.592033    0.000000    0.000000    0.000000    0.000000    0.000000    0.000000    0.000000    0.000000
  -4.71124    5.556818    4.966314    0.590504    0.000000    0.000000    0.000000    0.000000    0.000000    0.000000    0.000000    0.000000
  -4.70957    5.552187    4.963210    0.588977    0.000000    0.000000    0.000000    0.000000    0.000000    0.000000    0.000000    0.000000
  -4.70790    5.547543    4.960089    0.587454    0.000000    0.000000    0.000000    0.000000    0.000000    0.000000    0.000000    0.000000
  -4.70624    5.542887    4.956954    0.585933    0.000000    0.000000    0.000000    0.000000    0.000000    0.000000    0.000000    0.000000
  -4.70457    5.538219    4.953804    0.584415    0.000000    0.000000    0.000000    0.000000    0.000000    0.000000    0.000000    0.000000
  -4.70290    5.533538    4.950638    0.582900    0.000000    0.000000    0.000000    0.000000    0.000000    0.000000    0.000000    0.000000
  -4.70123    5.528844    4.947456    0.581388    0.000000    0.000000    0.000000    0.000000    0.000000    0.000000    0.000000    0.000000
  -4.69957    5.524139    4.944260    0.579879    0.000000    0.000000    0.000000    0.000000    0.000000    0.000000    0.000000    0.000000
  -4.69790    5.519420    4.941048    0.578372    0.000000    0.000000    0.000000    0.000000    0.000000    0.000000    0.000000    0.000000
  -4.69623    5.514690    4.937821    0.576868    0.000000    0.000000    0.000000    0.000000    0.000000    0.000000    0.000000    0.000000
  -4.69456    5.509947    4.934579    0.575367    0.000000    0.000000    0.000000    0.000000    0.000000    0.000000    0.000000    0.000000
  -4.69290    5.505191    4.931322    0.573869    0.000000    0.000000    0.000000    0.000000    0.000000    0.000000    0.000000    0.000000
  -4.69123    5.500423    4.928049    0.572374    0.000000    0.000000    0.000000    0.000000    0.000000    0.000000    0.000000    0.000000
  -4.68956    5.495643    4.924761    0.570881    0.000000    0.000000    0.000000    0.000000    0.000000    0.000000    0.000000    0.000000
  -4.68790    5.490850    4.921458    0.569392    0.000000    0.000000    0.000000    0.000000    0.000000    0.000000    0.000000    0.000000
  -4.68623    5.486045    4.918140    0.567905    0.000000    0.000000    0.000000    0.000000    0.000000    0.000000    0.000000    0.000000
  -4.68456    5.481228    4.914807    0.566421    0.000000    0.000000    0.000000    0.000000    0.000000    0.000000    0.000000    0.000000
  -4.68289    5.476398    4.911459    0.564939    0.000000    0.000000    0.000000    0.000000    0.000000    0.000000    0.000000    0.000000
  -4.68123    5.471556    4.908095    0.563461    0.000000    0.000000    0.000000    0.000000    0.000000    0.000000    0.000000    0.000000
  -4.67956    5.466701    4.904716    0.561985    0.000000    0.000000    0.000000    0.000000    0.000000    0.000000    0.000000    0.000000
  -4.67789    5.461834    4.901323    0.560512    0.000000    0.000000    0.000000    0.000000    0.000000    0.000000    0.000000    0.000000
  -4.67623    5.456955    4.897914    0.559041    0.000000    0.000000    0.000000    0.000000    0.000000    0.000000    0.000000    0.000000
  -4.67456    5.452064    4.894490    0.557574    0.000000    0.000000    0.000000    0.000000    0.000000    0.000000    0.000000    0.000000
  -4.67289    5.447160    4.891051    0.556109    0.000000    0.000000    0.000000    0.000000    0.000000    0.000000    0.000000    0.000000
  -4.67122    5.442244    4.887597    0.554647    0.000000    0.000000    0.000000    0.000000    0.000000    0.000000    0.000000    0.000000
  -4.66956    5.437316    4.884128    0.553188    0.000000    0.000000    0.000000    0.000000    0.000000    0.000000    0.000000    0.000000
  -4.66789    5.432375    4.880644    0.551731    0.000000    0.000000    0.000000    0.000000    0.000000    0.000000    0.000000    0.000000
  -4.66622    5.427423    4.877145    0.550278    0.000000    0.000000    0.000000    0.000000    0.000000    0.000000    0.000000    0.000000
  -4.66455    5.422458    4.873631    0.548827    0.000000    0.000000    0.000000    0.000000    0.000000    0.000000    0.000000    0.000000
  -4.66289    5.417480    4.870102    0.547378    0.000000    0.000000    0.000000    0.000000    0.000000    0.000000    0.000000    0.000000
  -4.66122    5.412491    4.866558    0.545933    0.000000    0.000000    0.000000    0.000000    0.000000    0.000000    0.000000    0.000000
  -4.65955    5.407489    4.862999    0.544490    0.000000    0.000000    0.000000    0.000000    0.000000    0.000000    0.000000    0.000000
  -4.65789    5.402475    4.859425    0.543050    0.000000    0.000000    0.000000    0.000000    0.000000    0.000000    0.000000    0.000000
  -4.65622    5.397449    4.855837    0.541613    0.000000    0.000000    0.000000    0.000000    0.000000    0.000000    0.000000    0.000000
  -4.65455    5.392411    4.852233    0.540178    0.000000    0.000000    0.000000    0.000000    0.000000    0.000000    0.000000    0.000000
  -4.65288    5.387361    4.848615    0.538746    0.000000    0.000000    0.000000    0.000000    0.000000    0.000000    0.000000    0.000000
  -4.65122    5.382298    4.844981    0.537317    0.000000    0.000000    0.000000    0.000000    0.000000    0.000000    0.000000    0.000000
  -4.64955    5.377224    4.841333    0.535890    0.000000    0.000000    0.000000    0.000000    0.000000    0.000000    0.000000    0.000000
  -4.64788    5.372137    4.837670    0.534467    0.000000    0.000000    0.000000    0.000000    0.000000    0.000000    0.000000    0.000000
  -4.64622    5.367038    4.833993    0.533045    0.000000    0.000000    0.000000    0.000000    0.000000    0.000000    0.000000    0.000000
  -4.64455    5.361927    4.830300    0.531627    0.000000    0.000000    0.000000    0.000000    0.000000    0.000000    0.000000    0.000000
  -4.64288    5.356804    4.826593    0.530211    0.000000    0.000000    0.000000    0.000000    0.000000    0.000000    0.000000    0.000000
  -4.64121    5.351669    4.822871    0.528798    0.000000    0.000000    0.000000    0.000000    0.000000    0.000000    0.000000    0.000000
  -4.63955    5.346522    4.819134    0.527388    0.000000    0.000000    0.000000    0.000000    0.000000    0.000000    0.000000    0.000000
  -4.63788    5.341363    4.815383    0.525980    0.000000    0.000000    0.000000    0.000000    0.000000    0.000000    0.000000    0.000000
  -4.63621    5.336192    4.811617    0.524575    0.000000    0.000000    0.000000    0.000000    0.000000    0.000000    0.000000    0.000000
  -4.63454    5.331009    4.807836    0.523173    0.000000    0.000000    0.000000    0.000000    0.000000    0.000000    0.000000    0.000000
  -4.63288    5.325814    4.804040    0.521773    0.000000    0.000000    0.000000    0.000000    0.000000    0.000000    0.000000    0.000000
  -4.63121    5.320607    4.800230    0.520376    0.000000    0.000000    0.000000    0.000000    0.000000    0.000000    0.000000    0.000000
  -4.62954    5.315388    4.796406    0.518982    0.000000    0.000000    0.000000    0.000000    0.000000    0.000000    0.000000    0.000000
  -4.62788    5.310157    4.792566    0.517590    0.000000    0.000000    0.000000    0.000000    0.000000    0.000000    0.000000    0.000000
  -4.62621    5.304914    4.788713    0.516201    0.000000    0.000000    0.000000    0.000000    0.000000    0.000000    0.000000    0.000000
  -4.62454    5.299659    4.784844    0.514815    0.000000    0.000000    0.000000    0.000000    0.000000    0.000000    0.000000    0.000000
  -4.62287    5.294392    4.780961    0.513431    0.000000    0.000000    0.000000    0.000000    0.000000    0.000000    0.000000    0.000000
  -4.62121    5.289114    4.777064    0.512050    0.000000    0.000000    0.000000    0.000000    0.000000    0.000000    0.000000    0.000000
  -4.61954    5.283824    4.773152    0.510672    0.000000    0.000000    0.000000    0.000000    0.000000    0.000000    0.000000    0.000000
  -4.61787    5.278521    4.769225    0.509296    0.000000    0.000000    0.000000    0.000000    0.000000    0.000000    0.000000    0.000000
  -4.61621    5.273207    4.765285    0.507923    0.000000    0.000000    0.000000    0.000000    0.000000    0.000000    0.000000    0.000000
  -4.61454    5.267882    4.761329    0.506552    0.000000    0.000000    0.000000    0.000000    0.000000    0.000000    0.000000    0.000000
  -4.61287    5.262544    4.757360    0.505184    0.000000    0.000000    0.000000    0.000000    0.000000    0.000000    0.000000    0.000000
  -4.61120    5.257195    4.753376    0.503819    0.000000    0.000000    0.000000    0.000000    0.000000    0.000000    0.000000    0.000000
  -4.60954    5.251833    4.749377    0.502456    0.000000    0.000000    0.000000    0.000000    0.000000    0.000000    0.000000    0.000000
  -4.60787    5.246461    4.745364    0.501096    0.000000    0.000000    0.000000    0.000000    0.000000    0.000000    0.000000    0.000000
  -4.60620    5.241076    4.741337    0.499739    0.000000    0.000000    0.000000    0.000000    0.000000    0.000000    0.000000    0.000000
  -4.60453    5.235680    4.737296    0.498384    0.000000    0.000000    0.000000    0.000000    0.000000    0.000000    0.000000    0.000000
  -4.60287    5.230272    4.733240    0.497032    0.000000    0.000000    0.000000    0.000000    0.000000    0.000000    0.000000    0.000000
  -4.60120    5.224852    4.729170    0.495682    0.000000    0.000000    0.000000    0.000000    0.000000    0.000000    0.000000    0.000000
  -4.59953    5.219421    4.725086    0.494335    0.000000    0.000000    0.000000    0.000000    0.000000    0.000000    0.000000    0.000000
  -4.59787    5.213978    4.720988    0.492991    0.000000    0.000000    0.000000    0.000000    0.000000    0.000000    0.000000    0.000000
  -4.59620    5.208524    4.716875    0.491649    0.000000    0.000000    0.000000    0.000000    0.000000    0.000000    0.000000    0.000000
  -4.59453    5.203058    4.712749    0.490309    0.000000    0.000000    0.000000    0.000000    0.000000    0.000000    0.000000    0.000000
  -4.59286    5.197580    4.708608    0.488973    0.000000    0.000000    0.000000    0.000000    0.000000    0.000000    0.000000    0.000000
  -4.59120    5.192091    4.704453    0.487639    0.000000    0.000000    0.000000    0.000000    0.000000    0.000000    0.000000    0.000000
  -4.58953    5.186591    4.700284    0.486307    0.000000    0.000000    0.000000    0.000000    0.000000    0.000000    0.000000    0.000000
  -4.58786    5.181079    4.696101    0.484978    0.000000    0.000000    0.000000    0.000000    0.000000    0.000000    0.000000    0.000000
  -4.58620    5.175555    4.691903    0.483652    0.000000    0.000000    0.000000    0.000000    0.000000    0.000000    0.000000    0.000000
  -4.58453    5.170020    4.687692    0.482328    0.000000    0.000000    0.000000    0.000000    0.000000    0.000000    0.000000    0.000000
  -4.58286    5.164474    4.683467    0.481006    0.000000    0.000000    0.000000    0.000000    0.000000    0.000000    0.000000    0.000000
  -4.58119    5.158916    4.679228    0.479688    0.000000    0.000000    0.000000    0.000000    0.000000    0.000000    0.000000    0.000000
  -4.57953    5.153346    4.674975    0.478372    0.000000    0.000000    0.000000    0.000000    0.000000    0.000000    0.000000    0.000000
  -4.57786    5.147766    4.670708    0.477058    0.000000    0.000000    0.000000    0.000000    0.000000    0.000000    0.000000    0.000000
  -4.57619    5.142174    4.666427    0.475747    0.000000    0.000000    0.000000    0.000000    0.000000    0.000000    0.000000    0.000000
  -4.57452    5.136571    4.662132    0.474438    0.000000    0.000000    0.000000    0.000000    0.000000    0.000000    0.000000    0.000000
  -4.57286    5.130956    4.657824    0.473132    0.000000    0.000000    0.000000    0.000000    0.000000    0.000000    0.000000    0.000000
  -4.57119    5.125330    4.653501    0.471829    0.000000    0.000000    0.000000    0.000000    0.000000    0.000000    0.000000    0.000000
  -4.56952    5.119693    4.649165    0.470528    0.000000    0.000000    0.000000    0.000000    0.000000    0.000000    0.000000    0.000000
  -4.56786    5.114045    4.644815    0.469229    0.000000    0.000000    0.000000    0.000000    0.000000    0.000000    0.000000    0.000000
  -4.56619    5.108385    4.640452    0.467933    0.000000    0.000000    0.000000    0.000000    0.000000    0.000000    0.000000    0.000000
  -4.56452    5.102714    4.636074    0.466640    0.000000    0.000000    0.000000    0.000000    0.000000    0.000000    0.000000    0.000000
  -4.56285    5.097032    4.631683    0.465349    0.000000    0.000000    0.000000    0.000000    0.000000    0.000000    0.000000    0.000000
  -4.56119    5.091339    4.627278    0.464061    0.000000    0.000000    0.000000    0.000000    0.000000    0.000000    0.000000    0.000000
  -4.55952    5.085635    4.622860    0.462775    0.000000    0.000000    0.000000    0.000000    0.000000    0.000000    0.000000    0.000000
  -4.55785    5.079920    4.618428    0.461492    0.000000    0.000000    0.000000    0.000000    0.000000    0.000000    0.000000    0.000000
  -4.55619    5.074193    4.613983    0.460211    0.000000    0.000000    0.000000    0.000000    0.000000    0.000000    0.000000    0.000000
  -4.55452    5.068456    4.609524    0.458932    0.000000    0.000000    0.000000    0.000000    0.000000    0.000000    0.000000    0.000000
  -4.55285    5.062708    4.605051    0.457657    0.000000    0.000000    0.000000    0.000000    0.000000    0.000000    0.000000    0.000000
  -4.55118    5.056948    4.600565    0.456383    0.000000    0.000000    0.000000    0.000000    0.000000    0.000000    0.000000    0.000000
  -4.54952    5.051178    4.596065    0.455112    0.000000    0.000000    0.000000    0.000000    0.000000    0.000000    0.000000    0.000000
  -4.54785    5.045397    4.591553    0.453844    0.000000    0.000000    0.000000    0.000000    0.000000    0.000000    0.000000    0.000000
  -4.54618    5.039604    4.587026    0.452578    0.000000    0.000000    0.000000    0.000000    0.000000    0.000000    0.000000    0.000000
  -4.54451    5.033801    4.582487    0.451315    0.000000    0.000000    0.000000    0.000000    0.000000    0.000000    0.000000    0.000000
  -4.54285    5.027987    4.577933    0.450054    0.000000    0.000000    0.000000    0.000000    0.000000    0.000000    0.000000    0.000000
  -4.54118    5.022162    4.573367    0.448795    0.000000    0.000000    0.000000    0.000000    0.000000    0.000000    0.000000    0.000000
  -4.53951    5.016327    4.568787    0.447539    0.000000    0.000000    0.000000    0.000000    0.000000    0.000000    0.000000    0.000000
  -4.53785    5.010480    4.564195    0.446286    0.000000    0.000000    0.000000    0.000000    0.000000    0.000000    0.000000    0.000000
  -4.53618    5.004623    4.559588    0.445035    0.000000    0.000000    0.000000    0.000000    0.000000    0.000000    0.000000    0.000000
  -4.53451    4.998755    4.554969    0.443786    0.000000    0.000000    0.000000    0.000000    0.000000    0.000000    0.000000    0.000000
  -4.53284    4.992876    4.550337    0.442540    0.000000    0.000000    0.000000    0.000000    0.000000    0.000000    0.000000    0.000000
  -4.53118    4.986987    4.545691    0.441296    0.000000    0.000000    0.000000    0.000000    0.000000    0.000000    0.000000    0.000000
  -4.52951    4.981087    4.541032    0.440055    0.000000    0.000000    0.000000    0.000000    0.000000    0.000000    0.000000    0.000000
  -4.52784    4.975177    4.536361    0.438816    0.000000    0.000000    0.000000    0.000000    0.000000    0.000000    0.000000    0.000000
  -4.52618    4.969255    4.531676    0.437580    0.000000    0.000000    0.000000    0.000000    0.000000    0.000000    0.000000    0.000000
  -4.52451    4.963324    4.526978    0.436346    0.000000    0.000000    0.000000    0.000000    0.000000    0.000000    0.000000    0.000000
  -4.52284    4.957381    4.522267    0.435114    0.000000    0.000000    0.000000    0.000000    0.000000    0.000000    0.000000    0.000000
  -4.52117    4.951428    4.517543    0.433885    0.000000    0.000000    0.000000    0.000000    0.000000    0.000000    0.000000    0.000000
  -4.51951    4.945465    4.512807    0.432658    0.000000    0.000000    0.000000    0.000000    0.000000    0.000000    0.000000    0.000000
  -4.51784    4.939491    4.508057    0.431434    0.000000    0.000000    0.000000    0.000000    0.000000    0.000000    0.000000    0.000000
  -4.51617    4.933507    4.503295    0.430212    0.000000    0.000000    0.000000    0.000000    0.000000    0.000000    0.000000    0.000000
  -4.51450    4.927513    4.498520    0.428993    0.000000    0.000000    0.000000    0.000000    0.000000    0.000000    0.000000    0.000000
  -4.51284    4.921508    4.493732    0.427776    0.000000    0.000000    0.000000    0.000000    0.000000    0.000000    0.000000    0.000000
  -4.51117    4.915492    4.488931    0.426561    0.000000    0.000000    0.000000    0.000000    0.000000    0.000000    0.000000    0.000000
  -4.50950    4.909467    4.484117    0.425349    0.000000    0.000000    0.000000    0.000000    0.000000    0.000000    0.000000    0.000000
  -4.50784    4.903431    4.479291    0.424140    0.000000    0.000000    0.000000    0.000000    0.000000    0.000000    0.000000    0.000000
  -4.50617    4.897385    4.474453    0.422932    0.000000    0.000000    0.000000    0.000000    0.000000    0.000000    0.000000    0.000000
  -4.50450    4.891328    4.469601    0.421727    0.000000    0.000000    0.000000    0.000000    0.000000    0.000000    0.000000    0.000000
  -4.50283    4.885262    4.464737    0.420525    0.000000    0.000000    0.000000    0.000000    0.000000    0.000000    0.000000    0.000000
  -4.50117    4.879185    4.459861    0.419324    0.000000    0.000000    0.000000    0.000000    0.000000    0.000000    0.000000    0.000000
  -4.49950    4.873098    4.454971    0.418127    0.000000    0.000000    0.000000    0.000000    0.000000    0.000000    0.000000    0.000000
  -4.49783    4.867001    4.450070    0.416931    0.000000    0.000000    0.000000    0.000000    0.000000    0.000000    0.000000    0.000000
  -4.49617    4.860894    4.445156    0.415738    0.000000    0.000000    0.000000    0.000000    0.000000    0.000000    0.000000    0.000000
  -4.49450    4.854777    4.440229    0.414548    0.000000    0.000000    0.000000    0.000000    0.000000    0.000000    0.000000    0.000000
  -4.49283    4.848650    4.435291    0.413359    0.000000    0.000000    0.000000    0.000000    0.000000    0.000000    0.000000    0.000000
  -4.49116    4.842513    4.430340    0.412174    0.000000    0.000000    0.000000    0.000000    0.000000    0.000000    0.000000    0.000000
  -4.48950    4.836366    4.425376    0.410990    0.000000    0.000000    0.000000    0.000000    0.000000    0.000000    0.000000    0.000000
  -4.48783    4.830209    4.420400    0.409809    0.000000    0.000000    0.000000    0.000000    0.000000    0.000000    0.000000    0.000000
  -4.48616    4.824042    4.415412    0.408630    0.000000    0.000000    0.000000    0.000000    0.000000    0.000000    0.000000    0.000000
  -4.48449    4.817866    4.410412    0.407454    0.000000    0.000000    0.000000    0.000000    0.000000    0.000000    0.000000    0.000000
  -4.48283    4.811679    4.405400    0.406280    0.000000    0.000000    0.000000    0.000000    0.000000    0.000000    0.000000    0.000000
  -4.48116    4.805483    4.400375    0.405108    0.000000    0.000000    0.000000    0.000000    0.000000    0.000000    0.000000    0.000000
  -4.47949    4.799277    4.395339    0.403939    0.000000    0.000000    0.000000    0.000000    0.000000    0.000000    0.000000    0.000000
  -4.47783    4.793062    4.390290    0.402772    0.000000    0.000000    0.000000    0.000000    0.000000    0.000000    0.000000    0.000000
  -4.47616    4.786836    4.385230    0.401607    0.000000    0.000000    0.000000    0.000000    0.000000    0.000000    0.000000    0.000000
  -4.47449    4.780601    4.380157    0.400445    0.000000    0.000000    0.000000    0.000000    0.000000    0.000000    0.000000    0.000000
  -4.47282    4.774357    4.375072    0.399285    0.000000    0.000000    0.000000    0.000000    0.000000    0.000000    0.000000    0.000000
  -4.47116    4.768103    4.369976    0.398127    0.000000    0.000000    0.000000    0.000000    0.000000    0.000000    0.000000    0.000000
  -4.46949    4.761839    4.364867    0.396972    0.000000    0.000000    0.000000    0.000000    0.000000    0.000000    0.000000    0.000000
  -4.46782    4.755566    4.359747    0.395819    0.000000    0.000000    0.000000    0.000000    0.000000    0.000000    0.000000    0.000000
  -4.46616    4.749283    4.354615    0.394668    0.000000    0.000000    0.000000    0.000000    0.000000    0.000000    0.000000    0.000000
  -4.46449    4.742991    4.349471    0.393520    0.000000    0.000000    0.000000    0.000000    0.000000    0.000000    0.000000    0.000000
  -4.46282    4.736689    4.344316    0.392373    0.000000    0.000000    0.000000    0.000000    0.000000    0.000000    0.000000    0.000000
  -4.46115    4.730378    4.339149    0.391230    0.000000    0.000000    0.000000    0.000000    0.000000    0.000000    0.000000    0.000000
  -4.45949    4.724058    4.333970    0.390088    0.000000    0.000000    0.000000    0.000000    0.000000    0.000000    0.000000    0.000000
  -4.45782    4.717729    4.328779    0.388949    0.000000    0.000000    0.000000    0.000000    0.000000    0.000000    0.000000    0.000000
  -4.45615    4.711390    4.323577    0.387813    0.000000    0.000000    0.000000    0.000000    0.000000    0.000000    0.000000    0.000000
  -4.45448    4.705042    4.318364    0.386678    0.000000    0.000000    0.000000    0.000000    0.000000    0.000000    0.000000    0.000000
  -4.45282    4.698685    4.313139    0.385546    0.000000    0.000000    0.000000    0.000000    0.000000    0.000000    0.000000    0.000000
  -4.45115    4.692318    4.307902    0.384416    0.000000    0.000000    0.000000    0.000000    0.000000    0.000000    0.000000    0.000000
  -4.44948    4.685943    4.302654    0.383288    0.000000    0.000000    0.000000    0.000000    0.000000    0.000000    0.000000    0.000000
  -4.44782    4.679558    4.297395    0.382163    0.000000    0.000000    0.000000    0.000000    0.000000    0.000000    0.000000    0.000000
  -4.44615    4.673164    4.292124    0.381040    0.000000    0.000000    0.000000    0.000000    0.000000    0.000000    0.000000    0.000000
  -4.44448    4.666762    4.286842    0.379919    0.000000    0.000000    0.000000    0.000000    0.000000    0.000000    0.000000    0.000000
  -4.44281    4.660350    4.281549    0.378801    0.000000    0.000000    0.000000    0.000000    0.000000    0.000000    0.000000    0.000000
  -4.44115    4.653930    4.276245    0.377685    0.000000    0.000000    0.000000    0.000000    0.000000    0.000000    0.000000    0.000000
  -4.43948    4.647500    4.270929    0.376571    0.000000    0.000000    0.000000    0.000000    0.000000    0.000000    0.000000    0.000000
  -4.43781    4.641062    4.265602    0.375459    0.000000    0.000000    0.000000    0.000000    0.000000    0.000000    0.000000    0.000000
  -4.43615    4.634615    4.260265    0.374350    0.000000    0.000000    0.000000    0.000000    0.000000    0.000000    0.000000    0.000000
  -4.43448    4.628159    4.254916    0.373243    0.000000    0.000000    0.000000    0.000000    0.000000    0.000000    0.000000    0.000000
  -4.43281    4.621694    4.249556    0.372138    0.000000    0.000000    0.000000    0.000000    0.000000    0.000000    0.000000    0.000000
  -4.43114    4.615221    4.244185    0.371036    0.000000    0.000000    0.000000    0.000000    0.000000    0.000000    0.000000    0.000000
  -4.42948    4.608738    4.238803    0.369935    0.000000    0.000000    0.000000    0.000000    0.000000    0.000000    0.000000    0.000000
  -4.42781    4.602248    4.233410    0.368837    0.000000    0.000000    0.000000    0.000000    0.000000    0.000000    0.000000    0.000000
  -4.42614    4.595748    4.228007    0.367742    0.000000    0.000000    0.000000    0.000000    0.000000    0.000000    0.000000    0.000000
  -4.42447    4.589241    4.222592    0.366648    0.000000    0.000000    0.000000    0.000000    0.000000    0.000000    0.000000    0.000000
  -4.42281    4.582724    4.217167    0.365557    0.000000    0.000000    0.000000    0.000000    0.000000    0.000000    0.000000    0.000000
  -4.42114    4.576199    4.211731    0.364468    0.000000    0.000000    0.000000    0.000000    0.000000    0.000000    0.000000    0.000000
  -4.41947    4.569666    4.206285    0.363381    0.000000    0.000000    0.000000    0.000000    0.000000    0.000000    0.000000    0.000000
  -4.41781    4.563124    4.200827    0.362297    0.000000    0.000000    0.000000    0.000000    0.000000    0.000000    0.000000    0.000000
  -4.41614    4.556574    4.195360    0.361214    0.000000    0.000000    0.000000    0.000000    0.000000    0.000000    0.000000    0.000000
  -4.41447    4.550016    4.189881    0.360134    0.000000    0.000000    0.000000    0.000000    0.000000    0.000000    0.000000    0.000000
  -4.41280    4.543449    4.184392    0.359057    0.000000    0.000000    0.000000    0.000000    0.000000    0.000000    0.000000    0.000000
  -4.41114    4.536874    4.178893    0.357981    0.000000    0.000000    0.000000    0.000000    0.000000    0.000000    0.000000    0.000000
  -4.40947    4.530291    4.173383    0.356908    0.000000    0.000000    0.000000    0.000000    0.000000    0.000000    0.000000    0.000000
  -4.40780    4.523700    4.167863    0.355837    0.000000    0.000000    0.000000    0.000000    0.000000    0.000000    0.000000    0.000000
  -4.40614    4.517100    4.162332    0.354768    0.000000    0.000000    0.000000    0.000000    0.000000    0.000000    0.000000    0.000000
  -4.40447    4.510493    4.156792    0.353701    0.000000    0.000000    0.000000    0.000000    0.000000    0.000000    0.000000    0.000000
  -4.40280    4.503877    4.151241    0.352636    0.000000    0.000000    0.000000    0.000000    0.000000    0.000000    0.000000    0.000000
  -4.40113    4.497254    4.145679    0.351574    0.000000    0.000000    0.000000    0.000000    0.000000    0.000000    0.000000    0.000000
  -4.39947    4.490622    4.140108    0.350514    0.000000    0.000000    0.000000    0.000000    0.000000    0.000000    0.000000    0.000000
  -4.39780    4.483983    4.134526    0.349456    0.000000    0.000000    0.000000    0.000000    0.000000    0.000000    0.000000    0.000000
  -4.39613    4.477335    4.128935    0.348401    0.000000    0.000000    0.000000    0.000000    0.000000    0.000000    0.000000    0.000000
  -4.39446    4.470680    4.123333    0.347347    0.000000    0.000000    0.000000    0.000000    0.000000    0.000000    0.000000    0.000000
  -4.39280    4.464017    4.117721    0.346296    0.000000    0.000000    0.000000    0.000000    0.000000    0.000000    0.000000    0.000000
  -4.39113    4.457347    4.112100    0.345247    0.000000    0.000000    0.000000    0.000000    0.000000    0.000000    0.000000    0.000000
  -4.38946    4.450668    4.106468    0.344200    0.000000    0.000000    0.000000    0.000000    0.000000    0.000000    0.000000    0.000000
  -4.38780    4.443982    4.100827    0.343156    0.000000    0.000000    0.000000    0.000000    0.000000    0.000000    0.000000    0.000000
  -4.38613    4.437288    4.095175    0.342113    0.000000    0.000000    0.000000    0.000000    0.000000    0.000000    0.000000    0.000000
  -4.38446    4.430587    4.089514    0.341073    0.000000    0.000000    0.000000    0.000000    0.000000    0.000000    0.000000    0.000000
  -4.38279    4.423878    4.083844    0.340035    0.000000    0.000000    0.000000    0.000000    0.000000    0.000000    0.000000    0.000000
  -4.38113    4.417162    4.078163    0.338999    0.000000    0.000000    0.000000    0.000000    0.000000    0.000000    0.000000    0.000000
  -4.37946    4.410438    4.072473    0.337965    0.000000    0.000000    0.000000    0.000000    0.000000    0.000000    0.000000    0.000000
  -4.37779    4.403707    4.066774    0.336933    0.000000    0.000000    0.000000    0.000000    0.000000    0.000000    0.000000    0.000000
  -4.37613    4.396969    4.061065    0.335904    0.000000    0.000000    0.000000    0.000000    0.000000    0.000000    0.000000    0.000000
  -4.37446    4.390223    4.055346    0.334877    0.000000    0.000000    0.000000    0.000000    0.000000    0.000000    0.000000    0.000000
  -4.37279    4.383470    4.049618    0.333852    0.000000    0.000000    0.000000    0.000000    0.000000    0.000000    0.000000    0.000000
  -4.37112    4.376709    4.043880    0.332829    0.000000    0.000000    0.000000    0.000000    0.000000    0.000000    0.000000    0.000000
  -4.36946    4.369942    4.038134    0.331808    0.000000    0.000000    0.000000    0.000000    0.000000    0.000000    0.000000    0.000000
  -4.36779    4.363167    4.032378    0.330790    0.000000    0.000000    0.000000    0.000000    0.000000    0.000000    0.000000    0.000000
  -4.36612    4.356385    4.026612    0.329773    0.000000    0.000000    0.000000    0.000000    0.000000    0.000000    0.000000    0.000000
  -4.36445    4.349597    4.020838    0.328759    0.000000    0.000000    0.000000    0.000000    0.000000    0.000000    0.000000    0.000000
  -4.36279    4.342801    4.015054    0.327747    0.000000    0.000000    0.000000    0.000000    0.000000    0.000000    0.000000    0.000000
  -4.36112    4.335998    4.009261    0.326737    0.000000    0.000000    0.000000    0.000000    0.000000    0.000000    0.000000    0.000000
  -4.35945    4.329188    4.003459    0.325729    0.000000    0.000000    0.000000    0.000000    0.000000    0.000000    0.000000    0.000000
  -4.35779    4.322371    3.997648    0.324723    0.000000    0.000000    0.000000    0.000000    0.000000    0.000000    0.000000    0.000000
  -4.35612    4.315548    3.991828    0.323720    0.000000    0.000000    0.000000    0.000000    0.000000    0.000000    0.000000    0.000000
  -4.35445    4.308718    3.985999    0.322719    0.000000    0.000000    0.000000    0.000000    0.000000    0.000000    0.000000    0.000000
  -4.35278    4.301881    3.980161    0.321719    0.000000    0.000000    0.000000    0.000000    0.000000    0.000000    0.000000    0.000000
  -4.35112    4.295037    3.974315    0.320722    0.000000    0.000000    0.000000    0.000000    0.000000    0.000000    0.000000    0.000000
  -4.34945    4.288186    3.968459    0.319727    0.000000    0.000000    0.000000    0.000000    0.000000    0.000000    0.000000    0.000000
  -4.34778    4.281329    3.962595    0.318734    0.000000    0.000000    0.000000    0.000000    0.000000    0.000000    0.000000    0.000000
  -4.34612    4.274466    3.956722    0.317744    0.000000    0.000000    0.000000    0.000000    0.000000    0.000000    0.000000    0.000000
  -4.34445    4.267596    3.950841    0.316755    0.000000    0.000000    0.000000    0.000000    0.000000    0.000000    0.000000    0.000000
  -4.34278    4.260719    3.944951    0.315769    0.000000    0.000000    0.000000    0.000000    0.000000    0.000000    0.000000    0.000000
  -4.34111    4.253836    3.939052    0.314784    0.000000    0.000000    0.000000    0.000000    0.000000    0.000000    0.000000    0.000000
  -4.33945    4.246947    3.933145    0.313802    0.000000    0.000000    0.000000    0.000000    0.000000    0.000000    0.000000    0.000000
  -4.33778    4.240051    3.927230    0.312822    0.000000    0.000000    0.000000    0.000000    0.000000    0.000000    0.000000    0.000000
  -4.33611    4.233149    3.921306    0.311844    0.000000    0.000000    0.000000    0.000000    0.000000    0.000000    0.000000    0.000000
  -4.33444    4.226241    3.915373    0.310868    0.000000    0.000000    0.000000    0.000000    0.000000    0.000000    0.000000    0.000000
  -4.33278    4.219327    3.909433    0.309894    0.000000    0.000000    0.000000    0.000000    0.000000    0.000000    0.000000    0.000000
  -4.33111    4.212406    3.903484    0.308922    0.000000    0.000000    0.000000    0.000000    0.000000    0.000000    0.000000    0.000000
  -4.32944    4.205480    3.897527    0.307953    0.000000    0.000000    0.000000    0.000000    0.000000    0.000000    0.000000    0.000000
  -4.32778    4.198547    3.891562    0.306985    0.000000    0.000000    0.000000    0.000000    0.000000    0.000000    0.000000    0.000000
  -4.32611    4.191608    3.885588    0.306020    0.000000    0.000000    0.000000    0.000000    0.000000    0.000000    0.000000    0.000000
  -4.32444    4.184664    3.879607    0.305057    0.000000    0.000000    0.000000    0.000000    0.000000    0.000000    0.000000    0.000000
  -4.32277    4.177713    3.873618    0.304095    0.000000    0.000000    0.000000    0.000000    0.000000    0.000000    0.000000    0.000000
  -4.32111    4.170757    3.867620    0.303136    0.000000    0.000000    0.000000    0.000000    0.000000    0.000000    0.000000    0.000000
  -4.31944    4.163794    3.861615    0.302179    0.000000    0.000000    0.000000    0.000000    0.000000    0.000000    0.000000    0.000000
  -4.31777    4.156826    3.855602    0.301224    0.000000    0.000000    0.000000    0.000000    0.000000    0.000000    0.000000    0.000000
  -4.31611    4.149853    3.849581    0.300271    0.000000    0.000000    0.000000    0.000000    0.000000    0.000000    0.000000    0.000000
  -4.31444    4.142873    3.843553    0.299321    0.000000    0.000000    0.000000    0.000000    0.000000    0.000000    0.000000    0.000000
  -4.31277    4.135888    3.837516    0.298372    0.000000    0.000000    0.000000    0.000000    0.000000    0.000000    0.000000    0.000000
  -4.31110    4.128898    3.831472    0.297425    0.000000    0.000000    0.000000    0.000000    0.000000    0.000000    0.000000    0.000000
  -4.30944    4.121902    3.825421    0.296481    0.000000    0.000000    0.000000    0.000000    0.000000    0.000000    0.000000    0.000000
  -4.30777    4.114900    3.819362    0.295538    0.000000    0.000000    0.000000    0.000000    0.000000    0.000000    0.000000    0.000000
  -4.30610    4.107893    3.813295    0.294598    0.000000    0.000000    0.000000    0.000000    0.000000    0.000000    0.000000    0.000000
  -4.30443    4.100881    3.807221    0.293659    0.000000    0.000000    0.000000    0.000000    0.000000    0.000000    0.000000    0.000000
  -4.30277    4.093863    3.801140    0.292723    0.000000    0.000000    0.000000    0.000000    0.000000    0.000000    0.000000    0.000000
  -4.30110    4.086840    3.795051    0.291789    0.000000    0.000000    0.000000    0.000000    0.000000    0.000000    0.000000    0.000000
  -4.29943    4.079812    3.788955    0.290857    0.000000    0.000000    0.000000    0.000000    0.000000    0.000000    0.000000    0.000000
  -4.29777    4.072778    3.782852    0.289926    0.000000    0.000000    0.000000    0.000000    0.000000    0.000000    0.000000    0.000000
  -4.29610    4.065740    3.776741    0.288998    0.000000    0.000000    0.000000    0.000000    0.000000    0.000000    0.000000    0.000000
  -4.29443    4.058696    3.770624    0.288072    0.000000    0.000000    0.000000    0.000000    0.000000    0.000000    0.000000    0.000000
  -4.29276    4.051647    3.764499    0.287148    0.000000    0.000000    0.000000    0.000000    0.000000    0.000000    0.000000    0.000000
  -4.29110    4.044594    3.758367    0.286226    0.000000    0.000000    0.000000    0.000000    0.000000    0.000000    0.000000    0.000000
  -4.28943    4.037535    3.752229    0.285307    0.000000    0.000000    0.000000    0.000000    0.000000    0.000000    0.000000    0.000000
  -4.28776    4.030472    3.746083    0.284389    0.000000    0.000000    0.000000    0.000000    0.000000    0.000000    0.000000    0.000000
  -4.28610    4.023403    3.739931    0.283473    0.000000    0.000000    0.000000    0.000000    0.000000    0.000000    0.000000    0.000000
  -4.28443    4.016330    3.733771    0.282559    0.000000    0.000000    0.000000    0.000000    0.000000    0.000000    0.000000    0.000000
  -4.28276    4.009253    3.727605    0.281647    0.000000    0.000000    0.000000    0.000000    0.000000    0.000000    0.000000    0.000000
  -4.28109    4.002170    3.721432    0.280738    0.000000    0.000000    0.000000    0.000000    0.000000    0.000000    0.000000    0.000000
  -4.27943    3.995083    3.715253    0.279830    0.000000    0.000000    0.000000    0.000000    0.000000    0.000000    0.000000    0.000000
  -4.27776    3.987991    3.709067    0.278924    0.000000    0.000000    0.000000    0.000000    0.000000    0.000000    0.000000    0.000000
  -4.27609    3.980895    3.702874    0.278021    0.000000    0.000000    0.000000    0.000000    0.000000    0.000000    0.000000    0.000000
  -4.27442    3.973794    3.696675    0.277119    0.000000    0.000000    0.000000    0.000000    0.000000    0.000000    0.000000    0.000000
  -4.27276    3.966689    3.690469    0.276220    0.000000    0.000000    0.000000    0.000000    0.000000    0.000000    0.000000    0.000000
  -4.27109    3.959580    3.684257    0.275322    0.000000    0.000000    0.000000    0.000000    0.000000    0.000000    0.000000    0.000000
  -4.26942    3.952466    3.678039    0.274427    0.000000    0.000000    0.000000    0.000000    0.000000    0.000000    0.000000    0.000000
  -4.26776    3.945348    3.671815    0.273533    0.000000    0.000000    0.000000    0.000000    0.000000    0.000000    0.000000    0.000000
  -4.26609    3.938225    3.665584    0.272642    0.000000    0.000000    0.000000    0.000000    0.000000    0.000000    0.000000    0.000000
  -4.26442    3.931099    3.659347    0.271752    0.000000    0.000000    0.000000    0.000000    0.000000    0.000000    0.000000    0.000000
  -4.26275    3.923968    3.653103    0.270865    0.000000    0.000000    0.000000    0.000000    0.000000    0.000000    0.000000    0.000000
  -4.26109    3.916833    3.646854    0.269979    0.000000    0.000000    0.000000    0.000000    0.000000    0.000000    0.000000    0.000000
  -4.25942    3.909694    3.640599    0.269096    0.000000    0.000000    0.000000    0.000000    0.000000    0.000000    0.000000    0.000000
  -4.25775    3.902552    3.634338    0.268214    0.000000    0.000000    0.000000    0.000000    0.000000    0.000000    0.000000    0.000000
  -4.25609    3.895405    3.628070    0.267335    0.000000    0.000000    0.000000    0.000000    0.000000    0.000000    0.000000    0.000000
  -4.25442    3.888255    3.621797    0.266457    0.000000    0.000000    0.000000    0.000000    0.000000    0.000000    0.000000    0.000000
  -4.25275    3.881100    3.615519    0.265582    0.000000    0.000000    0.000000    0.000000    0.000000    0.000000    0.000000    0.000000
  -4.25108    3.873942    3.609234    0.264708    0.000000    0.000000    0.000000    0.000000    0.000000    0.000000    0.000000    0.000000
  -4.24942    3.866780    3.602944    0.263837    0.000000    0.000000    0.000000    0.000000    0.000000    0.000000    0.000000    0.000000
  -4.24775    3.859615    3.596648    0.262967    0.000000    0.000000    0.000000    0.000000    0.000000    0.000000    0.000000    0.000000
  -4.24608    3.852446    3.590346    0.262100    0.000000    0.000000    0.000000    0.000000    0.000000    0.000000    0.000000    0.000000
  -4.24441    3.845273    3.584039    0.261234    0.000000    0.000000    0.000000    0.000000    0.000000    0.000000    0.000000    0.000000
  -4.24275    3.838097    3.577726    0.260371    0.000000    0.000000    0.000000    0.000000    0.000000    0.000000    0.000000    0.000000
  -4.24108    3.830917    3.571408    0.259509    0.000000    0.000000    0.000000    0.000000    0.000000    0.000000    0.000000    0.000000
  -4.23941    3.823734    3.565085    0.258649    0.000000    0.000000    0.000000    0.000000    0.000000    0.000000    0.000000    0.000000
  -4.23775    3.816548    3.558756    0.257792    0.000000    0.000000    0.000000    0.000000    0.000000    0.000000    0.000000    0.000000
  -4.23608    3.809359    3.552422    0.256936    0.000000    0.000000    0.000000    0.000000    0.000000    0.000000    0.000000    0.000000
  -4.23441    3.802166    3.546083    0.256082    0.000000    0.000000    0.000000    0.000000    0.000000    0.000000    0.000000    0.000000
  -4.23274    3.794970    3.539739    0.255231    0.000000    0.000000    0.000000    0.000000    0.000000    0.000000    0.000000    0.000000
  -4.23108    3.787770    3.533390    0.254381    0.000000    0.000000    0.000000    0.000000    0.000000    0.000000    0.000000    0.000000
  -4.22941    3.780568    3.527035    0.253533    0.000000    0.000000    0.000000    0.000000    0.000000    0.000000    0.000000    0.000000
  -4.22774    3.773363    3.520676    0.252687    0.000000    0.000000    0.000000    0.000000    0.000000    0.000000    0.000000    0.000000
  -4.22608    3.766155    3.514311    0.251843    0.000000    0.000000    0.000000    0.000000    0.000000    0.000000    0.000000    0.000000
  -4.22441    3.758943    3.507942    0.251001    0.000000    0.000000    0.000000    0.000000    0.000000    0.000000    0.000000    0.000000
  -4.22274    3.751729    3.501568    0.250162    0.000000    0.000000    0.000000    0.000000    0.000000    0.000000    0.000000    0.000000
  -4.22107    3.744513    3.495189    0.249323    0.000000    0.000000    0.000000    0.000000    0.000000    0.000000    0.000000    0.000000
  -4.21941    3.737293    3.488805    0.248487    0.000000    0.000000    0.000000    0.000000    0.000000    0.000000    0.000000    0.000000
  -4.21774    3.730071    3.482417    0.247653    0.000000    0.000000    0.000000    0.000000    0.000000    0.000000    0.000000    0.000000
  -4.21607    3.722845    3.476024    0.246821    0.000000    0.000000    0.000000    0.000000    0.000000    0.000000    0.000000    0.000000
  -4.21440    3.715618    3.469627    0.245991    0.000000    0.000000    0.000000    0.000000    0.000000    0.000000    0.000000    0.000000
  -4.21274    3.708388    3.463225    0.245163    0.000000    0.000000    0.000000    0.000000    0.000000    0.000000    0.000000    0.000000
  -4.21107    3.701155    3.456819    0.244336    0.000000    0.000000    0.000000    0.000000    0.000000    0.000000    0.000000    0.000000
  -4.20940    3.693920    3.450408    0.243512    0.000000    0.000000    0.000000    0.000000    0.000000    0.000000    0.000000    0.000000
  -4.20774    3.686682    3.443993    0.242689    0.000000    0.000000    0.000000    0.000000    0.000000    0.000000    0.000000    0.000000
  -4.20607    3.679443    3.437574    0.241869    0.000000    0.000000    0.000000    0.000000    0.000000    0.000000    0.000000    0.000000
  -4.20440    3.672201    3.431150    0.241050    0.000000    0.000000    0.000000    0.000000    0.000000    0.000000    0.000000    0.000000
  -4.20273    3.664956    3.424722    0.240234    0.000000    0.000000    0.000000    0.000000    0.000000    0.000000    0.000000    0.000000
  -4.20107    3.657710    3.418291    0.239419    0.000000    0.000000    0.000000    0.000000    0.000000    0.000000    0.000000    0.000000
  -4.19940    3.650461    3.411855    0.238606    0.000000    0.000000    0.000000    0.000000    0.000000    0.000000    0.000000    0.000000
  -4.19773    3.643210    3.405415    0.237795    0.000000    0.000000    0.000000    0.000000    0.000000    0.000000    0.000000    0.000000
  -4.19607    3.635958    3.398971    0.236986    0.000000    0.000000    0.000000    0.000000    0.000000    0.000000    0.000000    0.000000
  -4.19440    3.628703    3.392524    0.236179    0.000000    0.000000    0.000000    0.000000    0.000000    0.000000    0.000000    0.000000
  -4.19273    3.621446    3.386072    0.235374    0.000000    0.000000    0.000000    0.000000    0.000000    0.000000    0.000000    0.000000
  -4.19106    3.614188    3.379617    0.234571    0.000000    0.000000    0.000000    0.000000    0.000000    0.000000    0.000000    0.000000
  -4.18940    3.606928    3.373158    0.233770    0.000000    0.000000    0.000000    0.000000    0.000000    0.000000    0.000000    0.000000
  -4.18773    3.599666    3.366695    0.232970    0.000000    0.000000    0.000000    0.000000    0.000000    0.000000    0.000000    0.000000
  -4.18606    3.592402    3.360229    0.232173    0.000000    0.000000    0.000000    0.000000    0.000000    0.000000    0.000000    0.000000
  -4.18439    3.585137    3.353760    0.231377    0.000000    0.000000    0.000000    0.000000    0.000000    0.000000    0.000000    0.000000
  -4.18273    3.577870    3.347286    0.230583    0.000000    0.000000    0.000000    0.000000    0.000000    0.000000    0.000000    0.000000
  -4.18106    3.570601    3.340810    0.229792    0.000000    0.000000    0.000000    0.000000    0.000000    0.000000    0.000000    0.000000
  -4.17939    3.563331    3.334330    0.229002    0.000000    0.000000    0.000000    0.000000    0.000000    0.000000    0.000000    0.000000
  -4.17773    3.556060    3.327846    0.228214    0.000000    0.000000    0.000000    0.000000    0.000000    0.000000    0.000000    0.000000
  -4.17606    3.548787    3.321360    0.227428    0.000000    0.000000    0.000000    0.000000    0.000000    0.000000    0.000000    0.000000
  -4.17439    3.541514    3.314870    0.226643    0.000000    0.000000    0.000000    0.000000    0.000000    0.000000    0.000000    0.000000
  -4.17272    3.534238    3.308377    0.225861    0.000000    0.000000    0.000000    0.000000    0.000000    0.000000    0.000000    0.000000
  -4.17106    3.526962    3.301881    0.225081    0.000000    0.000000    0.000000    0.000000    0.000000    0.000000    0.000000    0.000000
  -4.16939    3.519684    3.295382    0.224302    0.000000    0.000000    0.000000    0.000000    0.000000    0.000000    0.000000    0.000000
  -4.16772    3.512406    3.288880    0.223526    0.000000    0.000000    0.000000    0.000000    0.000000    0.000000    0.000000    0.000000
  -4.16606    3.505126    3.282375    0.222751    0.000000    0.000000    0.000000    0.000000    0.000000    0.000000    0.000000    0.000000
  -4.16439    3.497845    3.275867    0.221978    0.000000    0.000000    0.000000    0.000000    0.000000    0.000000    0.000000    0.000000
  -4.16272    3.490564    3.269357    0.221207    0.000000    0.000000    0.000000    0.000000    0.000000    0.000000    0.000000    0.000000
  -4.16105    3.483281    3.262843    0.220438    0.000000    0.000000    0.000000    0.000000    0.000000    0.000000    0.000000    0.000000
  -4.15939    3.475998    3.256327    0.219671    0.000000    0.000000    0.000000    0.000000    0.000000    0.000000    0.000000    0.000000
  -4.15772    3.468714    3.249808    0.218905    0.000000    0.000000    0.000000    0.000000    0.000000    0.000000    0.000000    0.000000
  -4.15605    3.461429    3.243287    0.218142    0.000000    0.000000    0.000000    0.000000    0.000000    0.000000    0.000000    0.000000
  -4.15438    3.454143    3.236763    0.217380    0.000000    0.000000    0.000000    0.000000    0.000000    0.000000    0.000000    0.000000
  -4.15272    3.446857    3.230237    0.216620    0.000000    0.000000    0.000000    0.000000    0.000000    0.000000    0.000000    0.000000
  -4.15105    3.439571    3.223708    0.215863    0.000000    0.000000    0.000000    0.000000    0.000000    0.000000    0.000000    0.000000
  -4.14938    3.432284    3.217177    0.215106    0.000000    0.000000    0.000000    0.000000    0.000000    0.000000    0.000000    0.000000
  -4.14772    3.424996    3.210644    0.214352    0.000000    0.000000    0.000000    0.000000    0.000000    0.000000    0.000000    0.000000
  -4.14605    3.417708    3.204108    0.213600    0.000000    0.000000    0.000000    0.000000    0.000000    0.000000    0.000000    0.000000
  -4.14438    3.410420    3.197571    0.212850    0.000000    0.000000    0.000000    0.000000    0.000000    0.000000    0.000000    0.000000
  -4.14271    3.403132    3.191031    0.212101    0.000000    0.000000    0.000000    0.000000    0.000000    0.000000    0.000000    0.000000
  -4.14105    3.395843    3.184489    0.211354    0.000000    0.000000    0.000000    0.000000    0.000000    0.000000    0.000000    0.000000
  -4.13938    3.388554    3.177945    0.210609    0.000000    0.000000    0.000000    0.000000    0.000000    0.000000    0.000000    0.000000
  -4.13771    3.381265    3.171399    0.209866    0.000000    0.000000    0.000000    0.000000    0.000000    0.000000    0.000000    0.000000
  -4.13605    3.373976    3.164851    0.209125    0.000000    0.000000    0.000000    0.000000    0.000000    0.000000    0.000000    0.000000
  -4.13438    3.366687    3.158301    0.208386    0.000000    0.000000    0.000000    0.000000    0.000000    0.000000    0.000000    0.000000
  -4.13271    3.359398    3.151750    0.207648    0.000000    0.000000    0.000000    0.000000    0.000000    0.000000    0.000000    0.000000
  -4.13104    3.352109    3.145197    0.206912    0.000000    0.000000    0.000000    0.000000    0.000000    0.000000    0.000000    0.000000
  -4.12938    3.344820    3.138642    0.206179    0.000000    0.000000    0.000000    0.000000    0.000000    0.000000    0.000000    0.000000
  -4.12771    3.337532    3.132085    0.205447    0.000000    0.000000    0.000000    0.000000    0.000000    0.000000    0.000000    0.000000
  -4.12604    3.330244    3.125527    0.204716    0.000000    0.000000    0.000000    0.000000    0.000000    0.000000    0.000000    0.000000
  -4.12437    3.322956    3.118968    0.203988    0.000000    0.000000    0.000000    0.000000    0.000000    0.000000    0.000000    0.000000
  -4.12271    3.315668    3.112407    0.203262    0.000000    0.000000    0.000000    0.000000    0.000000    0.000000    0.000000    0.000000
  -4.12104    3.308381    3.105844    0.202537    0.000000    0.000000    0.000000    0.000000    0.000000    0.000000    0.000000    0.000000
  -4.11937    3.301095    3.099281    0.201814    0.000000    0.000000    0.000000    0.000000    0.000000    0.000000    0.000000    0.000000
  -4.11771    3.293809    3.092716    0.201093    0.000000    0.000000    0.000000    0.000000    0.000000    0.000000    0.000000    0.000000
  -4.11604    3.286523    3.086149    0.200374    0.000000    0.000000    0.000000    0.000000    0.000000    0.000000    0.000000    0.000000
  -4.11437    3.279238    3.079582    0.199656    0.000000    0.000000    0.000000    0.000000    0.000000    0.000000    0.000000    0.000000
  -4.11270    3.271954    3.073014    0.198941    0.000000    0.000000    0.000000    0.000000    0.000000    0.000000    0.000000    0.000000
  -4.11104    3.264671    3.066444    0.198227    0.000000    0.000000    0.000000    0.000000    0.000000    0.000000    0.000000    0.000000
  -4.10937    3.257389    3.059874    0.197515    0.000000    0.000000    0.000000    0.000000    0.000000    0.000000    0.000000    0.000000
  -4.10770    3.250107    3.053302    0.196805    0.000000    0.000000    0.000000    0.000000    0.000000    0.000000    0.000000    0.000000
  -4.10604    3.242826    3.046730    0.196097    0.000000    0.000000    0.000000    0.000000    0.000000    0.000000    0.000000    0.000000
  -4.10437    3.235547    3.040157    0.195390    0.000000    0.000000    0.000000    0.000000    0.000000    0.000000    0.000000    0.000000
  -4.10270    3.228268    3.033583    0.194685    0.000000    0.000000    0.000000    0.000000    0.000000    0.000000    0.000000    0.000000
  -4.10103    3.220991    3.027008    0.193982    0.000000    0.000000    0.000000    0.000000    0.000000    0.000000    0.000000    0.000000
  -4.09937    3.213714    3.020433    0.193281    0.000000    0.000000    0.000000    0.000000    0.000000    0.000000    0.000000    0.000000
  -4.09770    3.206439    3.013857    0.192582    0.000000    0.000000    0.000000    0.000000    0.000000    0.000000    0.000000    0.000000
  -4.09603    3.199165    3.007281    0.191884    0.000000    0.000000    0.000000    0.000000    0.000000    0.000000    0.000000    0.000000
  -4.09436    3.191893    3.000704    0.191189    0.000000    0.000000    0.000000    0.000000    0.000000    0.000000    0.000000    0.000000
  -4.09270    3.184621    2.994127    0.190495    0.000000    0.000000    0.000000    0.000000    0.000000    0.000000    0.000000    0.000000
  -4.09103    3.177352    2.987549    0.189803    0.000000    0.000000    0.000000    0.000000    0.000000    0.000000    0.000000    0.000000
  -4.08936    3.170083    2.980971    0.189112    0.000000    0.000000    0.000000    0.000000    0.000000    0.000000    0.000000    0.000000
  -4.08770    3.162816    2.974393    0.188424    0.000000    0.000000    0.000000    0.000000    0.000000    0.000000    0.000000    0.000000
  -4.08603    3.155551    2.967814    0.187737    0.000000    0.000000    0.000000    0.000000    0.000000    0.000000    0.000000    0.000000
  -4.08436    3.148288    2.961236    0.187052    0.000000    0.000000    0.000000    0.000000    0.000000    0.000000    0.000000    0.000000
  -4.08269    3.141026    2.954657    0.186369    0.000000    0.000000    0.000000    0.000000    0.000000    0.000000    0.000000    0.000000
  -4.08103    3.133766    2.948078    0.185687    0.000000    0.000000    0.000000    0.000000    0.000000    0.000000    0.000000    0.000000
  -4.07936    3.126507    2.941500    0.185008    0.000000    0.000000    0.000000    0.000000    0.000000    0.000000    0.000000    0.000000
  -4.07769    3.119251    2.934921    0.184330    0.000000    0.000000    0.000000    0.000000    0.000000    0.000000    0.000000    0.000000
  -4.07603    3.111996    2.928343    0.183654    0.000000    0.000000    0.000000    0.000000    0.000000    0.000000    0.000000    0.000000
  -4.07436    3.104744    2.921765    0.182979    0.000000    0.000000    0.000000    0.000000    0.000000    0.000000    0.000000    0.000000
  -4.07269    3.097493    2.915187    0.182307    0.000000    0.000000    0.000000    0.000000    0.000000    0.000000    0.000000    0.000000
  -4.07102    3.090245    2.908609    0.181636    0.000000    0.000000    0.000000    0.000000    0.000000    0.000000    0.000000    0.000000
  -4.06936    3.082998    2.902032    0.180967    0.000000    0.000000    0.000000    0.000000    0.000000    0.000000    0.000000    0.000000
  -4.06769    3.075754    2.895455    0.180299    0.000000    0.000000    0.000000    0.000000    0.000000    0.000000    0.000000    0.000000
  -4.06602    3.068512    2.888878    0.179634    0.000000    0.000000    0.000000    0.000000    0.000000    0.000000    0.000000    0.000000
  -4.06435    3.061272    2.882302    0.178970    0.000000    0.000000    0.000000    0.000000    0.000000    0.000000    0.000000    0.000000
  -4.06269    3.054035    2.875727    0.178308    0.000000    0.000000    0.000000    0.000000    0.000000    0.000000    0.000000    0.000000
  -4.06102    3.046800    2.869152    0.177648    0.000000    0.000000    0.000000    0.000000    0.000000    0.000000    0.000000    0.000000
  -4.05935    3.039568    2.862578    0.176989    0.000000    0.000000    0.000000    0.000000    0.000000    0.000000    0.000000    0.000000
  -4.05769    3.032338    2.856005    0.176333    0.000000    0.000000    0.000000    0.000000    0.000000    0.000000    0.000000    0.000000
  -4.05602    3.025110    2.849433    0.175677    0.000000    0.000000    0.000000    0.000000    0.000000    0.000000    0.000000    0.000000
  -4.05435    3.017885    2.842861    0.175024    0.000000    0.000000    0.000000    0.000000    0.000000    0.000000    0.000000    0.000000
  -4.05268    3.010663    2.836291    0.174373    0.000000    0.000000    0.000000    0.000000    0.000000    0.000000    0.000000    0.000000
  -4.05102    3.003444    2.829721    0.173723    0.000000    0.000000    0.000000    0.000000    0.000000    0.000000    0.000000    0.000000
  -4.04935    2.996227    2.823152    0.173075    0.000000    0.000000    0.000000    0.000000    0.000000    0.000000    0.000000    0.000000
  -4.04768    2.989013    2.816585    0.172429    0.000000    0.000000    0.000000    0.000000    0.000000    0.000000    0.000000    0.000000
  -4.04602    2.981802    2.810019    0.171784    0.000000    0.000000    0.000000    0.000000    0.000000    0.000000    0.000000    0.000000
  -4.04435    2.974594    2.803453    0.171141    0.000000    0.000000    0.000000    0.000000    0.000000    0.000000    0.000000    0.000000
  -4.04268    2.967389    2.796889    0.170500    0.000000    0.000000    0.000000    0.000000    0.000000    0.000000    0.000000    0.000000
  -4.04101    2.960187    2.790327    0.169861    0.000000    0.000000    0.000000    0.000000    0.000000    0.000000    0.000000    0.000000
  -4.03935    2.952989    2.783766    0.169223    0.000000    0.000000    0.000000    0.000000    0.000000    0.000000    0.000000    0.000000
  -4.03768    2.945793    2.777206    0.168587    0.000000    0.000000    0.000000    0.000000    0.000000    0.000000    0.000000    0.000000
  -4.03601    2.938600    2.770647    0.167953    0.000000    0.000000    0.000000    0.000000    0.000000    0.000000    0.000000    0.000000
  -4.03434    2.931411    2.764091    0.167320    0.000000    0.000000    0.000000    0.000000    0.000000    0.000000    0.000000    0.000000
  -4.03268    2.924225    2.757535    0.166689    0.000000    0.000000    0.000000    0.000000    0.000000    0.000000    0.000000    0.000000
  -4.03101    2.917042    2.750982    0.166060    0.000000    0.000000    0.000000    0.000000    0.000000    0.000000    0.000000    0.000000
  -4.02934    2.909863    2.744430    0.165433    0.000000    0.000000    0.000000    0.000000    0.000000    0.000000    0.000000    0.000000
  -4.02768    2.902687    2.737880    0.164807    0.000000    0.000000    0.000000    0.000000    0.000000    0.000000    0.000000    0.000000
  -4.02601    2.895515    2.731331    0.164183    0.000000    0.000000    0.000000    0.000000    0.000000    0.000000    0.000000    0.000000
  -4.02434    2.888346    2.724785    0.163561    0.000000    0.000000    0.000000    0.000000    0.000000    0.000000    0.000000    0.000000
  -4.02267    2.881181    2.718240    0.162941    0.000000    0.000000    0.000000    0.000000    0.000000    0.000000    0.000000    0.000000
  -4.02101    2.874020    2.711698    0.162322    0.000000    0.000000    0.000000    0.000000    0.000000    0.000000    0.000000    0.000000
  -4.01934    2.866862    2.705157    0.161705    0.000000    0.000000    0.000000    0.000000    0.000000    0.000000    0.000000    0.000000
  -4.01767    2.859708    2.698619    0.161089    0.000000    0.000000    0.000000    0.000000    0.000000    0.000000    0.000000    0.000000
  -4.01601    2.852558    2.692082    0.160476    0.000000    0.000000    0.000000    0.000000    0.000000    0.000000    0.000000    0.000000
  -4.01434    2.845412    2.685548    0.159864    0.000000    0.000000    0.000000    0.000000    0.000000    0.000000    0.000000    0.000000
  -4.01267    2.838269    2.679016    0.159253    0.000000    0.000000    0.000000    0.000000    0.000000    0.000000    0.000000    0.000000
  -4.01100    2.831131    2.672486    0.158645    0.000000    0.000000    0.000000    0.000000    0.000000    0.000000    0.000000    0.000000
  -4.00934    2.823997    2.665959    0.158038    0.000000    0.000000    0.000000    0.000000    0.000000    0.000000    0.000000    0.000000
  -4.00767    2.816867    2.659434    0.157433    0.000000    0.000000    0.000000    0.000000    0.000000    0.000000    0.000000    0.000000
  -4.00600    2.809741    2.652912    0.156829    0.000000    0.000000    0.000000    0.000000    0.000000    0.000000    0.000000    0.000000
  -4.00433    2.802619    2.646392    0.156227    0.000000    0.000000    0.000000    0.000000    0.000000    0.000000    0.000000    0.000000
  -4.00267    2.795501    2.639874    0.155627    0.000000    0.000000    0.000000    0.000000    0.000000    0.000000    0.000000    0.000000
  -4.00100    2.788388    2.633359    0.155028    0.000000    0.000000    0.000000    0.000000    0.000000    0.000000    0.000000    0.000000
  -3.99933    2.781279    2.626847    0.154431    0.000000    0.000000    0.000000    0.000000    0.000000    0.000000    0.000000    0.000000
  -3.99767    2.774174    2.620338    0.153836    0.000000    0.000000    0.000000    0.000000    0.000000    0.000000    0.000000    0.000000
  -3.99600    2.767074    2.613831    0.153243    0.000000    0.000000    0.000000    0.000000    0.000000    0.000000    0.000000    0.000000
  -3.99433    2.759978    2.607328    0.152651    0.000000    0.000000    0.000000    0.000000    0.000000    0.000000    0.000000    0.000000
  -3.99266    2.752887    2.600827    0.152061    0.000000    0.000000    0.000000    0.000000    0.000000    0.000000    0.000000    0.000000
  -3.99100    2.745801    2.594329    0.151472    0.000000    0.000000    0.000000    0.000000    0.000000    0.000000    0.000000    0.000000
  -3.98933    2.738719    2.587834    0.150885    0.000000    0.000000    0.000000    0.000000    0.000000    0.000000    0.000000    0.000000
  -3.98766    2.731642    2.581342    0.150300    0.000000    0.000000    0.000000    0.000000    0.000000    0.000000    0.000000    0.000000
  -3.98600    2.724569    2.574853    0.149717    0.000000    0.000000    0.000000    0.000000    0.000000    0.000000    0.000000    0.000000
  -3.98433    2.717502    2.568367    0.149135    0.000000    0.000000    0.000000    0.000000    0.000000    0.000000    0.000000    0.000000
  -3.98266    2.710439    2.561885    0.148555    0.000000    0.000000    0.000000    0.000000    0.000000    0.000000    0.000000    0.000000
  -3.98099    2.703381    2.555405    0.147976    0.000000    0.000000    0.000000    0.000000    0.000000    0.000000    0.000000    0.000000
  -3.97933    2.696328    2.548929    0.147399    0.000000    0.000000    0.000000    0.000000    0.000000    0.000000    0.000000    0.000000
  -3.97766    2.689281    2.542457    0.146824    0.000000    0.000000    0.000000    0.000000    0.000000    0.000000    0.000000    0.000000
  -3.97599    2.682238    2.535988    0.146250    0.000000    0.000000    0.000000    0.000000    0.000000    0.000000    0.000000    0.000000
  -3.97432    2.675200    2.529522    0.145678    0.000000    0.000000    0.000000    0.000000    0.000000    0.000000    0.000000    0.000000
  -3.97266    2.668167    2.523060    0.145108    0.000000    0.000000    0.000000    0.000000    0.000000    0.000000    0.000000    0.000000
  -3.97099    2.661140    2.516601    0.144539    0.000000    0.000000    0.000000    0.000000    0.000000    0.000000    0.000000    0.000000
  -3.96932    2.654118    2.510146    0.143972    0.000000    0.000000    0.000000    0.000000    0.000000    0.000000    0.000000    0.000000
  -3.96766    2.647101    2.503694    0.143407    0.000000    0.000000    0.000000    0.000000    0.000000    0.000000    0.000000    0.000000
  -3.96599    2.640090    2.497247    0.142843    0.000000    0.000000    0.000000    0.000000    0.000000    0.000000    0.000000    0.000000
  -3.96432    2.633084    2.490803    0.142281    0.000000    0.000000    0.000000    0.000000    0.000000    0.000000    0.000000    0.000000
  -3.96265    2.626083    2.484363    0.141720    0.000000    0.000000    0.000000    0.000000    0.000000    0.000000    0.000000    0.000000
  -3.96099    2.619088    2.477927    0.141161    0.000000    0.000000    0.000000    0.000000    0.000000    0.000000    0.000000    0.000000
  -3.95932    2.612098    2.471494    0.140604    0.000000    0.000000    0.000000    0.000000    0.000000    0.000000    0.000000    0.000000
  -3.95765    2.605114    2.465066    0.140048    0.000000    0.000000    0.000000    0.000000    0.000000    0.000000    0.000000    0.000000
  -3.95599    2.598136    2.458642    0.139494    0.000000    0.000000    0.000000    0.000000    0.000000    0.000000    0.000000    0.000000
  -3.95432    2.591163    2.452221    0.138942    0.000000    0.000000    0.000000    0.000000    0.000000    0.000000    0.000000    0.000000
  -3.95265    2.584196    2.445805    0.138391    0.000000    0.000000    0.000000    0.000000    0.000000    0.000000    0.000000    0.000000
  -3.95098    2.577235    2.439393    0.137842    0.000000    0.000000    0.000000    0.000000    0.000000    0.000000    0.000000    0.000000
  -3.94932    2.570280    2.432986    0.137294    0.000000    0.000000    0.000000    0.000000    0.000000    0.000000    0.000000    0.000000
  -3.94765    2.563331    2.426582    0.136748    0.000000    0.000000    0.000000    0.000000    0.000000    0.000000    0.000000    0.000000
  -3.94598    2.556387    2.420183    0.136204    0.000000    0.000000    0.000000    0.000000    0.000000    0.000000    0.000000    0.000000
  -3.94431    2.549450    2.413789    0.135661    0.000000    0.000000    0.000000    0.000000    0.000000    0.000000    0.000000    0.000000
  -3.94265    2.542518    2.407398    0.135120    0.000000    0.000000    0.000000    0.000000    0.000000    0.000000    0.000000    0.000000
  -3.94098    2.535593    2.401013    0.134581    0.000000    0.000000    0.000000    0.000000    0.000000    0.000000    0.000000    0.000000
  -3.93931    2.528674    2.394631    0.134043    0.000000    0.000000    0.000000    0.000000    0.000000    0.000000    0.000000    0.000000
  -3.93765    2.521761    2.388255    0.133506    0.000000    0.000000    0.000000    0.000000    0.000000    0.000000    0.000000    0.000000
  -3.93598    2.514854    2.381883    0.132971    0.000000    0.000000    0.000000    0.000000    0.000000    0.000000    0.000000    0.000000
  -3.93431    2.507954    2.375515    0.132438    0.000000    0.000000    0.000000    0.000000    0.000000    0.000000    0.000000    0.000000
  -3.93264    2.501059    2.369153    0.131907    0.000000    0.000000    0.000000    0.000000    0.000000    0.000000    0.000000    0.000000
  -3.93098    2.494171    2.362795    0.131377    0.000000    0.000000    0.000000    0.000000    0.000000    0.000000    0.000000    0.000000
  -3.92931    2.487290    2.356442    0.130848    0.000000    0.000000    0.000000    0.000000    0.000000    0.000000    0.000000    0.000000
  -3.92764    2.480415    2.350093    0.130321    0.000000    0.000000    0.000000    0.000000    0.000000    0.000000    0.000000    0.000000
  -3.92598    2.473546    2.343750    0.129796    0.000000    0.000000    0.000000    0.000000    0.000000    0.000000    0.000000    0.000000
  -3.92431    2.466685    2.337412    0.129273    0.000000    0.000000    0.000000    0.000000    0.000000    0.000000    0.000000    0.000000
  -3.92264    2.459829    2.331079    0.128750    0.000000    0.000000    0.000000    0.000000    0.000000    0.000000    0.000000    0.000000
  -3.92097    2.452980    2.324751    0.128230    0.000000    0.000000    0.000000    0.000000    0.000000    0.000000    0.000000    0.000000
  -3.91931    2.446138    2.318427    0.127711    0.000000    0.000000    0.000000    0.000000    0.000000    0.000000    0.000000    0.000000
  -3.91764    2.439303    2.312110    0.127194    0.000000    0.000000    0.000000    0.000000    0.000000    0.000000    0.000000    0.000000
  -3.91597    2.432475    2.305797    0.126678    0.000000    0.000000    0.000000    0.000000    0.000000    0.000000    0.000000    0.000000
  -3.91430    2.425653    2.299489    0.126164    0.000000    0.000000    0.000000    0.000000    0.000000    0.000000    0.000000    0.000000
  -3.91264    2.418838    2.293187    0.125651    0.000000    0.000000    0.000000    0.000000    0.000000    0.000000    0.000000    0.000000
  -3.91097    2.412030    2.286891    0.125140    0.000000    0.000000    0.000000    0.000000    0.000000    0.000000    0.000000    0.000000
  -3.90930    2.405229    2.280599    0.124630    0.000000    0.000000    0.000000    0.000000    0.000000    0.000000    0.000000    0.000000
  -3.90764    2.398436    2.274313    0.124122    0.000000    0.000000    0.000000    0.000000    0.000000    0.000000    0.000000    0.000000
  -3.90597    2.391649    2.268033    0.123616    0.000000    0.000000    0.000000    0.000000    0.000000    0.000000    0.000000    0.000000
  -3.90430    2.384869    2.261758    0.123111    0.000000    0.000000    0.000000    0.000000    0.000000    0.000000    0.000000    0.000000
  -3.90263    2.378096    2.255489    0.122607    0.000000    0.000000    0.000000    0.000000    0.000000    0.000000    0.000000    0.000000
  -3.90097    2.371331    2.249225    0.122106    0.000000    0.000000    0.000000    0.000000    0.000000    0.000000    0.000000    0.000000
  -3.89930    2.364573    2.242967    0.121605    0.000000    0.000000    0.000000    0.000000    0.000000    0.000000    0.000000    0.000000
  -3.89763    2.357822    2.236715    0.121107    0.000000    0.000000    0.000000    0.000000    0.000000    0.000000    0.000000    0.000000
  -3.89597    2.351078    2.230469    0.120609    0.000000    0.000000    0.000000    0.000000    0.000000    0.000000    0.000000    0.000000
  -3.89430    2.344342    2.224228    0.120114    0.000000    0.000000    0.000000    0.000000    0.000000    0.000000    0.000000    0.000000
  -3.89263    2.337613    2.217993    0.119620    0.000000    0.000000    0.000000    0.000000    0.000000    0.000000    0.000000    0.000000
  -3.89096    2.330892    2.211765    0.119127    0.000000    0.000000    0.000000    0.000000    0.000000    0.000000    0.000000    0.000000
  -3.88930    2.324178    2.205542    0.118636    0.000000    0.000000    0.000000    0.000000    0.000000    0.000000    0.000000    0.000000
  -3.88763    2.317472    2.199325    0.118147    0.000000    0.000000    0.000000    0.000000    0.000000    0.000000    0.000000    0.000000
  -3.88596    2.310773    2.193114    0.117659    0.000000    0.000000    0.000000    0.000000    0.000000    0.000000    0.000000    0.000000
  -3.88429    2.304082    2.186910    0.117172    0.000000    0.000000    0.000000    0.000000    0.000000    0.000000    0.000000    0.000000
  -3.88263    2.297398    2.180711    0.116687    0.000000    0.000000    0.000000    0.000000    0.000000    0.000000    0.000000    0.000000
  -3.88096    2.290723    2.174519    0.116204    0.000000    0.000000    0.000000    0.000000    0.000000    0.000000    0.000000    0.000000
  -3.87929    2.284055    2.168333    0.115722    0.000000    0.000000    0.000000    0.000000    0.000000    0.000000    0.000000    0.000000
  -3.87763    2.277394    2.162153    0.115241    0.000000    0.000000    0.000000    0.000000    0.000000    0.000000    0.000000    0.000000
  -3.87596    2.270742    2.155979    0.114763    0.000000    0.000000    0.000000    0.000000    0.000000    0.000000    0.000000    0.000000
  -3.87429    2.264098    2.149812    0.114285    0.000000    0.000000    0.000000    0.000000    0.000000    0.000000    0.000000    0.000000
  -3.87262    2.257461    2.143652    0.113809    0.000000    0.000000    0.000000    0.000000    0.000000    0.000000    0.000000    0.000000
  -3.87096    2.250833    2.137498    0.113335    0.000000    0.000000    0.000000    0.000000    0.000000    0.000000    0.000000    0.000000
  -3.86929    2.244212    2.131350    0.112862    0.000000    0.000000    0.000000    0.000000    0.000000    0.000000    0.000000    0.000000
  -3.86762    2.237599    2.125209    0.112391    0.000000    0.000000    0.000000    0.000000    0.000000    0.000000    0.000000    0.000000
  -3.86596    2.230995    2.119074    0.111921    0.000000    0.000000    0.000000    0.000000    0.000000    0.000000    0.000000    0.000000
  -3.86429    2.224399    2.112946    0.111453    0.000000    0.000000    0.000000    0.000000    0.000000    0.000000    0.000000    0.000000
  -3.86262    2.217811    2.106825    0.110986    0.000000    0.000000    0.000000    0.000000    0.000000    0.000000    0.000000    0.000000
  -3.86095    2.211231    2.100711    0.110520    0.000000    0.000000    0.000000    0.000000    0.000000    0.000000    0.000000    0.000000
  -3.85929    2.204659    2.094603    0.110056    0.000000    0.000000    0.000000    0.000000    0.000000    0.000000    0.000000    0.000000
  -3.85762    2.198096    2.088502    0.109594    0.000000    0.000000    0.000000    0.000000    0.000000    0.000000    0.000000    0.000000
  -3.85595    2.191541    2.082408    0.109133    0.000000    0.000000    0.000000    0.000000    0.000000    0.000000    0.000000    0.000000
  -3.85428    2.184994    2.076321    0.108674    0.000000    0.000000    0.000000    0.000000    0.000000    0.000000    0.000000    0.000000
  -3.85262    2.178456    2.070240    0.108216    0.000000    0.000000    0.000000    0.000000    0.000000    0.000000    0.000000    0.000000
  -3.85095    2.171926    2.064167    0.107759    0.000000    0.000000    0.000000    0.000000    0.000000    0.000000    0.000000    0.000000
  -3.84928    2.165405    2.058101    0.107304    0.000000    0.000000    0.000000    0.000000    0.000000    0.000000    0.000000    0.000000
  -3.84762    2.158893    2.052042    0.106851    0.000000    0.000000    0.000000    0.000000    0.000000    0.000000    0.000000    0.000000
  -3.84595    2.152389    2.045990    0.106399    0.000000    0.000000    0.000000    0.000000    0.000000    0.000000    0.000000    0.000000
  -3.84428    2.145893    2.039945    0.105948    0.000000    0.000000    0.000000    0.000000    0.000000    0.000000    0.000000    0.000000
  -3.84261    2.139406    2.033907    0.105499    0.000000    0.000000    0.000000    0.000000    0.000000    0.000000    0.000000    0.000000
  -3.84095    2.132928    2.027877    0.105051    0.000000    0.000000    0.000000    0.000000    0.000000    0.000000    0.000000    0.000000
  -3.83928    2.126459    2.021854    0.104605    0.000000    0.000000    0.000000    0.000000    0.000000    0.000000    0.000000    0.000000
  -3.83761    2.119998    2.015838    0.104160    0.000000    0.000000    0.000000    0.000000    0.000000    0.000000    0.000000    0.000000
  -3.83595    2.113546    2.009829    0.103717    0.000000    0.000000    0.000000    0.000000    0.000000    0.000000    0.000000    0.000000
  -3.83428    2.107104    2.003828    0.103275    0.000000    0.000000    0.000000    0.000000    0.000000    0.000000    0.000000    0.000000
  -3.83261    2.100670    1.997835    0.102835    0.000000    0.000000    0.000000    0.000000    0.000000    0.000000    0.000000    0.000000
  -3.83094    2.094244    1.991848    0.102396    0.000000    0.000000    0.000000    0.000000    0.000000    0.000000    0.000000    0.000000
  -3.82928    2.087828    1.985870    0.101959    0.000000    0.000000    0.000000    0.000000    0.000000    0.000000    0.000000    0.000000
  -3.82761    2.081421    1.979899    0.101523    0.000000    0.000000    0.000000    0.000000    0.000000    0.000000    0.000000    0.000000
  -3.82594    2.075023    1.973935    0.101088    0.000000    0.000000    0.000000    0.000000    0.000000    0.000000    0.000000    0.000000
  -3.82427    2.068634    1.967979    0.100655    0.000000    0.000000    0.000000    0.000000    0.000000    0.000000    0.000000    0.000000
  -3.82261    2.062254    1.962031    0.100223    0.000000    0.000000    0.000000    0.000000    0.000000    0.000000    0.000000    0.000000
  -3.82094    2.055884    1.956091    0.099793    0.000000    0.000000    0.000000    0.000000    0.000000    0.000000    0.000000    0.000000
  -3.81927    2.049522    1.950158    0.099364    0.000000    0.000000    0.000000    0.000000    0.000000    0.000000    0.000000    0.000000
  -3.81761    2.043170    1.944233    0.098937    0.000000    0.000000    0.000000    0.000000    0.000000    0.000000    0.000000    0.000000
  -3.81594    2.036827    1.938316    0.098511    0.000000    0.000000    0.000000    0.000000    0.000000    0.000000    0.000000    0.000000
  -3.81427    2.030493    1.932407    0.098086    0.000000    0.000000    0.000000    0.000000    0.000000    0.000000    0.000000    0.000000
  -3.81260    2.024169    1.926506    0.097663    0.000000    0.000000    0.000000    0.000000    0.000000    0.000000    0.000000    0.000000
  -3.81094    2.017854    1.920613    0.097241    0.000000    0.000000    0.000000    0.000000    0.000000    0.000000    0.000000    0.000000
  -3.80927    2.011548    1.914727    0.096821    0.000000    0.000000    0.000000    0.000000    0.000000    0.000000    0.000000    0.000000
  -3.80760    2.005252    1.908850    0.096402    0.000000    0.000000    0.000000    0.000000    0.000000    0.000000    0.000000    0.000000
  -3.80594    1.998966    1.902981    0.095985    0.000000    0.000000    0.000000    0.000000    0.000000    0.000000    0.000000    0.000000
  -3.80427    1.992689    1.897120    0.095569    0.000000    0.000000    0.000000    0.000000    0.000000    0.000000    0.000000    0.000000
  -3.80260    1.986421    1.891267    0.095154    0.000000    0.000000    0.000000    0.000000    0.000000    0.000000    0.000000    0.000000
  -3.80093    1.980163    1.885422    0.094741    0.000000    0.000000    0.000000    0.000000    0.000000    0.000000    0.000000    0.000000
  -3.79927    1.973915    1.879586    0.094329    0.000000    0.000000    0.000000    0.000000    0.000000    0.000000    0.000000    0.000000
  -3.79760    1.967676    1.873757    0.093919    0.000000    0.000000    0.000000    0.000000    0.000000    0.000000    0.000000    0.000000
  -3.79593    1.961447    1.867938    0.093510    0.000000    0.000000    0.000000    0.000000    0.000000    0.000000    0.000000    0.000000
  -3.79426    1.955228    1.862126    0.093102    0.000000    0.000000    0.000000    0.000000    0.000000    0.000000    0.000000    0.000000
  -3.79260    1.949018    1.856323    0.092696    0.000000    0.000000    0.000000    0.000000    0.000000    0.000000    0.000000    0.000000
  -3.79093    1.942819    1.850528    0.092291    0.000000    0.000000    0.000000    0.000000    0.000000    0.000000    0.000000    0.000000
  -3.78926    1.936629    1.844742    0.091887    0.000000    0.000000    0.000000    0.000000    0.000000    0.000000    0.000000    0.000000
  -3.78760    1.930449    1.838964    0.091485    0.000000    0.000000    0.000000    0.000000    0.000000    0.000000    0.000000    0.000000
  -3.78593    1.924279    1.833194    0.091085    0.000000    0.000000    0.000000    0.000000    0.000000    0.000000    0.000000    0.000000
  -3.78426    1.918119    1.827433    0.090685    0.000000    0.000000    0.000000    0.000000    0.000000    0.000000    0.000000    0.000000
  -3.78259    1.911969    1.821681    0.090288    0.000000    0.000000    0.000000    0.000000    0.000000    0.000000    0.000000    0.000000
  -3.78093    1.905829    1.815938    0.089891    0.000000    0.000000    0.000000    0.000000    0.000000    0.000000    0.000000    0.000000
  -3.77926    1.899699    1.810203    0.089496    0.000000    0.000000    0.000000    0.000000    0.000000    0.000000    0.000000    0.000000
  -3.77759    1.893579    1.804476    0.089102    0.000000    0.000000    0.000000    0.000000    0.000000    0.000000    0.000000    0.000000
  -3.77593    1.887469    1.798759    0.088710    0.000000    0.000000    0.000000    0.000000    0.000000    0.000000    0.000000    0.000000
  -3.77426    1.881369    1.793050    0.088319    0.000000    0.000000    0.000000    0.000000    0.000000    0.000000    0.000000    0.000000
  -3.77259    1.875279    1.787350    0.087929    0.000000    0.000000    0.000000    0.000000    0.000000    0.000000    0.000000    0.000000
  -3.77092    1.869200    1.781659    0.087541    0.000000    0.000000    0.000000    0.000000    0.000000    0.000000    0.000000    0.000000
  -3.76926    1.863131    1.775977    0.087154    0.000000    0.000000    0.000000    0.000000    0.000000    0.000000    0.000000    0.000000
  -3.76759    1.857072    1.770304    0.086768    0.000000    0.000000    0.000000    0.000000    0.000000    0.000000    0.000000    0.000000
  -3.76592    1.851023    1.764639    0.086384    0.000000    0.000000    0.000000    0.000000    0.000000    0.000000    0.000000    0.000000
  -3.76425    1.844985    1.758984    0.086001    0.000000    0.000000    0.000000    0.000000    0.000000    0.000000    0.000000    0.000000
  -3.76259    1.838957    1.753337    0.085619    0.000000    0.000000    0.000000    0.000000    0.000000    0.000000    0.000000    0.000000
  -3.76092    1.832939    1.747700    0.085239    0.000000    0.000000    0.000000    0.000000    0.000000    0.000000    0.000000    0.000000
  -3.75925    1.826932    1.742072    0.084860    0.000000    0.000000    0.000000    0.000000    0.000000    0.000000    0.000000    0.000000
  -3.75759    1.820935    1.736452    0.084483    0.000000    0.000000    0.000000    0.000000    0.000000    0.000000    0.000000    0.000000
  -3.75592    1.814949    1.730842    0.084107    0.000000    0.000000    0.000000    0.000000    0.000000    0.000000    0.000000    0.000000
  -3.75425    1.808973    1.725241    0.083732    0.000000    0.000000    0.000000    0.000000    0.000000    0.000000    0.000000    0.000000
  -3.75258    1.803008    1.719650    0.083358    0.000000    0.000000    0.000000    0.000000    0.000000    0.000000    0.000000    0.000000
  -3.75092    1.797054    1.714067    0.082986    0.000000    0.000000    0.000000    0.000000    0.000000    0.000000    0.000000    0.000000
  -3.74925    1.791109    1.708494    0.082615    0.000000    0.000000    0.000000    0.000000    0.000000    0.000000    0.000000    0.000000
  -3.74758    1.785176    1.702930    0.082246    0.000000    0.000000    0.000000    0.000000    0.000000    0.000000    0.000000    0.000000
  -3.74592    1.779253    1.697376    0.081878    0.000000    0.000000    0.000000    0.000000    0.000000    0.000000    0.000000    0.000000
  -3.74425    1.773341    1.691830    0.081511    0.000000    0.000000    0.000000    0.000000    0.000000    0.000000    0.000000    0.000000
  -3.74258    1.767440    1.686295    0.081145    0.000000    0.000000    0.000000    0.000000    0.000000    0.000000    0.000000    0.000000
  -3.74091    1.761549    1.680768    0.080781    0.000000    0.000000    0.000000    0.000000    0.000000    0.000000    0.000000    0.000000
  -3.73925    1.755670    1.675251    0.080418    0.000000    0.000000    0.000000    0.000000    0.000000    0.000000    0.000000    0.000000
  -3.73758    1.749801    1.669744    0.080057    0.000000    0.000000    0.000000    0.000000    0.000000    0.000000    0.000000    0.000000
  -3.73591    1.743942    1.664246    0.079696    0.000000    0.000000    0.000000    0.000000    0.000000    0.000000    0.000000    0.000000
  -3.73424    1.738095    1.658758    0.079337    0.000000    0.000000    0.000000    0.000000    0.000000    0.000000    0.000000    0.000000
  -3.73258    1.732259    1.653279    0.078980    0.000000    0.000000    0.000000    0.000000    0.000000    0.000000    0.000000    0.000000
  -3.73091    1.726433    1.647810    0.078623    0.000000    0.000000    0.000000    0.000000    0.000000    0.000000    0.000000    0.000000
  -3.72924    1.720619    1.642350    0.078268    0.000000    0.000000    0.000000    0.000000    0.000000    0.000000    0.000000    0.000000
  -3.72758    1.714815    1.636900    0.077915    0.000000    0.000000    0.000000    0.000000    0.000000    0.000000    0.000000    0.000000
  -3.72591    1.709022    1.631460    0.077562    0.000000    0.000000    0.000000    0.000000    0.000000    0.000000    0.000000    0.000000
  -3.72424    1.703241    1.626030    0.077211    0.000000    0.000000    0.000000    0.000000    0.000000    0.000000    0.000000    0.000000
  -3.72257    1.697470    1.620609    0.076861    0.000000    0.000000    0.000000    0.000000    0.000000    0.000000    0.000000    0.000000
  -3.72091    1.691711    1.615198    0.076513    0.000000    0.000000    0.000000    0.000000    0.000000    0.000000    0.000000    0.000000
  -3.71924    1.685962    1.609797    0.076165    0.000000    0.000000    0.000000    0.000000    0.000000    0.000000    0.000000    0.000000
  -3.71757    1.680225    1.604406    0.075819    0.000000    0.000000    0.000000    0.000000    0.000000    0.000000    0.000000    0.000000
  -3.71591    1.674499    1.599024    0.075475    0.000000    0.000000    0.000000    0.000000    0.000000    0.000000    0.000000    0.000000
  -3.71424    1.668784    1.593653    0.075131    0.000000    0.000000    0.000000    0.000000    0.000000    0.000000    0.000000    0.000000
  -3.71257    1.663080    1.588291    0.074789    0.000000    0.000000    0.000000    0.000000    0.000000    0.000000    0.000000    0.000000
  -3.71090    1.657388    1.582940    0.074448    0.000000    0.000000    0.000000    0.000000    0.000000    0.000000    0.000000    0.000000
  -3.70924    1.651707    1.577598    0.074109    0.000000    0.000000    0.000000    0.000000    0.000000    0.000000    0.000000    0.000000
  -3.70757    1.646037    1.572267    0.073770    0.000000    0.000000    0.000000    0.000000    0.000000    0.000000    0.000000    0.000000
  -3.70590    1.640378    1.566945    0.073433    0.000000    0.000000    0.000000    0.000000    0.000000    0.000000    0.000000    0.000000
  -3.70423    1.634731    1.561634    0.073097    0.000000    0.000000    0.000000    0.000000    0.000000    0.000000    0.000000    0.000000
  -3.70257    1.629095    1.556332    0.072763    0.000000    0.000000    0.000000    0.000000    0.000000    0.000000    0.000000    0.000000
  -3.70090    1.623470    1.551041    0.072429    0.000000    0.000000    0.000000    0.000000    0.000000    0.000000    0.000000    0.000000
  -3.69923    1.617857    1.545760    0.072097    0.000000    0.000000    0.000000    0.000000    0.000000    0.000000    0.000000    0.000000
  -3.69757    1.612256    1.540489    0.071767    0.000000    0.000000    0.000000    0.000000    0.000000    0.000000    0.000000    0.000000
  -3.69590    1.606665    1.535228    0.071437    0.000000    0.000000    0.000000    0.000000    0.000000    0.000000    0.000000    0.000000
  -3.69423    1.601087    1.529978    0.071109    0.000000    0.000000    0.000000    0.000000    0.000000    0.000000    0.000000    0.000000
  -3.69256    1.595519    1.524738    0.070782    0.000000    0.000000    0.000000    0.000000    0.000000    0.000000    0.000000    0.000000
  -3.69090    1.589963    1.519508    0.070456    0.000000    0.000000    0.000000    0.000000    0.000000    0.000000    0.000000    0.000000
  -3.68923    1.584419    1.514288    0.070131    0.000000    0.000000    0.000000    0.000000    0.000000    0.000000    0.000000    0.000000
  -3.68756    1.578887    1.509079    0.069808    0.000000    0.000000    0.000000    0.000000    0.000000    0.000000    0.000000    0.000000
  -3.68590    1.573365    1.503880    0.069486    0.000000    0.000000    0.000000    0.000000    0.000000    0.000000    0.000000    0.000000
  -3.68423    1.567856    1.498691    0.069165    0.000000    0.000000    0.000000    0.000000    0.000000    0.000000    0.000000    0.000000
  -3.68256    1.562358    1.493513    0.068845    0.000000    0.000000    0.000000    0.000000    0.000000    0.000000    0.000000    0.000000
  -3.68089    1.556872    1.488345    0.068527    0.000000    0.000000    0.000000    0.000000    0.000000    0.000000    0.000000    0.000000
  -3.67923    1.551398    1.483188    0.068210    0.000000    0.000000    0.000000    0.000000    0.000000    0.000000    0.000000    0.000000
  -3.67756    1.545935    1.478041    0.067894    0.000000    0.000000    0.000000    0.000000    0.000000    0.000000    0.000000    0.000000
  -3.67589    1.540484    1.472904    0.067579    0.000000    0.000000    0.000000    0.000000    0.000000    0.000000    0.000000    0.000000
  -3.67422    1.535044    1.467779    0.067266    0.000000    0.000000    0.000000    0.000000    0.000000    0.000000    0.000000    0.000000
  -3.67256    1.529617    1.462663    0.066953    0.000000    0.000000    0.000000    0.000000    0.000000    0.000000    0.000000    0.000000
  -3.67089    1.524201    1.457559    0.066642    0.000000    0.000000    0.000000    0.000000    0.000000    0.000000    0.000000    0.000000
  -3.66922    1.518797    1.452464    0.066333    0.000000    0.000000    0.000000    0.000000    0.000000    0.000000    0.000000    0.000000
  -3.66756    1.513405    1.447381    0.066024    0.000000    0.000000    0.000000    0.000000    0.000000    0.000000    0.000000    0.000000
  -3.66589    1.508025    1.442308    0.065716    0.000000    0.000000    0.000000    0.000000    0.000000    0.000000    0.000000    0.000000
  -3.66422    1.502656    1.437246    0.065410    0.000000    0.000000    0.000000    0.000000    0.000000    0.000000    0.000000    0.000000
  -3.66255    1.497300    1.432194    0.065105    0.000000    0.000000    0.000000    0.000000    0.000000    0.000000    0.000000    0.000000
  -3.66089    1.491955    1.427154    0.064801    0.000000    0.000000    0.000000    0.000000    0.000000    0.000000    0.000000    0.000000
  -3.65922    1.486622    1.422124    0.064499    0.000000    0.000000    0.000000    0.000000    0.000000    0.000000    0.000000    0.000000
  -3.65755    1.481301    1.417104    0.064197    0.000000    0.000000    0.000000    0.000000    0.000000    0.000000    0.000000    0.000000
  -3.65589    1.475993    1.412096    0.063897    0.000000    0.000000    0.000000    0.000000    0.000000    0.000000    0.000000    0.000000
  -3.65422    1.470696    1.407098    0.063598    0.000000    0.000000    0.000000    0.000000    0.000000    0.000000    0.000000    0.000000
  -3.65255    1.465411    1.402111    0.063300    0.000000    0.000000    0.000000    0.000000    0.000000    0.000000    0.000000    0.000000
  -3.65088    1.460138    1.397135    0.063003    0.000000    0.000000    0.000000    0.000000    0.000000    0.000000    0.000000    0.000000
  -3.64922    1.454877    1.392170    0.062708    0.000000    0.000000    0.000000    0.000000    0.000000    0.000000    0.000000    0.000000
  -3.64755    1.449629    1.387215    0.062413    0.000000    0.000000    0.000000    0.000000    0.000000    0.000000    0.000000    0.000000
  -3.64588    1.444392    1.382272    0.062120    0.000000    0.000000    0.000000    0.000000    0.000000    0.000000    0.000000    0.000000
  -3.64421    1.439168    1.377339    0.061828    0.000000    0.000000    0.000000    0.000000    0.000000    0.000000    0.000000    0.000000
  -3.64255    1.433955    1.372418    0.061537    0.000000    0.000000    0.000000    0.000000    0.000000    0.000000    0.000000    0.000000
  -3.64088    1.428755    1.367507    0.061248    0.000000    0.000000    0.000000    0.000000    0.000000    0.000000    0.000000    0.000000
  -3.63921    1.423567    1.362607    0.060959    0.000000    0.000000    0.000000    0.000000    0.000000    0.000000    0.000000    0.000000
  -3.63755    1.418391    1.357719    0.060672    0.000000    0.000000    0.000000    0.000000    0.000000    0.000000    0.000000    0.000000
  -3.63588    1.413227    1.352841    0.060386    0.000000    0.000000    0.000000    0.000000    0.000000    0.000000    0.000000    0.000000
  -3.63421    1.408075    1.347975    0.060101    0.000000    0.000000    0.000000    0.000000    0.000000    0.000000    0.000000    0.000000
  -3.63254    1.402936    1.343119    0.059817    0.000000    0.000000    0.000000    0.000000    0.000000    0.000000    0.000000    0.000000
  -3.63088    1.397809    1.338275    0.059534    0.000000    0.000000    0.000000    0.000000    0.000000    0.000000    0.000000    0.000000
  -3.62921    1.392694    1.333441    0.059253    0.000000    0.000000    0.000000    0.000000    0.000000    0.000000    0.000000    0.000000
  -3.62754    1.387591    1.328619    0.058972    0.000000    0.000000    0.000000    0.000000    0.000000    0.000000    0.000000    0.000000
  -3.62588    1.382501    1.323808    0.058693    0.000000    0.000000    0.000000    0.000000    0.000000    0.000000    0.000000    0.000000
  -3.62421    1.377423    1.319008    0.058415    0.000000    0.000000    0.000000    0.000000    0.000000    0.000000    0.000000    0.000000
  -3.62254    1.372357    1.314219    0.058138    0.000000    0.000000    0.000000    0.000000    0.000000    0.000000    0.000000    0.000000
  -3.62087    1.367304    1.309441    0.057862    0.000000    0.000000    0.000000    0.000000    0.000000    0.000000    0.000000    0.000000
  -3.61921    1.362262    1.304675    0.057587    0.000000    0.000000    0.000000    0.000000    0.000000    0.000000    0.000000    0.000000
  -3.61754    1.357234    1.299920    0.057314    0.000000    0.000000    0.000000    0.000000    0.000000    0.000000    0.000000    0.000000
  -3.61587    1.352217    1.295176    0.057041    0.000000    0.000000    0.000000    0.000000    0.000000    0.000000    0.000000    0.000000
  -3.61420    1.347213    1.290443    0.056770    0.000000    0.000000    0.000000    0.000000    0.000000    0.000000    0.000000    0.000000
  -3.61254    1.342222    1.285722    0.056500    0.000000    0.000000    0.000000    0.000000    0.000000    0.000000    0.000000    0.000000
  -3.61087    1.337242    1.281012    0.056231    0.000000    0.000000    0.000000    0.000000    0.000000    0.000000    0.000000    0.000000
  -3.60920    1.332276    1.276313    0.055963    0.000000    0.000000    0.000000    0.000000    0.000000    0.000000    0.000000    0.000000
  -3.60754    1.327321    1.271625    0.055696    0.000000    0.000000    0.000000    0.000000    0.000000    0.000000    0.000000    0.000000
  -3.60587    1.322379    1.266949    0.055430    0.000000    0.000000    0.000000    0.000000    0.000000    0.000000    0.000000    0.000000
  -3.60420    1.317450    1.262284    0.055166    0.000000    0.000000    0.000000    0.000000    0.000000    0.000000    0.000000    0.000000
  -3.60253    1.312533    1.257631    0.054902    0.000000    0.000000    0.000000    0.000000    0.000000    0.000000    0.000000    0.000000
  -3.60087    1.307629    1.252989    0.054640    0.000000    0.000000    0.000000    0.000000    0.000000    0.000000    0.000000    0.000000
  -3.59920    1.302737    1.248358    0.054378    0.000000    0.000000    0.000000    0.000000    0.000000    0.000000    0.000000    0.000000
  -3.59753    1.297857    1.243739    0.054118    0.000000    0.000000    0.000000    0.000000    0.000000    0.000000    0.000000    0.000000
  -3.59587    1.292990    1.239131    0.053859    0.000000    0.000000    0.000000    0.000000    0.000000    0.000000    0.000000    0.000000
  -3.59420    1.288136    1.234535    0.053601    0.000000    0.000000    0.000000    0.000000    0.000000    0.000000    0.000000    0.000000
  -3.59253    1.283294    1.229950    0.053344    0.000000    0.000000    0.000000    0.000000    0.000000    0.000000    0.000000    0.000000
  -3.59086    1.278465    1.225376    0.053088    0.000000    0.000000    0.000000    0.000000    0.000000    0.000000    0.000000    0.000000
  -3.58920    1.273648    1.220815    0.052834    0.000000    0.000000    0.000000    0.000000    0.000000    0.000000    0.000000    0.000000
  -3.58753    1.268844    1.216264    0.052580    0.000000    0.000000    0.000000    0.000000    0.000000    0.000000    0.000000    0.000000
  -3.58586    1.264053    1.211725    0.052328    0.000000    0.000000    0.000000    0.000000    0.000000    0.000000    0.000000    0.000000
  -3.58419    1.259274    1.207198    0.052076    0.000000    0.000000    0.000000    0.000000    0.000000    0.000000    0.000000    0.000000
  -3.58253    1.254508    1.202682    0.051826    0.000000    0.000000    0.000000    0.000000    0.000000    0.000000    0.000000    0.000000
  -3.58086    1.249754    1.198178    0.051576    0.000000    0.000000    0.000000    0.000000    0.000000    0.000000    0.000000    0.000000
  -3.57919    1.245013    1.193685    0.051328    0.000000    0.000000    0.000000    0.000000    0.000000    0.000000    0.000000    0.000000
  -3.57753    1.240285    1.189204    0.051081    0.000000    0.000000    0.000000    0.000000    0.000000    0.000000    0.000000    0.000000
  -3.57586    1.235569    1.184734    0.050835    0.000000    0.000000    0.000000    0.000000    0.000000    0.000000    0.000000    0.000000
  -3.57419    1.230866    1.180276    0.050590    0.000000    0.000000    0.000000    0.000000    0.000000    0.000000    0.000000    0.000000
  -3.57252    1.226176    1.175830    0.050346    0.000000    0.000000    0.000000    0.000000    0.000000    0.000000    0.000000    0.000000
  -3.57086    1.221498    1.171395    0.050103    0.000000    0.000000    0.000000    0.000000    0.000000    0.000000    0.000000    0.000000
  -3.56919    1.216834    1.166972    0.049861    0.000000    0.000000    0.000000    0.000000    0.000000    0.000000    0.000000    0.000000
  -3.56752    1.212181    1.162561    0.049620    0.000000    0.000000    0.000000    0.000000    0.000000    0.000000    0.000000    0.000000
  -3.56586    1.207542    1.158161    0.049381    0.000000    0.000000    0.000000    0.000000    0.000000    0.000000    0.000000    0.000000
  -3.56419    1.202915    1.153773    0.049142    0.000000    0.000000    0.000000    0.000000    0.000000    0.000000    0.000000    0.000000
  -3.56252    1.198301    1.149397    0.048904    0.000000    0.000000    0.000000    0.000000    0.000000    0.000000    0.000000    0.000000
  -3.56085    1.193700    1.145032    0.048668    0.000000    0.000000    0.000000    0.000000    0.000000    0.000000    0.000000    0.000000
  -3.55919    1.189112    1.140679    0.048432    0.000000    0.000000    0.000000    0.000000    0.000000    0.000000    0.000000    0.000000
  -3.55752    1.184536    1.136338    0.048198    0.000000    0.000000    0.000000    0.000000    0.000000    0.000000    0.000000    0.000000
  -3.55585    1.179973    1.132009    0.047964    0.000000    0.000000    0.000000    0.000000    0.000000    0.000000    0.000000    0.000000
  -3.55418    1.175423    1.127691    0.047732    0.000000    0.000000    0.000000    0.000000    0.000000    0.000000    0.000000    0.000000
  -3.55252    1.170886    1.123385    0.047500    0.000000    0.000000    0.000000    0.000000    0.000000    0.000000    0.000000    0.000000
  -3.55085    1.166361    1.119091    0.047270    0.000000    0.000000    0.000000    0.000000    0.000000    0.000000    0.000000    0.000000
  -3.54918    1.161849    1.114808    0.047041    0.000000    0.000000    0.000000    0.000000    0.000000    0.000000    0.000000    0.000000
  -3.54752    1.157350    1.110538    0.046812    0.000000    0.000000    0.000000    0.000000    0.000000    0.000000    0.000000    0.000000
  -3.54585    1.152864    1.106279    0.046585    0.000000    0.000000    0.000000    0.000000    0.000000    0.000000    0.000000    0.000000
  -3.54418    1.148391    1.102032    0.046359    0.000000    0.000000    0.000000    0.000000    0.000000    0.000000    0.000000    0.000000
  -3.54251    1.143931    1.097797    0.046134    0.000000    0.000000    0.000000    0.000000    0.000000    0.000000    0.000000    0.000000
  -3.54085    1.139483    1.093573    0.045909    0.000000    0.000000    0.000000    0.000000    0.000000    0.000000    0.000000    0.000000
  -3.53918    1.135048    1.089362    0.045686    0.000000    0.000000    0.000000    0.000000    0.000000    0.000000    0.000000    0.000000
  -3.53751    1.130626    1.085162    0.045464    0.000000    0.000000    0.000000    0.000000    0.000000    0.000000    0.000000    0.000000
  -3.53585    1.126217    1.080974    0.045243    0.000000    0.000000    0.000000    0.000000    0.000000    0.000000    0.000000    0.000000
  -3.53418    1.121821    1.076798    0.045023    0.000000    0.000000    0.000000    0.000000    0.000000    0.000000    0.000000    0.000000
  -3.53251    1.117438    1.072634    0.044804    0.000000    0.000000    0.000000    0.000000    0.000000    0.000000    0.000000    0.000000
  -3.53084    1.113067    1.068482    0.044585    0.000000    0.000000    0.000000    0.000000    0.000000    0.000000    0.000000    0.000000
  -3.52918    1.108710    1.064342    0.044368    0.000000    0.000000    0.000000    0.000000    0.000000    0.000000    0.000000    0.000000
  -3.52751    1.104365    1.060213    0.044152    0.000000    0.000000    0.000000    0.000000    0.000000    0.000000    0.000000    0.000000
  -3.52584    1.100033    1.056097    0.043937    0.000000    0.000000    0.000000    0.000000    0.000000    0.000000    0.000000    0.000000
  -3.52417    1.095715    1.051992    0.043723    0.000000    0.000000    0.000000    0.000000    0.000000    0.000000    0.000000    0.000000
  -3.52251    1.091409    1.047899    0.043509    0.000000    0.000000    0.000000    0.000000    0.000000    0.000000    0.000000    0.000000
  -3.52084    1.087115    1.043818    0.043297    0.000000    0.000000    0.000000    0.000000    0.000000    0.000000    0.000000    0.000000
  -3.51917    1.082835    1.039749    0.043086    0.000000    0.000000    0.000000    0.000000    0.000000    0.000000    0.000000    0.000000
  -3.51751    1.078568    1.035692    0.042876    0.000000    0.000000    0.000000    0.000000    0.000000    0.000000    0.000000    0.000000
  -3.51584    1.074314    1.031647    0.042666    0.000000    0.000000    0.000000    0.000000    0.000000    0.000000    0.000000    0.000000
  -3.51417    1.070072    1.027614    0.042458    0.000000    0.000000    0.000000    0.000000    0.000000    0.000000    0.000000    0.000000
  -3.51250    1.065844    1.023593    0.042251    0.000000    0.000000    0.000000    0.000000    0.000000    0.000000    0.000000    0.000000
  -3.51084    1.061628    1.019584    0.042044    0.000000    0.000000    0.000000    0.000000    0.000000    0.000000    0.000000    0.000000
  -3.50917    1.057426    1.015587    0.041839    0.000000    0.000000    0.000000    0.000000    0.000000    0.000000    0.000000    0.000000
  -3.50750    1.053236    1.011601    0.041635    0.000000    0.000000    0.000000    0.000000    0.000000    0.000000    0.000000    0.000000
  -3.50584    1.049059    1.007628    0.041431    0.000000    0.000000    0.000000    0.000000    0.000000    0.000000    0.000000    0.000000
  -3.50417    1.044896    1.003667    0.041229    0.000000    0.000000    0.000000    0.000000    0.000000    0.000000    0.000000    0.000000
  -3.50250    1.040745    0.999718    0.041027    0.000000    0.000000    0.000000    0.000000    0.000000    0.000000    0.000000    0.000000
  -3.50083    1.036607    0.995780    0.040827    0.000000    0.000000    0.000000    0.000000    0.000000    0.000000    0.000000    0.000000
  -3.49917    1.032482    0.991855    0.040627    0.000000    0.000000    0.000000    0.000000    0.000000    0.000000    0.000000    0.000000
  -3.49750    1.028370    0.987942    0.040428    0.000000    0.000000    0.000000    0.000000    0.000000    0.000000    0.000000    0.000000
  -3.49583    1.024271    0.984040    0.040231    0.000000    0.000000    0.000000    0.000000    0.000000    0.000000    0.000000    0.000000
  -3.49416    1.020185    0.980151    0.040034    0.000000    0.000000    0.000000    0.000000    0.000000    0.000000    0.000000    0.000000
  -3.49250    1.016112    0.976274    0.039838    0.000000    0.000000    0.000000    0.000000    0.000000    0.000000    0.000000    0.000000
  -3.49083    1.012051    0.972408    0.039643    0.000000    0.000000    0.000000    0.000000    0.000000    0.000000    0.000000    0.000000
  -3.48916    1.008004    0.968555    0.039449    0.000000    0.000000    0.000000    0.000000    0.000000    0.000000    0.000000    0.000000
  -3.48750    1.003970    0.964714    0.039256    0.000000    0.000000    0.000000    0.000000    0.000000    0.000000    0.000000    0.000000
  -3.48583    0.999949    0.960885    0.039064    0.000000    0.000000    0.000000    0.000000    0.000000    0.000000    0.000000    0.000000
  -3.48416    0.995940    0.957068    0.038873    0.000000    0.000000    0.000000    0.000000    0.000000    0.000000    0.000000    0.000000
  -3.48249    0.991945    0.953262    0.038683    0.000000    0.000000    0.000000    0.000000    0.000000    0.000000    0.000000    0.000000
  -3.48083    0.987963    0.949469    0.038493    0.000000    0.000000    0.000000    0.000000    0.000000    0.000000    0.000000    0.000000
  -3.47916    0.983993    0.945688    0.038305    0.000000    0.000000    0.000000    0.000000    0.000000    0.000000    0.000000    0.000000
  -3.47749    0.980037    0.941919    0.038118    0.000000    0.000000    0.000000    0.000000    0.000000    0.000000    0.000000    0.000000
  -3.47583    0.976093    0.938162    0.037931    0.000000    0.000000    0.000000    0.000000    0.000000    0.000000    0.000000    0.000000
  -3.47416    0.972163    0.934417    0.037745    0.000000    0.000000    0.000000    0.000000    0.000000    0.000000    0.000000    0.000000
  -3.47249    0.968245    0.930684    0.037561    0.000000    0.000000    0.000000    0.000000    0.000000    0.000000    0.000000    0.000000
  -3.47082    0.964341    0.926964    0.037377    0.000000    0.000000    0.000000    0.000000    0.000000    0.000000    0.000000    0.000000
  -3.46916    0.960449    0.923255    0.037194    0.000000    0.000000    0.000000    0.000000    0.000000    0.000000    0.000000    0.000000
  -3.46749    0.956570    0.919558    0.037012    0.000000    0.000000    0.000000    0.000000    0.000000    0.000000    0.000000    0.000000
  -3.46582    0.952705    0.915874    0.036831    0.000000    0.000000    0.000000    0.000000    0.000000    0.000000    0.000000    0.000000
  -3.46415    0.948852    0.912201    0.036651    0.000000    0.000000    0.000000    0.000000    0.000000    0.000000    0.000000    0.000000
  -3.46249    0.945012    0.908540    0.036472    0.000000    0.000000    0.000000    0.000000    0.000000    0.000000    0.000000    0.000000
  -3.46082    0.941185    0.904892    0.036293    0.000000    0.000000    0.000000    0.000000    0.000000    0.000000    0.000000    0.000000
  -3.45915    0.937371    0.901256    0.036116    0.000000    0.000000    0.000000    0.000000    0.000000    0.000000    0.000000    0.000000
  -3.45749    0.933571    0.897631    0.035939    0.000000    0.000000    0.000000    0.000000    0.000000    0.000000    0.000000    0.000000
  -3.45582    0.929783    0.894019    0.035764    0.000000    0.000000    0.000000    0.000000    0.000000    0.000000    0.000000    0.000000
  -3.45415    0.926008    0.890419    0.035589    0.000000    0.000000    0.000000    0.000000    0.000000    0.000000    0.000000    0.000000
  -3.45248    0.922246    0.886831    0.035415    0.000000    0.000000    0.000000    0.000000    0.000000    0.000000    0.000000    0.000000
  -3.45082    0.918497    0.883255    0.035242    0.000000    0.000000    0.000000    0.000000    0.000000    0.000000    0.000000    0.000000
  -3.44915    0.914760    0.879691    0.035070    0.000000    0.000000    0.000000    0.000000    0.000000    0.000000    0.000000    0.000000
  -3.44748    0.911037    0.876139    0.034899    0.000000    0.000000    0.000000    0.000000    0.000000    0.000000    0.000000    0.000000
  -3.44582    0.907327    0.872599    0.034728    0.000000    0.000000    0.000000    0.000000    0.000000    0.000000    0.000000    0.000000
  -3.44415    0.903630    0.869071    0.034559    0.000000    0.000000    0.000000    0.000000    0.000000    0.000000    0.000000    0.000000
  -3.44248    0.899945    0.865555    0.034390    0.000000    0.000000    0.000000    0.000000    0.000000    0.000000    0.000000    0.000000
  -3.44081    0.896274    0.862052    0.034222    0.000000    0.000000    0.000000    0.000000    0.000000    0.000000    0.000000    0.000000
  -3.43915    0.892616    0.858560    0.034055    0.000000    0.000000    0.000000    0.000000    0.000000    0.000000    0.000000    0.000000
  -3.43748    0.888970    0.855081    0.033889    0.000000    0.000000    0.000000    0.000000    0.000000    0.000000    0.000000    0.000000
  -3.43581    0.885337    0.851613    0.033724    0.000000    0.000000    0.000000    0.000000    0.000000    0.000000    0.000000    0.000000
  -3.43414    0.881718    0.848158    0.033560    0.000000    0.000000    0.000000    0.000000    0.000000    0.000000    0.000000    0.000000
  -3.43248    0.878111    0.844714    0.033396    0.000000    0.000000    0.000000    0.000000    0.000000    0.000000    0.000000    0.000000
  -3.43081    0.874517    0.841283    0.033234    0.000000    0.000000    0.000000    0.000000    0.000000    0.000000    0.000000    0.000000
  -3.42914    0.870936    0.837864    0.033072    0.000000    0.000000    0.000000    0.000000    0.000000    0.000000    0.000000    0.000000
  -3.42748    0.867368    0.834457    0.032911    0.000000    0.000000    0.000000    0.000000    0.000000    0.000000    0.000000    0.000000
  -3.42581    0.863813    0.831062    0.032751    0.000000    0.000000    0.000000    0.000000    0.000000    0.000000    0.000000    0.000000
  -3.42414    0.860271    0.827679    0.032592    0.000000    0.000000    0.000000    0.000000    0.000000    0.000000    0.000000    0.000000
  -3.42247    0.856741    0.824308    0.032434    0.000000    0.000000    0.000000    0.000000    0.000000    0.000000    0.000000    0.000000
  -3.42081    0.853225    0.820949    0.032276    0.000000    0.000000    0.000000    0.000000    0.000000    0.000000    0.000000    0.000000
  -3.41914    0.849721    0.817602    0.032119    0.000000    0.000000    0.000000    0.000000    0.000000    0.000000    0.000000    0.000000
  -3.41747    0.846231    0.814267    0.031964    0.000000    0.000000    0.000000    0.000000    0.000000    0.000000    0.000000    0.000000
  -3.41581    0.842753    0.810944    0.031809    0.000000    0.000000    0.000000    0.000000    0.000000    0.000000    0.000000    0.000000
  -3.41414    0.839288    0.807633    0.031654    0.000000    0.000000    0.000000    0.000000    0.000000    0.000000    0.000000    0.000000
  -3.41247    0.835836    0.804335    0.031501    0.000000    0.000000    0.000000    0.000000    0.000000    0.000000    0.000000    0.000000
  -3.41080    0.832396    0.801048    0.031348    0.000000    0.000000    0.000000    0.000000    0.000000    0.000000    0.000000    0.000000
  -3.40914    0.828970    0.797773    0.031197    0.000000    0.000000    0.000000    0.000000    0.000000    0.000000    0.000000    0.000000
  -3.40747    0.825557    0.794511    0.031046    0.000000    0.000000    0.000000    0.000000    0.000000    0.000000    0.000000    0.000000
  -3.40580    0.822156    0.791260    0.030896    0.000000    0.000000    0.000000    0.000000    0.000000    0.000000    0.000000    0.000000
  -3.40413    0.818768    0.788021    0.030747    0.000000    0.000000    0.000000    0.000000    0.000000    0.000000    0.000000    0.000000
  -3.40247    0.815393    0.784795    0.030598    0.000000    0.000000    0.000000    0.000000    0.000000    0.000000    0.000000    0.000000
  -3.40080    0.812031    0.781580    0.030451    0.000000    0.000000    0.000000    0.000000    0.000000    0.000000    0.000000    0.000000
  -3.39913    0.808681    0.778378    0.030304    0.000000    0.000000    0.000000    0.000000    0.000000    0.000000    0.000000    0.000000
  -3.39747    0.805345    0.775187    0.030158    0.000000    0.000000    0.000000    0.000000    0.000000    0.000000    0.000000    0.000000
  -3.39580    0.802021    0.772008    0.030013    0.000000    0.000000    0.000000    0.000000    0.000000    0.000000    0.000000    0.000000
  -3.39413    0.798710    0.768842    0.029868    0.000000    0.000000    0.000000    0.000000    0.000000    0.000000    0.000000    0.000000
  -3.39246    0.795412    0.765687    0.029725    0.000000    0.000000    0.000000    0.000000    0.000000    0.000000    0.000000    0.000000
  -3.39080    0.792127    0.762545    0.029582    0.000000    0.000000    0.000000    0.000000    0.000000    0.000000    0.000000    0.000000
  -3.38913    0.788854    0.759414    0.029440    0.000000    0.000000    0.000000    0.000000    0.000000    0.000000    0.000000    0.000000
  -3.38746    0.785594    0.756295    0.029299    0.000000    0.000000    0.000000    0.000000    0.000000    0.000000    0.000000    0.000000
  -3.38580    0.782347    0.753189    0.029158    0.000000    0.000000    0.000000    0.000000    0.000000    0.000000    0.000000    0.000000
  -3.38413    0.779113    0.750094    0.029019    0.000000    0.000000    0.000000    0.000000    0.000000    0.000000    0.000000    0.000000
  -3.38246    0.775891    0.747011    0.028880    0.000000    0.000000    0.000000    0.000000    0.000000    0.000000    0.000000    0.000000
  -3.38079    0.772682    0.743940    0.028742    0.000000    0.000000    0.000000    0.000000    0.000000    0.000000    0.000000    0.000000
  -3.37913    0.769486    0.740882    0.028605    0.000000    0.000000    0.000000    0.000000    0.000000    0.000000    0.000000    0.000000
  -3.37746    0.766303    0.737835    0.028468    0.000000    0.000000    0.000000    0.000000    0.000000    0.000000    0.000000    0.000000
  -3.37579    0.763132    0.734800    0.028333    0.000000    0.000000    0.000000    0.000000    0.000000    0.000000    0.000000    0.000000
  -3.37412    0.759974    0.731777    0.028198    0.000000    0.000000    0.000000    0.000000    0.000000    0.000000    0.000000    0.000000
  -3.37246    0.756829    0.728766    0.028064    0.000000    0.000000    0.000000    0.000000    0.000000    0.000000    0.000000    0.000000
  -3.37079    0.753697    0.725766    0.027930    0.000000    0.000000    0.000000    0.000000    0.000000    0.000000    0.000000    0.000000
  -3.36912    0.750577    0.722779    0.027798    0.000000    0.000000    0.000000    0.000000    0.000000    0.000000    0.000000    0.000000
  -3.36746    0.747470    0.719804    0.027666    0.000000    0.000000    0.000000    0.000000    0.000000    0.000000    0.000000    0.000000
  -3.36579    0.744375    0.716840    0.027535    0.000000    0.000000    0.000000    0.000000    0.000000    0.000000    0.000000    0.000000
  -3.36412    0.741293    0.713889    0.027405    0.000000    0.000000    0.000000    0.000000    0.000000    0.000000    0.000000    0.000000
  -3.36245    0.738224    0.710949    0.027275    0.000000    0.000000    0.000000    0.000000    0.000000    0.000000    0.000000    0.000000
  -3.36079    0.735167    0.708021    0.027146    0.000000    0.000000    0.000000    0.000000    0.000000    0.000000    0.000000    0.000000
  -3.35912    0.732124    0.705105    0.027018    0.000000    0.000000    0.000000    0.000000    0.000000    0.000000    0.000000    0.000000
  -3.35745    0.729092    0.702201    0.026891    0.000000    0.000000    0.000000    0.000000    0.000000    0.000000    0.000000    0.000000
  -3.35579    0.726074    0.699309    0.026764    0.000000    0.000000    0.000000    0.000000    0.000000    0.000000    0.000000    0.000000
  -3.35412    0.723067    0.696429    0.026639    0.000000    0.000000    0.000000    0.000000    0.000000    0.000000    0.000000    0.000000
  -3.35245    0.720074    0.693560    0.026514    0.000000    0.000000    0.000000    0.000000    0.000000    0.000000    0.000000    0.000000
  -3.35078    0.717093    0.690704    0.026389    0.000000    0.000000    0.000000    0.000000    0.000000    0.000000    0.000000    0.000000
  -3.34912    0.714125    0.687859    0.026266    0.000000    0.000000    0.000000    0.000000    0.000000    0.000000    0.000000    0.000000
  -3.34745    0.711169    0.685026    0.026143    0.000000    0.000000    0.000000    0.000000    0.000000    0.000000    0.000000    0.000000
  -3.34578    0.708226    0.682205    0.026021    0.000000    0.000000    0.000000    0.000000    0.000000    0.000000    0.000000    0.000000
  -3.34411    0.705295    0.679395    0.025900    0.000000    0.000000    0.000000    0.000000    0.000000    0.000000    0.000000    0.000000
  -3.34245    0.702377    0.676598    0.025779    0.000000    0.000000    0.000000    0.000000    0.000000    0.000000    0.000000    0.000000
  -3.34078    0.699471    0.673812    0.025659    0.000000    0.000000    0.000000    0.000000    0.000000    0.000000    0.000000    0.000000
  -3.33911    0.696578    0.671038    0.025540    0.000000    0.000000    0.000000    0.000000    0.000000    0.000000    0.000000    0.000000
  -3.33745    0.693697    0.668275    0.025422    0.000000    0.000000    0.000000    0.000000    0.000000    0.000000    0.000000    0.000000
  -3.33578    0.690829    0.665525    0.025304    0.000000    0.000000    0.000000    0.000000    0.000000    0.000000    0.000000    0.000000
  -3.33411    0.687974    0.662786    0.025187    0.000000    0.000000    0.000000    0.000000    0.000000    0.000000    0.000000    0.000000
  -3.33244    0.685131    0.660059    0.025071    0.000000    0.000000    0.000000    0.000000    0.000000    0.000000    0.000000    0.000000
  -3.33078    0.682300    0.657344    0.024956    0.000000    0.000000    0.000000    0.000000    0.000000    0.000000    0.000000    0.000000
  -3.32911    0.679482    0.654641    0.024841    0.000000    0.000000    0.000000    0.000000    0.000000    0.000000    0.000000    0.000000
  -3.32744    0.676676    0.651949    0.024727    0.000000    0.000000    0.000000    0.000000    0.000000    0.000000    0.000000    0.000000
  -3.32578    0.673882    0.649269    0.024614    0.000000    0.000000    0.000000    0.000000    0.000000    0.000000    0.000000    0.000000
  -3.32411    0.671101    0.646600    0.024501    0.000000    0.000000    0.000000    0.000000    0.000000    0.000000    0.000000    0.000000
  -3.32244    0.668333    0.643944    0.024389    0.000000    0.000000    0.000000    0.000000    0.000000    0.000000    0.000000    0.000000
  -3.32077    0.665577    0.641299    0.024278    0.000000    0.000000    0.000000    0.000000    0.000000    0.000000    0.000000    0.000000
  -3.31911    0.662833    0.638665    0.024167    0.000000    0.000000    0.000000    0.000000    0.000000    0.000000    0.000000    0.000000
  -3.31744    0.660101    0.636044    0.024058    0.000000    0.000000    0.000000    0.000000    0.000000    0.000000    0.000000    0.000000
  -3.31577    0.657382    0.633434    0.023948    0.000000    0.000000    0.000000    0.000000    0.000000    0.000000    0.000000    0.000000
  -3.31410    0.654675    0.630835    0.023840    0.000000    0.000000    0.000000    0.000000    0.000000    0.000000    0.000000    0.000000
  -3.31244    0.651981    0.628249    0.023732    0.000000    0.000000    0.000000    0.000000    0.000000    0.000000    0.000000    0.000000
  -3.31077    0.649299    0.625674    0.023625    0.000000    0.000000    0.000000    0.000000    0.000000    0.000000    0.000000    0.000000
  -3.30910    0.646629    0.623110    0.023519    0.000000    0.000000    0.000000    0.000000    0.000000    0.000000    0.000000    0.000000
  -3.30744    0.643972    0.620558    0.023413    0.000000    0.000000    0.000000    0.000000    0.000000    0.000000    0.000000    0.000000
  -3.30577    0.641326    0.618018    0.023308    0.000000    0.000000    0.000000    0.000000    0.000000    0.000000    0.000000    0.000000
  -3.30410    0.638694    0.615489    0.023204    0.000000    0.000000    0.000000    0.000000    0.000000    0.000000    0.000000    0.000000
  -3.30243    0.636073    0.612972    0.023101    0.000000    0.000000    0.000000    0.000000    0.000000    0.000000    0.000000    0.000000
  -3.30077    0.633464    0.610467    0.022998    0.000000    0.000000    0.000000    0.000000    0.000000    0.000000    0.000000    0.000000
  -3.29910    0.630868    0.607973    0.022895    0.000000    0.000000    0.000000    0.000000    0.000000    0.000000    0.000000    0.000000
  -3.29743    0.628284    0.605490    0.022794    0.000000    0.000000    0.000000    0.000000    0.000000    0.000000    0.000000    0.000000
  -3.29577    0.625713    0.603019    0.022693    0.000000    0.000000    0.000000    0.000000    0.000000    0.000000    0.000000    0.000000
  -3.29410    0.623153    0.600560    0.022593    0.000000    0.000000    0.000000    0.000000    0.000000    0.000000    0.000000    0.000000
  -3.29243    0.620606    0.598112    0.022493    0.000000    0.000000    0.000000    0.000000    0.000000    0.000000    0.000000    0.000000
  -3.29076    0.618070    0.595676    0.022395    0.000000    0.000000    0.000000    0.000000    0.000000    0.000000    0.000000    0.000000
  -3.28910    0.615547    0.593251    0.022296    0.000000    0.000000    0.000000    0.000000    0.000000    0.000000    0.000000    0.000000
  -3.28743    0.613036    0.590837    0.022199    0.000000    0.000000    0.000000    0.000000    0.000000    0.000000    0.000000    0.000000
  -3.28576    0.610538    0.588436    0.022102    0.000000    0.000000    0.000000    0.000000    0.000000    0.000000    0.000000    0.000000
  -3.28409    0.608051    0.586045    0.022006    0.000000    0.000000    0.000000    0.000000    0.000000    0.000000    0.000000    0.000000
  -3.28243    0.605576    0.583666    0.021910    0.000000    0.000000    0.000000    0.000000    0.000000    0.000000    0.000000    0.000000
  -3.28076    0.603114    0.581298    0.021815    0.000000    0.000000    0.000000    0.000000    0.000000    0.000000    0.000000    0.000000
  -3.27909    0.600663    0.578942    0.021721    0.000000    0.000000    0.000000    0.000000    0.000000    0.000000    0.000000    0.000000
  -3.27743    0.598225    0.576597    0.021628    0.000000    0.000000    0.000000    0.000000    0.000000    0.000000    0.000000    0.000000
  -3.27576    0.595799    0.574264    0.021535    0.000000    0.000000    0.000000    0.000000    0.000000    0.000000    0.000000    0.000000
  -3.27409    0.593384    0.571942    0.021442    0.000000    0.000000    0.000000    0.000000    0.000000    0.000000    0.000000    0.000000
  -3.27242    0.590982    0.569631    0.021351    0.000000    0.000000    0.000000    0.000000    0.000000    0.000000    0.000000    0.000000
  -3.27076    0.588592    0.567332    0.021260    0.000000    0.000000    0.000000    0.000000    0.000000    0.000000    0.000000    0.000000
  -3.26909    0.586214    0.565044    0.021170    0.000000    0.000000    0.000000    0.000000    0.000000    0.000000    0.000000    0.000000
  -3.26742    0.583847    0.562768    0.021080    0.000000    0.000000    0.000000    0.000000    0.000000    0.000000    0.000000    0.000000
  -3.26576    0.581493    0.560502    0.020991    0.000000    0.000000    0.000000    0.000000    0.000000    0.000000    0.000000    0.000000
  -3.26409    0.579151    0.558248    0.020902    0.000000    0.000000    0.000000    0.000000    0.000000    0.000000    0.000000    0.000000
  -3.26242    0.576820    0.556006    0.020815    0.000000    0.000000    0.000000    0.000000    0.000000    0.000000    0.000000    0.000000
  -3.26075    0.574502    0.553774    0.020727    0.000000    0.000000    0.000000    0.000000    0.000000    0.000000    0.000000    0.000000
  -3.25909    0.572195    0.551554    0.020641    0.000000    0.000000    0.000000    0.000000    0.000000    0.000000    0.000000    0.000000
  -3.25742    0.569900    0.549345    0.020555    0.000000    0.000000    0.000000    0.000000    0.000000    0.000000    0.000000    0.000000
  -3.25575    0.567618    0.547148    0.020470    0.000000    0.000000    0.000000    0.000000    0.000000    0.000000    0.000000    0.000000
  -3.25408    0.565347    0.544961    0.020385    0.000000    0.000000    0.000000    0.000000    0.000000    0.000000    0.000000    0.000000
  -3.25242    0.563088    0.542786    0.020301    0.000000    0.000000    0.000000    0.000000    0.000000    0.000000    0.000000    0.000000
  -3.25075    0.560840    0.540622    0.020218    0.000000    0.000000    0.000000    0.000000    0.000000    0.000000    0.000000    0.000000
  -3.24908    0.558605    0.538470    0.020135    0.000000    0.000000    0.000000    0.000000    0.000000    0.000000    0.000000    0.000000
  -3.24742    0.556381    0.536328    0.020053    0.000000    0.000000    0.000000    0.000000    0.000000    0.000000    0.000000    0.000000
  -3.24575    0.554169    0.534198    0.019971    0.000000    0.000000    0.000000    0.000000    0.000000    0.000000    0.000000    0.000000
  -3.24408    0.551969    0.532079    0.019890    0.000000    0.000000    0.000000    0.000000    0.000000    0.000000    0.000000    0.000000
  -3.24241    0.549781    0.529970    0.019810    0.000000    0.000000    0.000000    0.000000    0.000000    0.000000    0.000000    0.000000
  -3.24075    0.547604    0.527874    0.019730    0.000000    0.000000    0.000000    0.000000    0.000000    0.000000    0.000000    0.000000
  -3.23908    0.545439    0.525788    0.019651    0.000000    0.000000    0.000000    0.000000    0.000000    0.000000    0.000000    0.000000
  -3.23741    0.543286    0.523713    0.019573    0.000000    0.000000    0.000000    0.000000    0.000000    0.000000    0.000000    0.000000
  -3.23575    0.541144    0.521649    0.019495    0.000000    0.000000    0.000000    0.000000    0.000000    0.000000    0.000000    0.000000
  -3.23408    0.539014    0.519597    0.019418    0.000000    0.000000    0.000000    0.000000    0.000000    0.000000    0.000000    0.000000
  -3.23241    0.536896    0.517555    0.019341    0.000000    0.000000    0.000000    0.000000    0.000000    0.000000    0.000000    0.000000
  -3.23074    0.534790    0.515525    0.019265    0.000000    0.000000    0.000000    0.000000    0.000000    0.000000    0.000000    0.000000
  -3.22908    0.532695    0.513505    0.019189    0.000000    0.000000    0.000000    0.000000    0.000000    0.000000    0.000000    0.000000
  -3.22741    0.530612    0.511497    0.019115    0.000000    0.000000    0.000000    0.000000    0.000000    0.000000    0.000000    0.000000
  -3.22574    0.528540    0.509500    0.019040    0.000000    0.000000    0.000000    0.000000    0.000000    0.000000    0.000000    0.000000
  -3.22407    0.526480    0.507513    0.018967    0.000000    0.000000    0.000000    0.000000    0.000000    0.000000    0.000000    0.000000
  -3.22241    0.524431    0.505538    0.018893    0.000000    0.000000    0.000000    0.000000    0.000000    0.000000    0.000000    0.000000
  -3.22074    0.522394    0.503573    0.018821    0.000000    0.000000    0.000000    0.000000    0.000000    0.000000    0.000000    0.000000
  -3.21907    0.520369    0.501620    0.018749    0.000000    0.000000    0.000000    0.000000    0.000000    0.000000    0.000000    0.000000
  -3.21741    0.518355    0.499677    0.018678    0.000000    0.000000    0.000000    0.000000    0.000000    0.000000    0.000000    0.000000
  -3.21574    0.516352    0.497746    0.018607    0.000000    0.000000    0.000000    0.000000    0.000000    0.000000    0.000000    0.000000
  -3.21407    0.514361    0.495825    0.018537    0.000000    0.000000    0.000000    0.000000    0.000000    0.000000    0.000000    0.000000
  -3.21240    0.512382    0.493915    0.018467    0.000000    0.000000    0.000000    0.000000    0.000000    0.000000    0.000000    0.000000
  -3.21074    0.510414    0.492016    0.018398    0.000000    0.000000    0.000000    0.000000    0.000000    0.000000    0.000000    0.000000
  -3.20907    0.508457    0.490128    0.018329    0.000000    0.000000    0.000000    0.000000    0.000000    0.000000    0.000000    0.000000
  -3.20740    0.506512    0.488251    0.018262    0.000000    0.000000    0.000000    0.000000    0.000000    0.000000    0.000000    0.000000
  -3.20574    0.504579    0.486384    0.018194    0.000000    0.000000    0.000000    0.000000    0.000000    0.000000    0.000000    0.000000
  -3.20407    0.502656    0.484529    0.018127    0.000000    0.000000    0.000000    0.000000    0.000000    0.000000    0.000000    0.000000
  -3.20240    0.500745    0.482684    0.018061    0.000000    0.000000    0.000000    0.000000    0.000000    0.000000    0.000000    0.000000
  -3.20073    0.498846    0.480850    0.017996    0.000000    0.000000    0.000000    0.000000    0.000000    0.000000    0.000000    0.000000
  -3.19907    0.496957    0.479027    0.017931    0.000000    0.000000    0.000000    0.000000    0.000000    0.000000    0.000000    0.000000
  -3.19740    0.495080    0.477214    0.017866    0.000000    0.000000    0.000000    0.000000    0.000000    0.000000    0.000000    0.000000
  -3.19573    0.493215    0.475413    0.017802    0.000000    0.000000    0.000000    0.000000    0.000000    0.000000    0.000000    0.000000
  -3.19406    0.491360    0.473622    0.017739    0.000000    0.000000    0.000000    0.000000    0.000000    0.000000    0.000000    0.000000
  -3.19240    0.489517    0.471841    0.017676    0.000000    0.000000    0.000000    0.000000    0.000000    0.000000    0.000000    0.000000
  -3.19073    0.487685    0.470072    0.017614    0.000000    0.000000    0.000000    0.000000    0.000000    0.000000    0.000000    0.000000
  -3.18906    0.485865    0.468313    0.017552    0.000000    0.000000    0.000000    0.000000    0.000000    0.000000    0.000000    0.000000
  -3.18740    0.484055    0.466565    0.017491    0.000000    0.000000    0.000000    0.000000    0.000000    0.000000    0.000000    0.000000
  -3.18573    0.482257    0.464827    0.017430    0.000000    0.000000    0.000000    0.000000    0.000000    0.000000    0.000000    0.000000
  -3.18406    0.480470    0.463100    0.017370    0.000000    0.000000    0.000000    0.000000    0.000000    0.000000    0.000000    0.000000
  -3.18239    0.478694    0.461384    0.017310    0.000000    0.000000    0.000000    0.000000    0.000000    0.000000    0.000000    0.000000
  -3.18073    0.476929    0.459678    0.017251    0.000000    0.000000    0.000000    0.000000    0.000000    0.000000    0.000000    0.000000
  -3.17906    0.475176    0.457983    0.017193    0.000000    0.000000    0.000000    0.000000    0.000000    0.000000    0.000000    0.000000
  -3.17739    0.473433    0.456298    0.017135    0.000000    0.000000    0.000000    0.000000    0.000000    0.000000    0.000000    0.000000
  -3.17573    0.471702    0.454624    0.017078    0.000000    0.000000    0.000000    0.000000    0.000000    0.000000    0.000000    0.000000
  -3.17406    0.469982    0.452961    0.017021    0.000000    0.000000    0.000000    0.000000    0.000000    0.000000    0.000000    0.000000
  -3.17239    0.468273    0.451308    0.016964    0.000000    0.000000    0.000000    0.000000    0.000000    0.000000    0.000000    0.000000
  -3.17072    0.466574    0.449666    0.016909    0.000000    0.000000    0.000000    0.000000    0.000000    0.000000    0.000000    0.000000
  -3.16906    0.464887    0.448034    0.016853    0.000000    0.000000    0.000000    0.000000    0.000000    0.000000    0.000000    0.000000
  -3.16739    0.463211    0.446412    0.016799    0.000000    0.000000    0.000000    0.000000    0.000000    0.000000    0.000000    0.000000
  -3.16572    0.461546    0.444802    0.016745    0.000000    0.000000    0.000000    0.000000    0.000000    0.000000    0.000000    0.000000
  -3.16405    0.459892    0.443201    0.016691    0.000000    0.000000    0.000000    0.000000    0.000000    0.000000    0.000000    0.000000
  -3.16239    0.458249    0.441611    0.016638    0.000000    0.000000    0.000000    0.000000    0.000000    0.000000    0.000000    0.000000
  -3.16072    0.456617    0.440031    0.016585    0.000000    0.000000    0.000000    0.000000    0.000000    0.000000    0.000000    0.000000
  -3.15905    0.454995    0.438462    0.016533    0.000000    0.000000    0.000000    0.000000    0.000000    0.000000    0.000000    0.000000
  -3.15739    0.453385    0.436903    0.016482    0.000000    0.000000    0.000000    0.000000    0.000000    0.000000    0.000000    0.000000
  -3.15572    0.451785    0.435355    0.016430    0.000000    0.000000    0.000000    0.000000    0.000000    0.000000    0.000000    0.000000
  -3.15405    0.450197    0.433817    0.016380    0.000000    0.000000    0.000000    0.000000    0.000000    0.000000    0.000000    0.000000
  -3.15238    0.448619    0.432289    0.016330    0.000000    0.000000    0.000000    0.000000    0.000000    0.000000    0.000000    0.000000
  -3.15072    0.447052    0.430772    0.016280    0.000000    0.000000    0.000000    0.000000    0.000000    0.000000    0.000000    0.000000
  -3.14905    0.445496    0.429264    0.016231    0.000000    0.000000    0.000000    0.000000    0.000000    0.000000    0.000000    0.000000
  -3.14738    0.443951    0.427768    0.016183    0.000000    0.000000    0.000000    0.000000    0.000000    0.000000    0.000000    0.000000
  -3.14572    0.442416    0.426281    0.016135    0.000000    0.000000    0.000000    0.000000    0.000000    0.000000    0.000000    0.000000
  -3.14405    0.440892    0.424805    0.016087    0.000000    0.000000    0.000000    0.000000    0.000000    0.000000    0.000000    0.000000
  -3.14238    0.439379    0.423339    0.016040    0.000000    0.000000    0.000000    0.000000    0.000000    0.000000    0.000000    0.000000
  -3.14071    0.437877    0.421883    0.015994    0.000000    0.000000    0.000000    0.000000    0.000000    0.000000    0.000000    0.000000
  -3.13905    0.436385    0.420437    0.015948    0.000000    0.000000    0.000000    0.000000    0.000000    0.000000    0.000000    0.000000
  -3.13738    0.434904    0.419002    0.015903    0.000000    0.000000    0.000000    0.000000    0.000000    0.000000    0.000000    0.000000
  -3.13571    0.433434    0.417577    0.015858    0.000000    0.000000    0.000000    0.000000    0.000000    0.000000    0.000000    0.000000
  -3.13404    0.431975    0.416161    0.015813    0.000000    0.000000    0.000000    0.000000    0.000000    0.000000    0.000000    0.000000
  -3.13238    0.430526    0.414757    0.015769    0.000000    0.000000    0.000000    0.000000    0.000000    0.000000    0.000000    0.000000
  -3.13071    0.429087    0.413362    0.015726    0.000000    0.000000    0.000000    0.000000    0.000000    0.000000    0.000000    0.000000
  -3.12904    0.427660    0.411977    0.015683    0.000000    0.000000    0.000000    0.000000    0.000000    0.000000    0.000000    0.000000
  -3.12738    0.426243    0.410602    0.015640    0.000000    0.000000    0.000000    0.000000    0.000000    0.000000    0.000000    0.000000
  -3.12571    0.424836    0.409238    0.015598    0.000000    0.000000    0.000000    0.000000    0.000000    0.000000    0.000000    0.000000
  -3.12404    0.423440    0.407883    0.015557    0.000000    0.000000    0.000000    0.000000    0.000000    0.000000    0.000000    0.000000
  -3.12237    0.422055    0.406539    0.015516    0.000000    0.000000    0.000000    0.000000    0.000000    0.000000    0.000000    0.000000
  -3.12071    0.420680    0.405205    0.015475    0.000000    0.000000    0.000000    0.000000    0.000000    0.000000    0.000000    0.000000
  -3.11904    0.419315    0.403880    0.015435    0.000000    0.000000    0.000000    0.000000    0.000000    0.000000    0.000000    0.000000
  -3.11737    0.417961    0.402566    0.015395    0.000000    0.000000    0.000000    0.000000    0.000000    0.000000    0.000000    0.000000
  -3.11571    0.416618    0.401261    0.015356    0.000000    0.000000    0.000000    0.000000    0.000000    0.000000    0.000000    0.000000
  -3.11404    0.415284    0.399967    0.015318    0.000000    0.000000    0.000000    0.000000    0.000000    0.000000    0.000000    0.000000
  -3.11237    0.413962    0.398682    0.015279    0.000000    0.000000    0.000000    0.000000    0.000000    0.000000    0.000000    0.000000
  -3.11070    0.412649    0.397408    0.015242    0.000000    0.000000    0.000000    0.000000    0.000000    0.000000    0.000000    0.000000
  -3.10904    0.411348    0.396143    0.015204    0.000000    0.000000    0.000000    0.000000    0.000000    0.000000    0.000000    0.000000
  -3.10737    0.410056    0.394888    0.015168    0.000000    0.000000    0.000000    0.000000    0.000000    0.000000    0.000000    0.000000
  -3.10570    0.408775    0.393643    0.015131    0.000000    0.000000    0.000000    0.000000    0.000000    0.000000    0.000000    0.000000
  -3.10403    0.407504    0.392408    0.015096    0.000000    0.000000    0.000000    0.000000    0.000000    0.000000    0.000000    0.000000
  -3.10237    0.406243    0.391183    0.015060    0.000000    0.000000    0.000000    0.000000    0.000000    0.000000    0.000000    0.000000
  -3.10070    0.404993    0.389968    0.015025    0.000000    0.000000    0.000000    0.000000    0.000000    0.000000    0.000000    0.000000
  -3.09903    0.403753    0.388762    0.014991    0.000000    0.000000    0.000000    0.000000    0.000000    0.000000    0.000000    0.000000
  -3.09737    0.402523    0.387566    0.014957    0.000000    0.000000    0.000000    0.000000    0.000000    0.000000    0.000000    0.000000
  -3.09570    0.401304    0.386381    0.014923    0.000000    0.000000    0.000000    0.000000    0.000000    0.000000    0.000000    0.000000
  -3.09403    0.400095    0.385204    0.014890    0.000000    0.000000    0.000000    0.000000    0.000000    0.000000    0.000000    0.000000
  -3.09236    0.398896    0.384038    0.014858    0.000000    0.000000    0.000000    0.000000    0.000000    0.000000    0.000000    0.000000
  -3.09070    0.397707    0.382881    0.014826    0.000000    0.000000    0.000000    0.000000    0.000000    0.000000    0.000000    0.000000
  -3.08903    0.396528    0.381734    0.014794    0.000000    0.000000    0.000000    0.000000    0.000000    0.000000    0.000000    0.000000
  -3.08736    0.395359    0.380597    0.014763    0.000000    0.000000    0.000000    0.000000    0.000000    0.000000    0.000000    0.000000
  -3.08570    0.394201    0.379469    0.014732    0.000000    0.000000    0.000000    0.000000    0.000000    0.000000    0.000000    0.000000
  -3.08403    0.393053    0.378351    0.014702    0.000000    0.000000    0.000000    0.000000    0.000000    0.000000    0.000000    0.000000
  -3.08236    0.391914    0.377242    0.014672    0.000000    0.000000    0.000000    0.000000    0.000000    0.000000    0.000000    0.000000
  -3.08069    0.390786    0.376144    0.014642    0.000000    0.000000    0.000000    0.000000    0.000000    0.000000    0.000000    0.000000
  -3.07903    0.389668    0.375054    0.014613    0.000000    0.000000    0.000000    0.000000    0.000000    0.000000    0.000000    0.000000
  -3.07736    0.388560    0.373975    0.014585    0.000000    0.000000    0.000000    0.000000    0.000000    0.000000    0.000000    0.000000
  -3.07569    0.387462    0.372905    0.014557    0.000000    0.000000    0.000000    0.000000    0.000000    0.000000    0.000000    0.000000
  -3.07402    0.386373    0.371844    0.014529    0.000000    0.000000    0.000000    0.000000    0.000000    0.000000    0.000000    0.000000
  -3.07236    0.385295    0.370793    0.014502    0.000000    0.000000    0.000000    0.000000    0.000000    0.000000    0.000000    0.000000
  -3.07069    0.384227    0.369752    0.014475    0.000000    0.000000    0.000000    0.000000    0.000000    0.000000    0.000000    0.000000
  -3.06902    0.383169    0.368720    0.014449    0.000000    0.000000    0.000000    0.000000    0.000000    0.000000    0.000000    0.000000
  -3.06736    0.382121    0.367698    0.014423    0.000000    0.000000    0.000000    0.000000    0.000000    0.000000    0.000000    0.000000
  -3.06569    0.381082    0.366685    0.014397    0.000000    0.000000    0.000000    0.000000    0.000000    0.000000    0.000000    0.000000
  -3.06402    0.380054    0.365681    0.014372    0.000000    0.000000    0.000000    0.000000    0.000000    0.000000    0.000000    0.000000
  -3.06235    0.379035    0.364687    0.014348    0.000000    0.000000    0.000000    0.000000    0.000000    0.000000    0.000000    0.000000
  -3.06069    0.378026    0.363703    0.014323    0.000000    0.000000    0.000000    0.000000    0.000000    0.000000    0.000000    0.000000
  -3.05902    0.377027    0.362727    0.014300    0.000000    0.000000    0.000000    0.000000    0.000000    0.000000    0.000000    0.000000
  -3.05735    0.376038    0.361761    0.014276    0.000000    0.000000    0.000000    0.000000    0.000000    0.000000    0.000000    0.000000
  -3.05569    0.375058    0.360805    0.014253    0.000000    0.000000    0.000000    0.000000    0.000000    0.000000    0.000000    0.000000
  -3.05402    0.374089    0.359858    0.014231    0.000000    0.000000    0.000000    0.000000    0.000000    0.000000    0.000000    0.000000
  -3.05235    0.373129    0.358920    0.014209    0.000000    0.000000    0.000000    0.000000    0.000000    0.000000    0.000000    0.000000
  -3.05068    0.372179    0.357991    0.014187    0.000000    0.000000    0.000000    0.000000    0.000000    0.000000    0.000000    0.000000
  -3.04902    0.371238    0.357072    0.014166    0.000000    0.000000    0.000000    0.000000    0.000000    0.000000    0.000000    0.000000
  -3.04735    0.370307    0.356162    0.014145    0.000000    0.000000    0.000000    0.000000    0.000000    0.000000    0.000000    0.000000
  -3.04568    0.369386    0.355261    0.014125    0.000000    0.000000    0.000000    0.000000    0.000000    0.000000    0.000000    0.000000
  -3.04401    0.368475    0.354370    0.014105    0.000000    0.000000    0.000000    0.000000    0.000000    0.000000    0.000000    0.000000
  -3.04235    0.367573    0.353488    0.014085    0.000000    0.000000    0.000000    0.000000    0.000000    0.000000    0.000000    0.000000
  -3.04068    0.366681    0.352615    0.014066    0.000000    0.000000    0.000000    0.000000    0.000000    0.000000    0.000000    0.000000
  -3.03901    0.365798    0.351751    0.014047    0.000000    0.000000    0.000000    0.000000    0.000000    0.000000    0.000000    0.000000
  -3.03735    0.364925    0.350896    0.014029    0.000000    0.000000    0.000000    0.000000    0.000000    0.000000    0.000000    0.000000
  -3.03568    0.364062    0.350051    0.014011    0.000000    0.000000    0.000000    0.000000    0.000000    0.000000    0.000000    0.000000
  -3.03401    0.363208    0.349214    0.013993    0.000000    0.000000    0.000000    0.000000    0.000000    0.000000    0.000000    0.000000
  -3.03234    0.362364    0.348387    0.013976    0.000000    0.000000    0.000000    0.000000    0.000000    0.000000    0.000000    0.000000
  -3.03068    0.361529    0.347569    0.013960    0.000000    0.000000    0.000000    0.000000    0.000000    0.000000    0.000000    0.000000
  -3.02901    0.360703    0.346760    0.013943    0.000000    0.000000    0.000000    0.000000    0.000000    0.000000    0.000000    0.000000
  -3.02734    0.359888    0.345960    0.013927    0.000000    0.000000    0.000000    0.000000    0.000000    0.000000    0.000000    0.000000
  -3.02568    0.359081    0.345169    0.013912    0.000000    0.000000    0.000000    0.000000    0.000000    0.000000    0.000000    0.000000
  -3.02401    0.358284    0.344387    0.013897    0.000000    0.000000    0.000000    0.000000    0.000000    0.000000    0.000000    0.000000
  -3.02234    0.357496    0.343614    0.013882    0.000000    0.000000    0.000000    0.000000    0.000000    0.000000    0.000000    0.000000
  -3.02067    0.356718    0.342851    0.013868    0.000000    0.000000    0.000000    0.000000    0.000000    0.000000    0.000000    0.000000
  -3.01901    0.355949    0.342096    0.013854    0.000000    0.000000    0.000000    0.000000    0.000000    0.000000    0.000000    0.000000
  -3.01734    0.355190    0.341350    0.013840    0.000000    0.000000    0.000000    0.000000    0.000000    0.000000    0.000000    0.000000
  -3.01567    0.354440    0.340613    0.013827    0.000000    0.000000    0.000000    0.000000    0.000000    0.000000    0.000000    0.000000
  -3.01400    0.353699    0.339885    0.013814    0.000000    0.000000    0.000000    0.000000    0.000000    0.000000    0.000000    0.000000
  -3.01234    0.352968    0.339166    0.013802    0.000000    0.000000    0.000000    0.000000    0.000000    0.000000    0.000000    0.000000
  -3.01067    0.352245    0.338455    0.013790    0.000000    0.000000    0.000000    0.000000    0.000000    0.000000    0.000000    0.000000
  -3.00900    0.351532    0.337754    0.013778    0.000000    0.000000    0.000000    0.000000    0.000000    0.000000    0.000000    0.000000
  -3.00734    0.350829    0.337061    0.013767    0.000000    0.000000    0.000000    0.000000    0.000000    0.000000    0.000000    0.000000
  -3.00567    0.350134    0.336378    0.013756    0.000000    0.000000    0.000000    0.000000    0.000000    0.000000    0.000000    0.000000
  -3.00400    0.349449    0.335703    0.013746    0.000000    0.000000    0.000000    0.000000    0.000000    0.000000    0.000000    0.000000
  -3.00233    0.348773    0.335037    0.013736    0.000000    0.000000    0.000000    0.000000    0.000000    0.000000    0.000000    0.000000
  -3.00067    0.348106    0.334380    0.013726    0.000000    0.000000    0.000000    0.000000    0.000000    0.000000    0.000000    0.000000
  -2.99900    0.347448    0.333731    0.013717    0.000000    0.000000    0.000000    0.000000    0.000000    0.000000    0.000000    0.000000
  -2.99733    0.346800    0.333092    0.013708    0.000000    0.000000    0.000000    0.000000    0.000000    0.000000    0.000000    0.000000
  -2.99567    0.346160    0.332461    0.013699    0.000000    0.000000    0.000000    0.000000    0.000000    0.000000    0.000000    0.000000
  -2.99400    0.345530    0.331838    0.013691    0.000000    0.000000    0.000000    0.000000    0.000000    0.000000    0.000000    0.000000
  -2.99233    0.344908    0.331225    0.013683    0.000000    0.000000    0.000000    0.000000    0.000000    0.000000    0.000000    0.000000
  -2.99066    0.344296    0.330620    0.013676    0.000000    0.000000    0.000000    0.000000    0.000000    0.000000    0.000000    0.000000
  -2.98900    0.343693    0.330024    0.013669    0.000000    0.000000    0.000000    0.000000    0.000000    0.000000    0.000000    0.000000
  -2.98733    0.343099    0.329436    0.013662    0.000000    0.000000    0.000000    0.000000    0.000000    0.000000    0.000000    0.000000
  -2.98566    0.342514    0.328858    0.013656    0.000000    0.000000    0.000000    0.000000    0.000000    0.000000    0.000000    0.000000
  -2.98399    0.341937    0.328287    0.013650    0.000000    0.000000    0.000000    0.000000    0.000000    0.000000    0.000000    0.000000
  -2.98233    0.341370    0.327726    0.013644    0.000000    0.000000    0.000000    0.000000    0.000000    0.000000    0.000000    0.000000
  -2.98066    0.340812    0.327173    0.013639    0.000000    0.000000    0.000000    0.000000    0.000000    0.000000    0.000000    0.000000
  -2.97899    0.340262    0.326628    0.013634    0.000000    0.000000    0.000000    0.000000    0.000000    0.000000    0.000000    0.000000
  -2.97733    0.339722    0.326092    0.013630    0.000000    0.000000    0.000000    0.000000    0.000000    0.000000    0.000000    0.000000
  -2.97566    0.339190    0.325565    0.013626    0.000000    0.000000    0.000000    0.000000    0.000000    0.000000    0.000000    0.000000
  -2.97399    0.338668    0.325046    0.013622    0.000000    0.000000    0.000000    0.000000    0.000000    0.000000    0.000000    0.000000
  -2.97232    0.338154    0.324535    0.013618    0.000000    0.000000    0.000000    0.000000    0.000000    0.000000    0.000000    0.000000
  -2.97066    0.337649    0.324034    0.013615    0.000000    0.000000    0.000000    0.000000    0.000000    0.000000    0.000000    0.000000
  -2.96899    0.337153    0.323540    0.013613    0.000000    0.000000    0.000000    0.000000    0.000000    0.000000    0.000000    0.000000
  -2.96732    0.336665    0.323055    0.013610    0.000000    0.000000    0.000000    0.000000    0.000000    0.000000    0.000000    0.000000
  -2.96566    0.336187    0.322579    0.013608    0.000000    0.000000    0.000000    0.000000    0.000000    0.000000    0.000000    0.000000
  -2.96399    0.335717    0.322110    0.013607    0.000000    0.000000    0.000000    0.000000    0.000000    0.000000    0.000000    0.000000
  -2.96232    0.335256    0.321651    0.013605    0.000000    0.000000    0.000000    0.000000    0.000000    0.000000    0.000000    0.000000
  -2.96065    0.334804    0.321199    0.013604    0.000000    0.000000    0.000000    0.000000    0.000000    0.000000    0.000000    0.000000
  -2.95899    0.334360    0.320756    0.013604    0.000000    0.000000    0.000000    0.000000    0.000000    0.000000    0.000000    0.000000
  -2.95732    0.333925    0.320322    0.013604    0.000000    0.000000    0.000000    0.000000    0.000000    0.000000    0.000000    0.000000
  -2.95565    0.333499    0.319895    0.013604    0.000000    0.000000    0.000000    0.000000    0.000000    0.000000    0.000000    0.000000
  -2.95398    0.333081    0.319477    0.013604    0.000000    0.000000    0.000000    0.000000    0.000000    0.000000    0.000000    0.000000
  -2.95232    0.332672    0.319067    0.013605    0.000000    0.000000    0.000000    0.000000    0.000000    0.000000    0.000000    0.000000
  -2.95065    0.332272    0.318666    0.013606    0.000000    0.000000    0.000000    0.000000    0.000000    0.000000    0.000000    0.000000
  -2.94898    0.331880    0.318273    0.013608    0.000000    0.000000    0.000000    0.000000    0.000000    0.000000    0.000000    0.000000
  -2.94732    0.331497    0.317888    0.013609    0.000000    0.000000    0.000000    0.000000    0.000000    0.000000    0.000000    0.000000
  -2.94565    0.331122    0.317511    0.013611    0.000000    0.000000    0.000000    0.000000    0.000000    0.000000    0.000000    0.000000
  -2.94398    0.330756    0.317142    0.013614    0.000000    0.000000    0.000000    0.000000    0.000000    0.000000    0.000000    0.000000
  -2.94231    0.330399    0.316782    0.013617    0.000000    0.000000    0.000000    0.000000    0.000000    0.000000    0.000000    0.000000
  -2.94065    0.330050    0.316430    0.013620    0.000000    0.000000    0.000000    0.000000    0.000000    0.000000    0.000000    0.000000
  -2.93898    0.329709    0.316086    0.013623    0.000000    0.000000    0.000000    0.000000    0.000000    0.000000    0.000000    0.000000
  -2.93731    0.329377    0.315750    0.013627    0.000000    0.000000    0.000000    0.000000    0.000000    0.000000    0.000000    0.000000
  -2.93565    0.329054    0.315422    0.013631    0.000000    0.000000    0.000000    0.000000    0.000000    0.000000    0.000000    0.000000
  -2.93398    0.328739    0.315103    0.013636    0.000000    0.000000    0.000000    0.000000    0.000000    0.000000    0.000000    0.000000
  -2.93231    0.328432    0.314791    0.013641    0.000000    0.000000    0.000000    0.000000    0.000000    0.000000    0.000000    0.000000
  -2.93064    0.328133    0.314488    0.013646    0.000000    0.000000    0.000000    0.000000    0.000000    0.000000    0.000000    0.000000
  -2.92898    0.327844    0.314192    0.013651    0.000000    0.000000    0.000000    0.000000    0.000000    0.000000    0.000000    0.000000
  -2.92731    0.327562    0.313905    0.013657    0.000000    0.000000    0.000000    0.000000    0.000000    0.000000    0.000000    0.000000
  -2.92564    0.327289    0.313625    0.013663    0.000000    0.000000    0.000000    0.000000    0.000000    0.000000    0.000000    0.000000
  -2.92397    0.327024    0.313354    0.013670    0.000000    0.000000    0.000000    0.000000    0.000000    0.000000    0.000000    0.000000
  -2.92231    0.326767    0.313091    0.013677    0.000000    0.000000    0.000000    0.000000    0.000000    0.000000    0.000000    0.000000
  -2.92064    0.326519    0.312835    0.013684    0.000000    0.000000    0.000000    0.000000    0.000000    0.000000    0.000000    0.000000
  -2.91897    0.326279    0.312588    0.013691    0.000000    0.000000    0.000000    0.000000    0.000000    0.000000    0.000000    0.000000
  -2.91731    0.326047    0.312348    0.013699    0.000000    0.000000    0.000000    0.000000    0.000000    0.000000    0.000000    0.000000
  -2.91564    0.325824    0.312117    0.013707    0.000000    0.000000    0.000000    0.000000    0.000000    0.000000    0.000000    0.000000
  -2.91397    0.325608    0.311893    0.013715    0.000000    0.000000    0.000000    0.000000    0.000000    0.000000    0.000000    0.000000
  -2.91230    0.325401    0.311677    0.013724    0.000000    0.000000    0.000000    0.000000    0.000000    0.000000    0.000000    0.000000
  -2.91064    0.325202    0.311469    0.013733    0.000000    0.000000    0.000000    0.000000    0.000000    0.000000    0.000000    0.000000
  -2.90897    0.325012    0.311269    0.013742    0.000000    0.000000    0.000000    0.000000    0.000000    0.000000    0.000000    0.000000
  -2.90730    0.324829    0.311077    0.013752    0.000000    0.000000    0.000000    0.000000    0.000000    0.000000    0.000000    0.000000
  -2.90564    0.324654    0.310893    0.013762    0.000000    0.000000    0.000000    0.000000    0.000000    0.000000    0.000000    0.000000
  -2.90397    0.324488    0.310716    0.013772    0.000000    0.000000    0.000000    0.000000    0.000000    0.000000    0.000000    0.000000
  -2.90230    0.324330    0.310547    0.013783    0.000000    0.000000    0.000000    0.000000    0.000000    0.000000    0.000000    0.000000
  -2.90063    0.324180    0.310386    0.013794    0.000000    0.000000    0.000000    0.000000    0.000000    0.000000    0.000000    0.000000
  -2.89897    0.324038    0.310233    0.013805    0.000000    0.000000    0.000000    0.000000    0.000000    0.000000    0.000000    0.000000
  -2.89730    0.323903    0.310087    0.013816    0.000000    0.000000    0.000000    0.000000    0.000000    0.000000    0.000000    0.000000
  -2.89563    0.323777    0.309949    0.013828    0.000000    0.000000    0.000000    0.000000    0.000000    0.000000    0.000000    0.000000
  -2.89396    0.323659    0.309819    0.013840    0.000000    0.000000    0.000000    0.000000    0.000000    0.000000    0.000000    0.000000
  -2.89230    0.323549    0.309697    0.013853    0.000000    0.000000    0.000000    0.000000    0.000000    0.000000    0.000000    0.000000
  -2.89063    0.323447    0.309582    0.013865    0.000000    0.000000    0.000000    0.000000    0.000000    0.000000    0.000000    0.000000
  -2.88896    0.323353    0.309475    0.013878    0.000000    0.000000    0.000000    0.000000    0.000000    0.000000    0.000000    0.000000
  -2.88730    0.323267    0.309375    0.013892    0.000000    0.000000    0.000000    0.000000    0.000000    0.000000    0.000000    0.000000
  -2.88563    0.323189    0.309284    0.013905    0.000000    0.000000    0.000000    0.000000    0.000000    0.000000    0.000000    0.000000
  -2.88396    0.323118    0.309199    0.013919    0.000000    0.000000    0.000000    0.000000    0.000000    0.000000    0.000000    0.000000
  -2.88229    0.323056    0.309123    0.013933    0.000000    0.000000    0.000000    0.000000    0.000000    0.000000    0.000000    0.000000
  -2.88063    0.323001    0.309054    0.013948    0.000000    0.000000    0.000000    0.000000    0.000000    0.000000    0.000000    0.000000
  -2.87896    0.322955    0.308992    0.013963    0.000000    0.000000    0.000000    0.000000    0.000000    0.000000    0.000000    0.000000
  -2.87729    0.322916    0.308938    0.013978    0.000000    0.000000    0.000000    0.000000    0.000000    0.000000    0.000000    0.000000
  -2.87563    0.322885    0.308892    0.013993    0.000000    0.000000    0.000000    0.000000    0.000000    0.000000    0.000000    0.000000
  -2.87396    0.322861    0.308853    0.014009    0.000000    0.000000    0.000000    0.000000    0.000000    0.000000    0.000000    0.000000
  -2.87229    0.322846    0.308821    0.014025    0.000000    0.000000    0.000000    0.000000    0.000000    0.000000    0.000000    0.000000
  -2.87062    0.322838    0.308797    0.014041    0.000000    0.000000    0.000000    0.000000    0.000000    0.000000    0.000000    0.000000
  -2.86896    0.322838    0.308781    0.014058    0.000000    0.000000    0.000000    0.000000    0.000000    0.000000    0.000000    0.000000
  -2.86729    0.322846    0.308771    0.014074    0.000000    0.000000    0.000000    0.000000    0.000000    0.000000    0.000000    0.000000
  -2.86562    0.322861    0.308770    0.014091    0.000000    0.000000    0.000000    0.000000    0.000000    0.000000    0.000000    0.000000
  -2.86395    0.322884    0.308776    0.014109    0.000000    0.000000    0.000000    0.000000    0.000000    0.000000    0.000000    0.000000
  -2.86229    0.322915    0.308789    0.014127    0.000000    0.000000    0.000000    0.000000    0.000000    0.000000    0.000000    0.000000
  -2.86062    0.322954    0.308809    0.014145    0.000000    0.000000    0.000000    0.000000    0.000000    0.000000    0.000000    0.000000
  -2.85895    0.323000    0.308837    0.014163    0.000000    0.000000    0.000000    0.000000    0.000000    0.000000    0.000000    0.000000
  -2.85729    0.323054    0.308872    0.014181    0.000000    0.000000    0.000000    0.000000    0.000000    0.000000    0.000000    0.000000
  -2.85562    0.323115    0.308915    0.014200    0.000000    0.000000    0.000000    0.000000    0.000000    0.000000    0.000000    0.000000
  -2.85395    0.323184    0.308965    0.014219    0.000000    0.000000    0.000000    0.000000    0.000000    0.000000    0.000000    0.000000
  -2.85228    0.323260    0.309022    0.014239    0.000000    0.000000    0.000000    0.000000    0.000000    0.000000    0.000000    0.000000
  -2.85062    0.323344    0.309086    0.014258    0.000000    0.000000    0.000000    0.000000    0.000000    0.000000    0.000000    0.000000
  -2.84895    0.323436    0.309158    0.014278    0.000000    0.000000    0.000000    0.000000    0.000000    0.000000    0.000000    0.000000
  -2.84728    0.323535    0.309237    0.014298    0.000000    0.000000    0.000000    0.000000    0.000000    0.000000    0.000000    0.000000
  -2.84562    0.323642    0.309323    0.014319    0.000000    0.000000    0.000000    0.000000    0.000000    0.000000    0.000000    0.000000
  -2.84395    0.323756    0.309416    0.014340    0.000000    0.000000    0.000000    0.000000    0.000000    0.000000    0.000000    0.000000
  -2.84228    0.323878    0.309517    0.014361    0.000000    0.000000    0.000000    0.000000    0.000000    0.000000    0.000000    0.000000
  -2.84061    0.324007    0.309625    0.014382    0.000000    0.000000    0.000000    0.000000    0.000000    0.000000    0.000000    0.000000
  -2.83895    0.324143    0.309740    0.014404    0.000000    0.000000    0.000000    0.000000    0.000000    0.000000    0.000000    0.000000
  -2.83728    0.324287    0.309862    0.014425    0.000000    0.000000    0.000000    0.000000    0.000000    0.000000    0.000000    0.000000
  -2.83561    0.324438    0.309991    0.014448    0.000000    0.000000    0.000000    0.000000    0.000000    0.000000    0.000000    0.000000
  -2.83394    0.324597    0.310127    0.014470    0.000000    0.000000    0.000000    0.000000    0.000000    0.000000    0.000000    0.000000
  -2.83228    0.324763    0.310271    0.014493    0.000000    0.000000    0.000000    0.000000    0.000000    0.000000    0.000000    0.000000
  -2.83061    0.324937    0.310421    0.014515    0.000000    0.000000    0.000000    0.000000    0.000000    0.000000    0.000000    0.000000
  -2.82894    0.325117    0.310579    0.014539    0.000000    0.000000    0.000000    0.000000    0.000000    0.000000    0.000000    0.000000
  -2.82728    0.325306    0.310743    0.014562    0.000000    0.000000    0.000000    0.000000    0.000000    0.000000    0.000000    0.000000
  -2.82561    0.325501    0.310915    0.014586    0.000000    0.000000    0.000000    0.000000    0.000000    0.000000    0.000000    0.000000
  -2.82394    0.325704    0.311094    0.014610    0.000000    0.000000    0.000000    0.000000    0.000000    0.000000    0.000000    0.000000
  -2.82227    0.325914    0.311280    0.014634    0.000000    0.000000    0.000000    0.000000    0.000000    0.000000    0.000000    0.000000
  -2.82061    0.326131    0.311472    0.014658    0.000000    0.000000    0.000000    0.000000    0.000000    0.000000    0.000000    0.000000
  -2.81894    0.326355    0.311672    0.014683    0.000000    0.000000    0.000000    0.000000    0.000000    0.000000    0.000000    0.000000
  -2.81727    0.326587    0.311879    0.014708    0.000000    0.000000    0.000000    0.000000    0.000000    0.000000    0.000000    0.000000
  -2.81561    0.326826    0.312092    0.014734    0.000000    0.000000    0.000000    0.000000    0.000000    0.000000    0.000000    0.000000
  -2.81394    0.327072    0.312313    0.014759    0.000000    0.000000    0.000000    0.000000    0.000000    0.000000    0.000000    0.000000
  -2.81227    0.327325    0.312540    0.014785    0.000000    0.000000    0.000000    0.000000    0.000000    0.000000    0.000000    0.000000
  -2.81060    0.327585    0.312775    0.014811    0.000000    0.000000    0.000000    0.000000    0.000000    0.000000    0.000000    0.000000
  -2.80894    0.327853    0.313016    0.014837    0.000000    0.000000    0.000000    0.000000    0.000000    0.000000    0.000000    0.000000
  -2.80727    0.328128    0.313264    0.014864    0.000000    0.000000    0.000000    0.000000    0.000000    0.000000    0.000000    0.000000
  -2.80560    0.328409    0.313519    0.014890    0.000000    0.000000    0.000000    0.000000    0.000000    0.000000    0.000000    0.000000
  -2.80393    0.328698    0.313781    0.014917    0.000000    0.000000    0.000000    0.000000    0.000000    0.000000    0.000000    0.000000
  -2.80227    0.328994    0.314049    0.014945    0.000000    0.000000    0.000000    0.000000    0.000000    0.000000    0.000000    0.000000
  -2.80060    0.329297    0.314325    0.014972    0.000000    0.000000    0.000000    0.000000    0.000000    0.000000    0.000000    0.000000
  -2.79893    0.329607    0.314607    0.015000    0.000000    0.000000    0.000000    0.000000    0.000000    0.000000    0.000000    0.000000
  -2.79727    0.329924    0.314896    0.015028    0.000000    0.000000    0.000000    0.000000    0.000000    0.000000    0.000000    0.000000
  -2.79560    0.330248    0.315191    0.015056    0.000000    0.000000    0.000000    0.000000    0.000000    0.000000    0.000000    0.000000
  -2.79393    0.330579    0.315494    0.015085    0.000000    0.000000    0.000000    0.000000    0.000000    0.000000    0.000000    0.000000
  -2.79226    0.330917    0.315803    0.015114    0.000000    0.000000    0.000000    0.000000    0.000000    0.000000    0.000000    0.000000
  -2.79060    0.331262    0.316119    0.015143    0.000000    0.000000    0.000000    0.000000    0.000000    0.000000    0.000000    0.000000
  -2.78893    0.331614    0.316442    0.015172    0.000000    0.000000    0.000000    0.000000    0.000000    0.000000    0.000000    0.000000
  -2.78726    0.331972    0.316771    0.015201    0.000000    0.000000    0.000000    0.000000    0.000000    0.000000    0.000000    0.000000
  -2.78560    0.332338    0.317107    0.015231    0.000000    0.000000    0.000000    0.000000    0.000000    0.000000    0.000000    0.000000
  -2.78393    0.332711    0.317449    0.015261    0.000000    0.000000    0.000000    0.000000    0.000000    0.000000    0.000000    0.000000
  -2.78226    0.333090    0.317799    0.015291    0.000000    0.000000    0.000000    0.000000    0.000000    0.000000    0.000000    0.000000
  -2.78059    0.333476    0.318155    0.015322    0.000000    0.000000    0.000000    0.000000    0.000000    0.000000    0.000000    0.000000
  -2.77893    0.333869    0.318517    0.015352    0.000000    0.000000    0.000000    0.000000    0.000000    0.000000    0.000000    0.000000
  -2.77726    0.334269    0.318886    0.015383    0.000000    0.000000    0.000000    0.000000    0.000000    0.000000    0.000000    0.000000
  -2.77559    0.334676    0.319262    0.015415    0.000000    0.000000    0.000000    0.000000    0.000000    0.000000    0.000000    0.000000
  -2.77392    0.335090    0.319644    0.015446    0.000000    0.000000    0.000000    0.000000    0.000000    0.000000    0.000000    0.000000
  -2.77226    0.335510    0.320032    0.015478    0.000000    0.000000    0.000000    0.000000    0.000000    0.000000    0.000000    0.000000
  -2.77059    0.335937    0.320428    0.015509    0.000000    0.000000    0.000000    0.000000    0.000000    0.000000    0.000000    0.000000
  -2.76892    0.336371    0.320829    0.015542    0.000000    0.000000    0.000000    0.000000    0.000000    0.000000    0.000000    0.000000
  -2.76726    0.336812    0.321238    0.015574    0.000000    0.000000    0.000000    0.000000    0.000000    0.000000    0.000000    0.000000
  -2.76559    0.337259    0.321652    0.015606    0.000000    0.000000    0.000000    0.000000    0.000000    0.000000    0.000000    0.000000
  -2.76392    0.337713    0.322074    0.015639    0.000000    0.000000    0.000000    0.000000    0.000000    0.000000    0.000000    0.000000
  -2.76225    0.338173    0.322501    0.015672    0.000000    0.000000    0.000000    0.000000    0.000000    0.000000    0.000000    0.000000
  -2.76059    0.338641    0.322935    0.015705    0.000000    0.000000    0.000000    0.000000    0.000000    0.000000    0.000000    0.000000
  -2.75892    0.339115    0.323376    0.015739    0.000000    0.000000    0.000000    0.000000    0.000000    0.000000    0.000000    0.000000
  -2.75725    0.339595    0.323823    0.015773    0.000000    0.000000    0.000000    0.000000    0.000000    0.000000    0.000000    0.000000
  -2.75559    0.340082    0.324276    0.015806    0.000000    0.000000    0.000000    0.000000    0.000000    0.000000    0.000000    0.000000
  -2.75392    0.340576    0.324736    0.015841    0.000000    0.000000    0.000000    0.000000    0.000000    0.000000    0.000000    0.000000
  -2.75225    0.341077    0.325202    0.015875    0.000000    0.000000    0.000000    0.000000    0.000000    0.000000    0.000000    0.000000
  -2.75058    0.341583    0.325674    0.015910    0.000000    0.000000    0.000000    0.000000    0.000000    0.000000    0.000000    0.000000
  -2.74892    0.342097    0.326153    0.015944    0.000000    0.000000    0.000000    0.000000    0.000000    0.000000    0.000000    0.000000
  -2.74725    0.342617    0.326638    0.015979    0.000000    0.000000    0.000000    0.000000    0.000000    0.000000    0.000000    0.000000
  -2.74558    0.343143    0.327129    0.016015    0.000000    0.000000    0.000000    0.000000    0.000000    0.000000    0.000000    0.000000
  -2.74391    0.343676    0.327626    0.016050    0.000000    0.000000    0.000000    0.000000    0.000000    0.000000    0.000000    0.000000
  -2.74225    0.344216    0.328130    0.016086    0.000000    0.000000    0.000000    0.000000    0.000000    0.000000    0.000000    0.000000
  -2.74058    0.344762    0.328640    0.016122    0.000000    0.000000    0.000000    0.000000    0.000000    0.000000    0.000000    0.000000
  -2.73891    0.345314    0.329157    0.016158    0.000000    0.000000    0.000000    0.000000    0.000000    0.000000    0.000000    0.000000
  -2.73725    0.345873    0.329679    0.016194    0.000000    0.000000    0.000000    0.000000    0.000000    0.000000    0.000000    0.000000
  -2.73558    0.346439    0.330208    0.016231    0.000000    0.000000    0.000000    0.000000    0.000000    0.000000    0.000000    0.000000
  -2.73391    0.347010    0.330743    0.016267    0.000000    0.000000    0.000000    0.000000    0.000000    0.000000    0.000000    0.000000
  -2.73224    0.347588    0.331284    0.016304    0.000000    0.000000    0.000000    0.000000    0.000000    0.000000    0.000000    0.000000
  -2.73058    0.348173    0.331831    0.016342    0.000000    0.000000    0.000000    0.000000    0.000000    0.000000    0.000000    0.000000
  -2.72891    0.348764    0.332385    0.016379    0.000000    0.000000    0.000000    0.000000    0.000000    0.000000    0.000000    0.000000
  -2.72724    0.349361    0.332944    0.016416    0.000000    0.000000    0.000000    0.000000    0.000000    0.000000    0.000000    0.000000
  -2.72558    0.349964    0.333510    0.016454    0.000000    0.000000    0.000000    0.000000    0.000000    0.000000    0.000000    0.000000
  -2.72391    0.350574    0.334082    0.016492    0.000000    0.000000    0.000000    0.000000    0.000000    0.000000    0.000000    0.000000
  -2.72224    0.351190    0.334660    0.016531    0.000000    0.000000    0.000000    0.000000    0.000000    0.000000    0.000000    0.000000
  -2.72057    0.351813    0.335244    0.016569    0.000000    0.000000    0.000000    0.000000    0.000000    0.000000    0.000000    0.000000
  -2.71891    0.352441    0.335834    0.016608    0.000000    0.000000    0.000000    0.000000    0.000000    0.000000    0.000000    0.000000
  -2.71724    0.353076    0.336430    0.016646    0.000000    0.000000    0.000000    0.000000    0.000000    0.000000    0.000000    0.000000
  -2.71557    0.353717    0.337032    0.016685    0.000000    0.000000    0.000000    0.000000    0.000000    0.000000    0.000000    0.000000
  -2.71390    0.354364    0.337640    0.016725    0.000000    0.000000    0.000000    0.000000    0.000000    0.000000    0.000000    0.000000
  -2.71224    0.355018    0.338254    0.016764    0.000000    0.000000    0.000000    0.000000    0.000000    0.000000    0.000000    0.000000
  -2.71057    0.355678    0.338874    0.016804    0.000000    0.000000    0.000000    0.000000    0.000000    0.000000    0.000000    0.000000
  -2.70890    0.356344    0.339500    0.016844    0.000000    0.000000    0.000000    0.000000    0.000000    0.000000    0.000000    0.000000
  -2.70724    0.357016    0.340132    0.016884    0.000000    0.000000    0.000000    0.000000    0.000000    0.000000    0.000000    0.000000
  -2.70557    0.357694    0.340770    0.016924    0.000000    0.000000    0.000000    0.000000    0.000000    0.000000    0.000000    0.000000
  -2.70390    0.358378    0.341414    0.016964    0.000000    0.000000    0.000000    0.000000    0.000000    0.000000    0.000000    0.000000
  -2.70223    0.359068    0.342063    0.017005    0.000000    0.000000    0.000000    0.000000    0.000000    0.000000    0.000000    0.000000
  -2.70057    0.359765    0.342719    0.017046    0.000000    0.000000    0.000000    0.000000    0.000000    0.000000    0.000000    0.000000
  -2.69890    0.360467    0.343381    0.017087    0.000000    0.000000    0.000000    0.000000    0.000000    0.000000    0.000000    0.000000
  -2.69723    0.361176    0.344048    0.017128    0.000000    0.000000    0.000000    0.000000    0.000000    0.000000    0.000000    0.000000
  -2.69557    0.361891    0.344721    0.017170    0.000000    0.000000    0.000000    0.000000    0.000000    0.000000    0.000000    0.000000
  -2.69390    0.362611    0.345400    0.017211    0.000000    0.000000    0.000000    0.000000    0.000000    0.000000    0.000000    0.000000
  -2.69223    0.363338    0.346085    0.017253    0.000000    0.000000    0.000000    0.000000    0.000000    0.000000    0.000000    0.000000
  -2.69056    0.364071    0.346776    0.017295    0.000000    0.000000    0.000000    0.000000    0.000000    0.000000    0.000000    0.000000
  -2.68890    0.364809    0.347472    0.017337    0.000000    0.000000    0.000000    0.000000    0.000000    0.000000    0.000000    0.000000
  -2.68723    0.365554    0.348174    0.017379    0.000000    0.000000    0.000000    0.000000    0.000000    0.000000    0.000000    0.000000
  -2.68556    0.366304    0.348882    0.017422    0.000000    0.000000    0.000000    0.000000    0.000000    0.000000    0.000000    0.000000
  -2.68389    0.367061    0.349596    0.017465    0.000000    0.000000    0.000000    0.000000    0.000000    0.000000    0.000000    0.000000
  -2.68223    0.367823    0.350316    0.017508    0.000000    0.000000    0.000000    0.000000    0.000000    0.000000    0.000000    0.000000
  -2.68056    0.368592    0.351041    0.017551    0.000000    0.000000    0.000000    0.000000    0.000000    0.000000    0.000000    0.000000
  -2.67889    0.369366    0.351772    0.017594    0.000000    0.000000    0.000000    0.000000    0.000000    0.000000    0.000000    0.000000
  -2.67723    0.370146    0.352508    0.017638    0.000000    0.000000    0.000000    0.000000    0.000000    0.000000    0.000000    0.000000
  -2.67556    0.370932    0.353251    0.017681    0.000000    0.000000    0.000000    0.000000    0.000000    0.000000    0.000000    0.000000
  -2.67389    0.371724    0.353998    0.017725    0.000000    0.000000    0.000000    0.000000    0.000000    0.000000    0.000000    0.000000
  -2.67222    0.372521    0.354752    0.017769    0.000000    0.000000    0.000000    0.000000    0.000000    0.000000    0.000000    0.000000
  -2.67056    0.373325    0.355511    0.017813    0.000000    0.000000    0.000000    0.000000    0.000000    0.000000    0.000000    0.000000
  -2.66889    0.374134    0.356276    0.017858    0.000000    0.000000    0.000000    0.000000    0.000000    0.000000    0.000000    0.000000
  -2.66722    0.374949    0.357046    0.017902    0.000000    0.000000    0.000000    0.000000    0.000000    0.000000    0.000000    0.000000
  -2.66556    0.375769    0.357822    0.017947    0.000000    0.000000    0.000000    0.000000    0.000000    0.000000    0.000000    0.000000
  -2.66389    0.376596    0.358604    0.017992    0.000000    0.000000    0.000000    0.000000    0.000000    0.000000    0.000000    0.000000
  -2.66222    0.377428    0.359391    0.018037    0.000000    0.000000    0.000000    0.000000    0.000000    0.000000    0.000000    0.000000
  -2.66055    0.378266    0.360183    0.018083    0.000000    0.000000    0.000000    0.000000    0.000000    0.000000    0.000000    0.000000
  -2.65889    0.379110    0.360982    0.018128    0.000000    0.000000    0.000000    0.000000    0.000000    0.000000    0.000000    0.000000
  -2.65722    0.379959    0.361785    0.018174    0.000000    0.000000    0.000000    0.000000    0.000000    0.000000    0.000000    0.000000
  -2.65555    0.380814    0.362594    0.018220    0.000000    0.000000    0.000000    0.000000    0.000000    0.000000    0.000000    0.000000
  -2.65388    0.381674    0.363409    0.018266    0.000000    0.000000    0.000000    0.000000    0.000000    0.000000    0.000000    0.000000
  -2.65222    0.382541    0.364229    0.018312    0.000000    0.000000    0.000000    0.000000    0.000000    0.000000    0.000000    0.000000
  -2.65055    0.383413    0.365055    0.018358    0.000000    0.000000    0.000000    0.000000    0.000000    0.000000    0.000000    0.000000
  -2.64888    0.384290    0.365885    0.018405    0.000000    0.000000    0.000000    0.000000    0.000000    0.000000    0.000000    0.000000
  -2.64722    0.385173    0.366722    0.018451    0.000000    0.000000    0.000000    0.000000    0.000000    0.000000    0.000000    0.000000
  -2.64555    0.386062    0.367564    0.018498    0.000000    0.000000    0.000000    0.000000    0.000000    0.000000    0.000000    0.000000
  -2.64388    0.386956    0.368411    0.018545    0.000000    0.000000    0.000000    0.000000    0.000000    0.000000    0.000000    0.000000
  -2.64221    0.387856    0.369263    0.018592    0.000000    0.000000    0.000000    0.000000    0.000000    0.000000    0.000000    0.000000
  -2.64055    0.388761    0.370121    0.018640    0.000000    0.000000    0.000000    0.000000    0.000000    0.000000    0.000000    0.000000
  -2.63888    0.389671    0.370984    0.018687    0.000000    0.000000    0.000000    0.000000    0.000000    0.000000    0.000000    0.000000
  -2.63721    0.390588    0.371853    0.018735    0.000000    0.000000    0.000000    0.000000    0.000000    0.000000    0.000000    0.000000
  -2.63555    0.391509    0.372727    0.018783    0.000000    0.000000    0.000000    0.000000    0.000000    0.000000    0.000000    0.000000
  -2.63388    0.392437    0.373606    0.018831    0.000000    0.000000    0.000000    0.000000    0.000000    0.000000    0.000000    0.000000
  -2.63221    0.393369    0.374490    0.018879    0.000000    0.000000    0.000000    0.000000    0.000000    0.000000    0.000000    0.000000
  -2.63054    0.394307    0.375380    0.018927    0.000000    0.000000    0.000000    0.000000    0.000000    0.000000    0.000000    0.000000
  -2.62888    0.395251    0.376275    0.018976    0.000000    0.000000    0.000000    0.000000    0.000000    0.000000    0.000000    0.000000
  -2.62721    0.396200    0.377175    0.019024    0.000000    0.000000    0.000000    0.000000    0.000000    0.000000    0.000000    0.000000
  -2.62554    0.397154    0.378081    0.019073    0.000000    0.000000    0.000000    0.000000    0.000000    0.000000    0.000000    0.000000
  -2.62387    0.398114    0.378992    0.019122    0.000000    0.000000    0.000000    0.000000    0.000000    0.000000    0.000000    0.000000
  -2.62221    0.399079    0.379907    0.019171    0.000000    0.000000    0.000000    0.000000    0.000000    0.000000    0.000000    0.000000
  -2.62054    0.400049    0.380828    0.019220    0.000000    0.000000    0.000000    0.000000    0.000000    0.000000    0.000000    0.000000
  -2.61887    0.401025    0.381755    0.019270    0.000000    0.000000    0.000000    0.000000    0.000000    0.000000    0.000000    0.000000
  -2.61721    0.402005    0.382686    0.019319    0.000000    0.000000    0.000000    0.000000    0.000000    0.000000    0.000000    0.000000
  -2.61554    0.402992    0.383623    0.019369    0.000000    0.000000    0.000000    0.000000    0.000000    0.000000    0.000000    0.000000
  -2.61387    0.403983    0.384564    0.019419    0.000000    0.000000    0.000000    0.000000    0.000000    0.000000    0.000000    0.000000
  -2.61220    0.404980    0.385511    0.019469    0.000000    0.000000    0.000000    0.000000    0.000000    0.000000    0.000000    0.000000
  -2.61054    0.405982    0.386463    0.019519    0.000000    0.000000    0.000000    0.000000    0.000000    0.000000    0.000000    0.000000
  -2.60887    0.406989    0.387420    0.019570    0.000000    0.000000    0.000000    0.000000    0.000000    0.000000    0.000000    0.000000
  -2.60720    0.408002    0.388381    0.019620    0.000000    0.000000    0.000000    0.000000    0.000000    0.000000    0.000000    0.000000
  -2.60554    0.409019    0.389348    0.019671    0.000000    0.000000    0.000000    0.000000    0.000000    0.000000    0.000000    0.000000
  -2.60387    0.410042    0.390320    0.019722    0.000000    0.000000    0.000000    0.000000    0.000000    0.000000    0.000000    0.000000
  -2.60220    0.411070    0.391298    0.019773    0.000000    0.000000    0.000000    0.000000    0.000000    0.000000    0.000000    0.000000
  -2.60053    0.412103    0.392280    0.019824    0.000000    0.000000    0.000000    0.000000    0.000000    0.000000    0.000000    0.000000
  -2.59887    0.413142    0.393267    0.019875    0.000000    0.000000    0.000000    0.000000    0.000000    0.000000    0.000000    0.000000
  -2.59720    0.414185    0.394259    0.019926    0.000000    0.000000    0.000000    0.000000    0.000000    0.000000    0.000000    0.000000
  -2.59553    0.415234    0.395256    0.019978    0.000000    0.000000    0.000000    0.000000    0.000000    0.000000    0.000000    0.000000
  -2.59386    0.416287    0.396257    0.020030    0.000000    0.000000    0.000000    0.000000    0.000000    0.000000    0.000000    0.000000
  -2.59220    0.417346    0.397264    0.020082    0.000000    0.000000    0.000000    0.000000    0.000000    0.000000    0.000000    0.000000
  -2.59053    0.418410    0.398276    0.020133    0.000000    0.000000    0.000000    0.000000    0.000000    0.000000    0.000000    0.000000
  -2.58886    0.419478    0.399293    0.020186    0.000000    0.000000    0.000000    0.000000    0.000000    0.000000    0.000000    0.000000
  -2.58720    0.420552    0.400314    0.020238    0.000000    0.000000    0.000000    0.000000    0.000000    0.000000    0.000000    0.000000
  -2.58553    0.421631    0.401341    0.020290    0.000000    0.000000    0.000000    0.000000    0.000000    0.000000    0.000000    0.000000
  -2.58386    0.422715    0.402372    0.020343    0.000000    0.000000    0.000000    0.000000    0.000000    0.000000    0.000000    0.000000
  -2.58219    0.423803    0.403408    0.020395    0.000000    0.000000    0.000000    0.000000    0.000000    0.000000    0.000000    0.000000
  -2.58053    0.424897    0.404449    0.020448    0.000000    0.000000    0.000000    0.000000    0.000000    0.000000    0.000000    0.000000
  -2.57886    0.425996    0.405494    0.020501    0.000000    0.000000    0.000000    0.000000    0.000000    0.000000    0.000000    0.000000
  -2.57719    0.427099    0.406545    0.020554    0.000000    0.000000    0.000000    0.000000    0.000000    0.000000    0.000000    0.000000
  -2.57553    0.428208    0.407600    0.020608    0.000000    0.000000    0.000000    0.000000    0.000000    0.000000    0.000000    0.000000
  -2.57386    0.429321    0.408660    0.020661    0.000000    0.000000    0.000000    0.000000    0.000000    0.000000    0.000000    0.000000
  -2.57219    0.430439    0.409725    0.020714    0.000000    0.000000    0.000000    0.000000    0.000000    0.000000    0.000000    0.000000
  -2.57052    0.431562    0.410795    0.020768    0.000000    0.000000    0.000000    0.000000    0.000000    0.000000    0.000000    0.000000
  -2.56886    0.432690    0.411869    0.020822    0.000000    0.000000    0.000000    0.000000    0.000000    0.000000    0.000000    0.000000
  -2.56719    0.433823    0.412948    0.020876    0.000000    0.000000    0.000000    0.000000    0.000000    0.000000    0.000000    0.000000
  -2.56552    0.434961    0.414031    0.020930    0.000000    0.000000    0.000000    0.000000    0.000000    0.000000    0.000000    0.000000
  -2.56385    0.436103    0.415119    0.020984    0.000000    0.000000    0.000000    0.000000    0.000000    0.000000    0.000000    0.000000
  -2.56219    0.437250    0.416212    0.021038    0.000000    0.000000    0.000000    0.000000    0.000000    0.000000    0.000000    0.000000
  -2.56052    0.438402    0.417310    0.021092    0.000000    0.000000    0.000000    0.000000    0.000000    0.000000    0.000000    0.000000
  -2.55885    0.439559    0.418412    0.021147    0.000000    0.000000    0.000000    0.000000    0.000000    0.000000    0.000000    0.000000
  -2.55719    0.440721    0.419519    0.021202    0.000000    0.000000    0.000000    0.000000    0.000000    0.000000    0.000000    0.000000
  -2.55552    0.441887    0.420630    0.021256    0.000000    0.000000    0.000000    0.000000    0.000000    0.000000    0.000000    0.000000
  -2.55385    0.443058    0.421746    0.021311    0.000000    0.000000    0.000000    0.000000    0.000000    0.000000    0.000000    0.000000
  -2.55218    0.444233    0.422867    0.021366    0.000000    0.000000    0.000000    0.000000    0.000000    0.000000    0.000000    0.000000
  -2.55052    0.445413    0.423992    0.021422    0.000000    0.000000    0.000000    0.000000    0.000000    0.000000    0.000000    0.000000
  -2.54885    0.446598    0.425121    0.021477    0.000000    0.000000    0.000000    0.000000    0.000000    0.000000    0.000000    0.000000
  -2.54718    0.447788    0.426256    0.021532    0.000000    0.000000    0.000000    0.000000    0.000000    0.000000    0.000000    0.000000
  -2.54552    0.448982    0.427394    0.021588    0.000000    0.000000    0.000000    0.000000    0.000000    0.000000    0.000000    0.000000
  -2.54385    0.450181    0.428537    0.021643    0.000000    0.000000    0.000000    0.000000    0.000000    0.000000    0.000000    0.000000
  -2.54218    0.451384    0.429685    0.021699    0.000000    0.000000    0.000000    0.000000    0.000000    0.000000    0.000000    0.000000
  -2.54051    0.452592    0.430837    0.021755    0.000000    0.000000    0.000000    0.000000    0.000000    0.000000    0.000000    0.000000
  -2.53885    0.453804    0.431993    0.021811    0.000000    0.000000    0.000000    0.000000    0.000000    0.000000    0.000000    0.000000
  -2.53718    0.455021    0.433154    0.021867    0.000000    0.000000    0.000000    0.000000    0.000000    0.000000    0.000000    0.000000
  -2.53551    0.456243    0.434319    0.021923    0.000000    0.000000    0.000000    0.000000    0.000000    0.000000    0.000000    0.000000
  -2.53384    0.457469    0.435489    0.021980    0.000000    0.000000    0.000000    0.000000    0.000000    0.000000    0.000000    0.000000
  -2.53218    0.458699    0.436663    0.022036    0.000000    0.000000    0.000000    0.000000    0.000000    0.000000    0.000000    0.000000
  -2.53051    0.459934    0.437842    0.022093    0.000000    0.000000    0.000000    0.000000    0.000000    0.000000    0.000000    0.000000
  -2.52884    0.461174    0.439024    0.022149    0.000000    0.000000    0.000000    0.000000    0.000000    0.000000    0.000000    0.000000
  -2.52718    0.462418    0.440211    0.022206    0.000000    0.000000    0.000000    0.000000    0.000000    0.000000    0.000000    0.000000
  -2.52551    0.463666    0.441403    0.022263    0.000000    0.000000    0.000000    0.000000    0.000000    0.000000    0.000000    0.000000
  -2.52384    0.464919    0.442599    0.022320    0.000000    0.000000    0.000000    0.000000    0.000000    0.000000    0.000000    0.000000
  -2.52217    0.466176    0.443799    0.022377    0.000000    0.000000    0.000000    0.000000    0.000000    0.000000    0.000000    0.000000
  -2.52051    0.467437    0.445003    0.022434    0.000000    0.000000    0.000000    0.000000    0.000000    0.000000    0.000000    0.000000
  -2.51884    0.468703    0.446211    0.022492    0.000000    0.000000    0.000000    0.000000    0.000000    0.000000    0.000000    0.000000
  -2.51717    0.469973    0.447424    0.022549    0.000000    0.000000    0.000000    0.000000    0.000000    0.000000    0.000000    0.000000
  -2.51551    0.471248    0.448641    0.022607    0.000000    0.000000    0.000000    0.000000    0.000000    0.000000    0.000000    0.000000
  -2.51384    0.472526    0.449862    0.022664    0.000000    0.000000    0.000000    0.000000    0.000000    0.000000    0.000000    0.000000
  -2.51217    0.473810    0.451087    0.022722    0.000000    0.000000    0.000000    0.000000    0.000000    0.000000    0.000000    0.000000
  -2.51050    0.475097    0.452317    0.022780    0.000000    0.000000    0.000000    0.000000    0.000000    0.000000    0.000000    0.000000
  -2.50884    0.476389    0.453551    0.022838    0.000000    0.000000    0.000000    0.000000    0.000000    0.000000    0.000000    0.000000
  -2.50717    0.477684    0.454788    0.022896    0.000000    0.000000    0.000000    0.000000    0.000000    0.000000    0.000000    0.000000
  -2.50550    0.478985    0.456030    0.022954    0.000000    0.000000    0.000000    0.000000    0.000000    0.000000    0.000000    0.000000
  -2.50383    0.480289    0.457276    0.023013    0.000000    0.000000    0.000000    0.000000    0.000000    0.000000    0.000000    0.000000
  -2.50217    0.481597    0.458526    0.023071    0.000000    0.000000    0.000000    0.000000    0.000000    0.000000    0.000000    0.000000
  -2.50050    0.482910    0.459781    0.023129    0.000000    0.000000    0.000000    0.000000    0.000000    0.000000    0.000000    0.000000
  -2.49883    0.484227    0.461039    0.023188    0.000000    0.000000    0.000000    0.000000    0.000000    0.000000    0.000000    0.000000
  -2.49717    0.485548    0.462301    0.023247    0.000000    0.000000    0.000000    0.000000    0.000000    0.000000    0.000000    0.000000
  -2.49550    0.486873    0.463567    0.023305    0.000000    0.000000    0.000000    0.000000    0.000000    0.000000    0.000000    0.000000
  -2.49383    0.488202    0.464838    0.023364    0.000000    0.000000    0.000000    0.000000    0.000000    0.000000    0.000000    0.000000
  -2.49216    0.489535    0.466112    0.023423    0.000000    0.000000    0.000000    0.000000    0.000000    0.000000    0.000000    0.000000
  -2.49050    0.490873    0.467390    0.023482    0.000000    0.000000    0.000000    0.000000    0.000000    0.000000    0.000000    0.000000
  -2.48883    0.492214    0.468673    0.023541    0.000000    0.000000    0.000000    0.000000    0.000000    0.000000    0.000000    0.000000
  -2.48716    0.493559    0.469959    0.023601    0.000000    0.000000    0.000000    0.000000    0.000000    0.000000    0.000000    0.000000
  -2.48550    0.494909    0.471249    0.023660    0.000000    0.000000    0.000000    0.000000    0.000000    0.000000    0.000000    0.000000
  -2.48383    0.496262    0.472543    0.023719    0.000000    0.000000    0.000000    0.000000    0.000000    0.000000    0.000000    0.000000
  -2.48216    0.497620    0.473841    0.023779    0.000000    0.000000    0.000000    0.000000    0.000000    0.000000    0.000000    0.000000
  -2.48049    0.498981    0.475143    0.023839    0.000000    0.000000    0.000000    0.000000    0.000000    0.000000    0.000000    0.000000
  -2.47883    0.500346    0.476448    0.023898    0.000000    0.000000    0.000000    0.000000    0.000000    0.000000    0.000000    0.000000
  -2.47716    0.501716    0.477758    0.023958    0.000000    0.000000    0.000000    0.000000    0.000000    0.000000    0.000000    0.000000
  -2.47549    0.503089    0.479071    0.024018    0.000000    0.000000    0.000000    0.000000    0.000000    0.000000    0.000000    0.000000
  -2.47382    0.504466    0.480388    0.024078    0.000000    0.000000    0.000000    0.000000    0.000000    0.000000    0.000000    0.000000
  -2.47216    0.505847    0.481709    0.024138    0.000000    0.000000    0.000000    0.000000    0.000000    0.000000    0.000000    0.000000
  -2.47049    0.507232    0.483034    0.024198    0.000000    0.000000    0.000000    0.000000    0.000000    0.000000    0.000000    0.000000
  -2.46882    0.508621    0.484362    0.024258    0.000000    0.000000    0.000000    0.000000    0.000000    0.000000    0.000000    0.000000
  -2.46716    0.510013    0.485695    0.024319    0.000000    0.000000    0.000000    0.000000    0.000000    0.000000    0.000000    0.000000
  -2.46549    0.511409    0.487030    0.024379    0.000000    0.000000    0.000000    0.000000    0.000000    0.000000    0.000000    0.000000
  -2.46382    0.512809    0.488370    0.024439    0.000000    0.000000    0.000000    0.000000    0.000000    0.000000    0.000000    0.000000
  -2.46215    0.514213    0.489713    0.024500    0.000000    0.000000    0.000000    0.000000    0.000000    0.000000    0.000000    0.000000
  -2.46049    0.515621    0.491061    0.024561    0.000000    0.000000    0.000000    0.000000    0.000000    0.000000    0.000000    0.000000
  -2.45882    0.517032    0.492411    0.024621    0.000000    0.000000    0.000000    0.000000    0.000000    0.000000    0.000000    0.000000
  -2.45715    0.518447    0.493766    0.024682    0.000000    0.000000    0.000000    0.000000    0.000000    0.000000    0.000000    0.000000
  -2.45549    0.519866    0.495123    0.024743    0.000000    0.000000    0.000000    0.000000    0.000000    0.000000    0.000000    0.000000
  -2.45382    0.521289    0.496485    0.024804    0.000000    0.000000    0.000000    0.000000    0.000000    0.000000    0.000000    0.000000
  -2.45215    0.522715    0.497850    0.024865    0.000000    0.000000    0.000000    0.000000    0.000000    0.000000    0.000000    0.000000
  -2.45048    0.524145    0.499219    0.024926    0.000000    0.000000    0.000000    0.000000    0.000000    0.000000    0.000000    0.000000
  -2.44882    0.525578    0.500591    0.024987    0.000000    0.000000    0.000000    0.000000    0.000000    0.000000    0.000000    0.000000
  -2.44715    0.527015    0.501967    0.025048    0.000000    0.000000    0.000000    0.000000    0.000000    0.000000    0.000000    0.000000
  -2.44548    0.528456    0.503346    0.025109    0.000000    0.000000    0.000000    0.000000    0.000000    0.000000    0.000000    0.000000
  -2.44381    0.529900    0.504729    0.025171    0.000000    0.000000    0.000000    0.000000    0.000000    0.000000    0.000000    0.000000
  -2.44215    0.531348    0.506116    0.025232    0.000000    0.000000    0.000000    0.000000    0.000000    0.000000    0.000000    0.000000
  -2.44048    0.532799    0.507506    0.025294    0.000000    0.000000    0.000000    0.000000    0.000000    0.000000    0.000000    0.000000
  -2.43881    0.534254    0.508899    0.025355    0.000000    0.000000    0.000000    0.000000    0.000000    0.000000    0.000000    0.000000
  -2.43715    0.535712    0.510296    0.025417    0.000000    0.000000    0.000000    0.000000    0.000000    0.000000    0.000000    0.000000
  -2.43548    0.537174    0.511696    0.025479    0.000000    0.000000    0.000000    0.000000    0.000000    0.000000    0.000000    0.000000
  -2.43381    0.538640    0.513099    0.025540    0.000000    0.000000    0.000000    0.000000    0.000000    0.000000    0.000000    0.000000
  -2.43214    0.540108    0.514506    0.025602    0.000000    0.000000    0.000000    0.000000    0.000000    0.000000    0.000000    0.000000
  -2.43048    0.541581    0.515916    0.025664    0.000000    0.000000    0.000000    0.000000    0.000000    0.000000    0.000000    0.000000
  -2.42881    0.543056    0.517330    0.025726    0.000000    0.000000    0.000000    0.000000    0.000000    0.000000    0.000000    0.000000
  -2.42714    0.544535    0.518747    0.025788    0.000000    0.000000    0.000000    0.000000    0.000000    0.000000    0.000000    0.000000
  -2.42548    0.546018    0.520167    0.025850    0.000000    0.000000    0.000000    0.000000    0.000000    0.000000    0.000000    0.000000
  -2.42381    0.547503    0.521591    0.025912    0.000000    0.000000    0.000000    0.000000    0.000000    0.000000    0.000000    0.000000
  -2.42214    0.548992    0.523018    0.025975    0.000000    0.000000    0.000000    0.000000    0.000000    0.000000    0.000000    0.000000
  -2.42047    0.550485    0.524448    0.026037    0.000000    0.000000    0.000000    0.000000    0.000000    0.000000    0.000000    0.000000
  -2.41881    0.551981    0.525881    0.026099    0.000000    0.000000    0.000000    0.000000    0.000000    0.000000    0.000000    0.000000
  -2.41714    0.553480    0.527318    0.026162    0.000000    0.000000    0.000000    0.000000    0.000000    0.000000    0.000000    0.000000
  -2.41547    0.554982    0.528758    0.026224    0.000000    0.000000    0.000000    0.000000    0.000000    0.000000    0.000000    0.000000
  -2.41380    0.556487    0.530201    0.026287    0.000000    0.000000    0.000000    0.000000    0.000000    0.000000    0.000000    0.000000
  -2.41214    0.557996    0.531647    0.026349    0.000000    0.000000    0.000000    0.000000    0.000000    0.000000    0.000000    0.000000
  -2.41047    0.559508    0.533096    0.026412    0.000000    0.000000    0.000000    0.000000    0.000000    0.000000    0.000000    0.000000
  -2.40880    0.561023    0.534549    0.026474    0.000000    0.000000    0.000000    0.000000    0.000000    0.000000    0.000000    0.000000
  -2.40714    0.562541    0.536004    0.026537    0.000000    0.000000    0.000000    0.000000    0.000000    0.000000    0.000000    0.000000
  -2.40547    0.564063    0.537463    0.026600    0.000000    0.000000    0.000000    0.000000    0.000000    0.000000    0.000000    0.000000
  -2.40380    0.565587    0.538925    0.026663    0.000000    0.000000    0.000000    0.000000    0.000000    0.000000    0.000000    0.000000
  -2.40213    0.567115    0.540389    0.026726    0.000000    0.000000    0.000000    0.000000    0.000000    0.000000    0.000000    0.000000
  -2.40047    0.568646    0.541857    0.026788    0.000000    0.000000    0.000000    0.000000    0.000000    0.000000    0.000000    0.000000
  -2.39880    0.570180    0.543328    0.026851    0.000000    0.000000    0.000000    0.000000    0.000000    0.000000    0.000000    0.000000
  -2.39713    0.571717    0.544802    0.026914    0.000000    0.000000    0.000000    0.000000    0.000000    0.000000    0.000000    0.000000
  -2.39547    0.573257    0.546279    0.026978    0.000000    0.000000    0.000000    0.000000    0.000000    0.000000    0.000000    0.000000
  -2.39380    0.574799    0.547759    0.027041    0.000000    0.000000    0.000000    0.000000    0.000000    0.000000    0.000000    0.000000
  -2.39213    0.576345    0.549242    0.027104    0.000000    0.000000    0.000000    0.000000    0.000000    0.000000    0.000000    0.000000
  -2.39046    0.577894    0.550727    0.027167    0.000000    0.000000    0.000000    0.000000    0.000000    0.000000    0.000000    0.000000
  -2.38880    0.579446    0.552216    0.027230    0.000000    0.000000    0.000000    0.000000    0.000000    0.000000    0.000000    0.000000
  -2.38713    0.581001    0.553708    0.027294    0.000000    0.000000    0.000000    0.000000    0.000000    0.000000    0.000000    0.000000
  -2.38546    0.582559    0.555202    0.027357    0.000000    0.000000    0.000000    0.000000    0.000000    0.000000    0.000000    0.000000
  -2.38379    0.584120    0.556699    0.027420    0.000000    0.000000    0.000000    0.000000    0.000000    0.000000    0.000000    0.000000
  -2.38213    0.585683    0.558199    0.027484    0.000000    0.000000    0.000000    0.000000    0.000000    0.000000    0.000000    0.000000
  -2.38046    0.587249    0.559702    0.027547    0.000000    0.000000    0.000000    0.000000    0.000000    0.000000    0.000000    0.000000
  -2.37879    0.588819    0.561208    0.027611    0.000000    0.000000    0.000000    0.000000    0.000000    0.000000    0.000000    0.000000
  -2.37713    0.590391    0.562717    0.027674    0.000000    0.000000    0.000000    0.000000    0.000000    0.000000    0.000000    0.000000
  -2.37546    0.591966    0.564228    0.027738    0.000000    0.000000    0.000000    0.000000    0.000000    0.000000    0.000000    0.000000
  -2.37379    0.593543    0.565742    0.027801    0.000000    0.000000    0.000000    0.000000    0.000000    0.000000    0.000000    0.000000
  -2.37212    0.595124    0.567259    0.027865    0.000000    0.000000    0.000000    0.000000    0.000000    0.000000    0.000000    0.000000
  -2.37046    0.596707    0.568778    0.027929    0.000000    0.000000    0.000000    0.000000    0.000000    0.000000    0.000000    0.000000
  -2.36879    0.598293    0.570300    0.027992    0.000000    0.000000    0.000000    0.000000    0.000000    0.000000    0.000000    0.000000
  -2.36712    0.599881    0.571825    0.028056    0.000000    0.000000    0.000000    0.000000    0.000000    0.000000    0.000000    0.000000
  -2.36546    0.601472    0.573353    0.028120    0.000000    0.000000    0.000000    0.000000    0.000000    0.000000    0.000000    0.000000
  -2.36379    0.603066    0.574883    0.028183    0.000000    0.000000    0.000000    0.000000    0.000000    0.000000    0.000000    0.000000
  -2.36212    0.604663    0.576416    0.028247    0.000000    0.000000    0.000000    0.000000    0.000000    0.000000    0.000000    0.000000
  -2.36045    0.606262    0.577951    0.028311    0.000000    0.000000    0.000000    0.000000    0.000000    0.000000    0.000000    0.000000
  -2.35879    0.607864    0.579489    0.028375    0.000000    0.000000    0.000000    0.000000    0.000000    0.000000    0.000000    0.000000
  -2.35712    0.609468    0.581029    0.028439    0.000000    0.000000    0.000000    0.000000    0.000000    0.000000    0.000000    0.000000
  -2.35545    0.611075    0.582572    0.028503    0.000000    0.000000    0.000000    0.000000    0.000000    0.000000    0.000000    0.000000
  -2.35378    0.612685    0.584118    0.028567    0.000000    0.000000    0.000000    0.000000    0.000000    0.000000    0.000000    0.000000
  -2.35212    0.614297    0.585666    0.028631    0.000000    0.000000    0.000000    0.000000    0.000000    0.000000    0.000000    0.000000
  -2.35045    0.615911    0.587216    0.028695    0.000000    0.000000    0.000000    0.000000    0.000000    0.000000    0.000000    0.000000
  -2.34878    0.617528    0.588769    0.028759    0.000000    0.000000    0.000000    0.000000    0.000000    0.000000    0.000000    0.000000
  -2.34712    0.619147    0.590324    0.028823    0.000000    0.000000    0.000000    0.000000    0.000000    0.000000    0.000000    0.000000
  -2.34545    0.620769    0.591882    0.028887    0.000000    0.000000    0.000000    0.000000    0.000000    0.000000    0.000000    0.000000
  -2.34378    0.622393    0.593442    0.028951    0.000000    0.000000    0.000000    0.000000    0.000000    0.000000    0.000000    0.000000
  -2.34211    0.624020    0.595005    0.029015    0.000000    0.000000    0.000000    0.000000    0.000000    0.000000    0.000000    0.000000
  -2.34045    0.625649    0.596570    0.029079    0.000000    0.000000    0.000000    0.000000    0.000000    0.000000    0.000000    0.000000
  -2.33878    0.627280    0.598137    0.029143    0.000000    0.000000    0.000000    0.000000    0.000000    0.000000    0.000000    0.000000
  -2.33711    0.628914    0.599707    0.029208    0.000000    0.000000    0.000000    0.000000    0.000000    0.000000    0.000000    0.000000
  -2.33545    0.630550    0.601278    0.029272    0.000000    0.000000    0.000000    0.000000    0.000000    0.000000    0.000000    0.000000
  -2.33378    0.632188    0.602853    0.029336    0.000000    0.000000    0.000000    0.000000    0.000000    0.000000    0.000000    0.000000
  -2.33211    0.633829    0.604429    0.029400    0.000000    0.000000    0.000000    0.000000    0.000000    0.000000    0.000000    0.000000
  -2.33044    0.635472    0.606008    0.029464    0.000000    0.000000    0.000000    0.000000    0.000000    0.000000    0.000000    0.000000
  -2.32878    0.637117    0.607588    0.029529    0.000000    0.000000    0.000000    0.000000    0.000000    0.000000    0.000000    0.000000
  -2.32711    0.638764    0.609171    0.029593    0.000000    0.000000    0.000000    0.000000    0.000000    0.000000    0.000000    0.000000
  -2.32544    0.640414    0.610757    0.029657    0.000000    0.000000    0.000000    0.000000    0.000000    0.000000    0.000000    0.000000
  -2.32377    0.642065    0.612344    0.029721    0.000000    0.000000    0.000000    0.000000    0.000000    0.000000    0.000000    0.000000
  -2.32211    0.643719    0.613933    0.029786    0.000000    0.000000    0.000000    0.000000    0.000000    0.000000    0.000000    0.000000
  -2.32044    0.645375    0.615525    0.029850    0.000000    0.000000    0.000000    0.000000    0.000000    0.000000    0.000000    0.000000
  -2.31877    0.647033    0.617119    0.029914    0.000000    0.000000    0.000000    0.000000    0.000000    0.000000    0.000000    0.000000
  -2.31711    0.648693    0.618714    0.029978    0.000000    0.000000    0.000000    0.000000    0.000000    0.000000    0.000000    0.000000
  -2.31544    0.650355    0.620312    0.030043    0.000000    0.000000    0.000000    0.000000    0.000000    0.000000    0.000000    0.000000
  -2.31377    0.652019    0.621912    0.030107    0.000000    0.000000    0.000000    0.000000    0.000000    0.000000    0.000000    0.000000
  -2.31210    0.653685    0.623514    0.030171    0.000000    0.000000    0.000000    0.000000    0.000000    0.000000    0.000000    0.000000
  -2.31044    0.655353    0.625118    0.030236    0.000000    0.000000    0.000000    0.000000    0.000000    0.000000    0.000000    0.000000
  -2.30877    0.657023    0.626723    0.030300    0.000000    0.000000    0.000000    0.000000    0.000000    0.000000    0.000000    0.000000
  -2.30710    0.658695    0.628331    0.030364    0.000000    0.000000    0.000000    0.000000    0.000000    0.000000    0.000000    0.000000
  -2.30544    0.660369    0.629941    0.030429    0.000000    0.000000    0.000000    0.000000    0.000000    0.000000    0.000000    0.000000
  -2.30377    0.662045    0.631552    0.030493    0.000000    0.000000    0.000000    0.000000    0.000000    0.000000    0.000000    0.000000
  -2.30210    0.663723    0.633166    0.030557    0.000000    0.000000    0.000000    0.000000    0.000000    0.000000    0.000000    0.000000
  -2.30043    0.665402    0.634781    0.030621    0.000000    0.000000    0.000000    0.000000    0.000000    0.000000    0.000000    0.000000
  -2.29877    0.667084    0.636398    0.030686    0.000000    0.000000    0.000000    0.000000    0.000000    0.000000    0.000000    0.000000
  -2.29710    0.668767    0.638017    0.030750    0.000000    0.000000    0.000000    0.000000    0.000000    0.000000    0.000000    0.000000
  -2.29543    0.670452    0.639638    0.030814    0.000000    0.000000    0.000000    0.000000    0.000000    0.000000    0.000000    0.000000
  -2.29376    0.672139    0.641260    0.030879    0.000000    0.000000    0.000000    0.000000    0.000000    0.000000    0.000000    0.000000
  -2.29210    0.673827    0.642885    0.030943    0.000000    0.000000    0.000000    0.000000    0.000000    0.000000    0.000000    0.000000
  -2.29043    0.675518    0.644511    0.031007    0.000000    0.000000    0.000000    0.000000    0.000000    0.000000    0.000000    0.000000
  -2.28876    0.677210    0.646138    0.031071    0.000000    0.000000    0.000000    0.000000    0.000000    0.000000    0.000000    0.000000
  -2.28710    0.678903    0.647768    0.031136    0.000000    0.000000    0.000000    0.000000    0.000000    0.000000    0.000000    0.000000
  -2.28543    0.680599    0.649399    0.031200    0.000000    0.000000    0.000000    0.000000    0.000000    0.000000    0.000000    0.000000
  -2.28376    0.682296    0.651032    0.031264    0.000000    0.000000    0.000000    0.000000    0.000000    0.000000    0.000000    0.000000
  -2.28209    0.683994    0.652666    0.031328    0.000000    0.000000    0.000000    0.000000    0.000000    0.000000    0.000000    0.000000
  -2.28043    0.685694    0.654302    0.031392    0.000000    0.000000    0.000000    0.000000    0.000000    0.000000    0.000000    0.000000
  -2.27876    0.687396    0.655939    0.031457    0.000000    0.000000    0.000000    0.000000    0.000000    0.000000    0.000000    0.000000
  -2.27709    0.689099    0.657578    0.031521    0.000000    0.000000    0.000000    0.000000    0.000000    0.000000    0.000000    0.000000
  -2.27543    0.690804    0.659219    0.031585    0.000000    0.000000    0.000000    0.000000    0.000000    0.000000    0.000000    0.000000
  -2.27376    0.692510    0.660861    0.031649    0.000000    0.000000    0.000000    0.000000    0.000000    0.000000    0.000000    0.000000
  -2.27209    0.694218    0.662505    0.031713    0.000000    0.000000    0.000000    0.000000    0.000000    0.000000    0.000000    0.000000
  -2.27042    0.695927    0.664150    0.031777    0.000000    0.000000    0.000000    0.000000    0.000000    0.000000    0.000000    0.000000
  -2.26876    0.697638    0.665797    0.031841    0.000000    0.000000    0.000000    0.000000    0.000000    0.000000    0.000000    0.000000
  -2.26709    0.699350    0.667445    0.031905    0.000000    0.000000    0.000000    0.000000    0.000000    0.000000    0.000000    0.000000
  -2.26542    0.701063    0.669094    0.031969    0.000000    0.000000    0.000000    0.000000    0.000000    0.000000    0.000000    0.000000
  -2.26375    0.702778    0.670745    0.032033    0.000000    0.000000    0.000000    0.000000    0.000000    0.000000    0.000000    0.000000
  -2.26209    0.704494    0.672397    0.032097    0.000000    0.000000    0.000000    0.000000    0.000000    0.000000    0.000000    0.000000
  -2.26042    0.706212    0.674050    0.032161    0.000000    0.000000    0.000000    0.000000    0.000000    0.000000    0.000000    0.000000
  -2.25875    0.707930    0.675705    0.032225    0.000000    0.000000    0.000000    0.000000    0.000000    0.000000    0.000000    0.000000
  -2.25709    0.709650    0.677361    0.032289    0.000000    0.000000    0.000000    0.000000    0.000000    0.000000    0.000000    0.000000
  -2.25542    0.711372    0.679018    0.032353    0.000000    0.000000    0.000000    0.000000    0.000000    0.000000    0.000000    0.000000
  -2.25375    0.713094    0.680677    0.032417    0.000000    0.000000    0.000000    0.000000    0.000000    0.000000    0.000000    0.000000
  -2.25208    0.714818    0.682337    0.032481    0.000000    0.000000    0.000000    0.000000    0.000000    0.000000    0.000000    0.000000
  -2.25042    0.716542    0.683998    0.032545    0.000000    0.000000    0.000000    0.000000    0.000000    0.000000    0.000000    0.000000
  -2.24875    0.718268    0.685660    0.032608    0.000000    0.000000    0.000000    0.000000    0.000000    0.000000    0.000000    0.000000
  -2.24708    0.719995    0.687323    0.032672    0.000000    0.000000    0.000000    0.000000    0.000000    0.000000    0.000000    0.000000
  -2.24542    0.721724    0.688988    0.032736    0.000000    0.000000    0.000000    0.000000    0.000000    0.000000    0.000000    0.000000
  -2.24375    0.723453    0.690653    0.032799    0.000000    0.000000    0.000000    0.000000    0.000000    0.000000    0.000000    0.000000
  -2.24208    0.725183    0.692320    0.032863    0.000000    0.000000    0.000000    0.000000    0.000000    0.000000    0.000000    0.000000
  -2.24041    0.726914    0.693988    0.032927    0.000000    0.000000    0.000000    0.000000    0.000000    0.000000    0.000000    0.000000
  -2.23875    0.728647    0.695657    0.032990    0.000000    0.000000    0.000000    0.000000    0.000000    0.000000    0.000000    0.000000
  -2.23708    0.730380    0.697327    0.033054    0.000000    0.000000    0.000000    0.000000    0.000000    0.000000    0.000000    0.000000
  -2.23541    0.732114    0.698997    0.033117    0.000000    0.000000    0.000000    0.000000    0.000000    0.000000    0.000000    0.000000
  -2.23374    0.733850    0.700669    0.033181    0.000000    0.000000    0.000000    0.000000    0.000000    0.000000    0.000000    0.000000
  -2.23208    0.735586    0.702342    0.033244    0.000000    0.000000    0.000000    0.000000    0.000000    0.000000    0.000000    0.000000
  -2.23041    0.737323    0.704015    0.033307    0.000000    0.000000    0.000000    0.000000    0.000000    0.000000    0.000000    0.000000
  -2.22874    0.739061    0.705690    0.033371    0.000000    0.000000    0.000000    0.000000    0.000000    0.000000    0.000000    0.000000
  -2.22708    0.740799    0.707365    0.033434    0.000000    0.000000    0.000000    0.000000    0.000000    0.000000    0.000000    0.000000
  -2.22541    0.742539    0.709042    0.033497    0.000000    0.000000    0.000000    0.000000    0.000000    0.000000    0.000000    0.000000
  -2.22374    0.744279    0.710719    0.033560    0.000000    0.000000    0.000000    0.000000    0.000000    0.000000    0.000000    0.000000
  -2.22207    0.746020    0.712397    0.033623    0.000000    0.000000    0.000000    0.000000    0.000000    0.000000    0.000000    0.000000
  -2.22041    0.747762    0.714075    0.033687    0.000000    0.000000    0.000000    0.000000    0.000000    0.000000    0.000000    0.000000
  -2.21874    0.749504    0.715755    0.033750    0.000000    0.000000    0.000000    0.000000    0.000000    0.000000    0.000000    0.000000
  -2.21707    0.751248    0.717435    0.033813    0.000000    0.000000    0.000000    0.000000    0.000000    0.000000    0.000000    0.000000
  -2.21541    0.752991    0.719116    0.033875    0.000000    0.000000    0.000000    0.000000    0.000000    0.000000    0.000000    0.000000
  -2.21374    0.754736    0.720798    0.033938    0.000000    0.000000    0.000000    0.000000    0.000000    0.000000    0.000000    0.000000
  -2.21207    0.756481    0.722480    0.034001    0.000000    0.000000    0.000000    0.000000    0.000000    0.000000    0.000000    0.000000
  -2.21040    0.758227    0.724163    0.034064    0.000000    0.000000    0.000000    0.000000    0.000000    0.000000    0.000000    0.000000
  -2.20874    0.759973    0.725846    0.034127    0.000000    0.000000    0.000000    0.000000    0.000000    0.000000    0.000000    0.000000
  -2.20707    0.761720    0.727530    0.034189    0.000000    0.000000    0.000000    0.000000    0.000000    0.000000    0.000000    0.000000
  -2.20540    0.763467    0.729215    0.034252    0.000000    0.000000    0.000000    0.000000    0.000000    0.000000    0.000000    0.000000
  -2.20373    0.765215    0.730900    0.034315    0.000000    0.000000    0.000000    0.000000    0.000000    0.000000    0.000000    0.000000
  -2.20207    0.766963    0.732586    0.034377    0.000000    0.000000    0.000000    0.000000    0.000000    0.000000    0.000000    0.000000
  -2.20040    0.768712    0.734272    0.034440    0.000000    0.000000    0.000000    0.000000    0.000000    0.000000    0.000000    0.000000
  -2.19873    0.770461    0.735959    0.034502    0.000000    0.000000    0.000000    0.000000    0.000000    0.000000    0.000000    0.000000
  -2.19707    0.772211    0.737646    0.034564    0.000000    0.000000    0.000000    0.000000    0.000000    0.000000    0.000000    0.000000
  -2.19540    0.773960    0.739334    0.034627    0.000000    0.000000    0.000000    0.000000    0.000000    0.000000    0.000000    0.000000
  -2.19373    0.775711    0.741022    0.034689    0.000000    0.000000    0.000000    0.000000    0.000000    0.000000    0.000000    0.000000
  -2.19206    0.777461    0.742710    0.034751    0.000000    0.000000    0.000000    0.000000    0.000000    0.000000    0.000000    0.000000
  -2.19040    0.779212    0.744399    0.034813    0.000000    0.000000    0.000000    0.000000    0.000000    0.000000    0.000000    0.000000
  -2.18873    0.780963    0.746088    0.034875    0.000000    0.000000    0.000000    0.000000    0.000000    0.000000    0.000000    0.000000
  -2.18706    0.782714    0.747777    0.034937    0.000000    0.000000    0.000000    0.000000    0.000000    0.000000    0.000000    0.000000
  -2.18540    0.784466    0.749467    0.034999    0.000000    0.000000    0.000000    0.000000    0.000000    0.000000    0.000000    0.000000
  -2.18373    0.786218    0.751157    0.035061    0.000000    0.000000    0.000000    0.000000    0.000000    0.000000    0.000000    0.000000
  -2.18206    0.787970    0.752847    0.035122    0.000000    0.000000    0.000000    0.000000    0.000000    0.000000    0.000000    0.000000
  -2.18039    0.789722    0.754537    0.035184    0.000000    0.000000    0.000000    0.000000    0.000000    0.000000    0.000000    0.000000
  -2.17873    0.791474    0.756228    0.035246    0.000000    0.000000    0.000000    0.000000    0.000000    0.000000    0.000000    0.000000
  -2.17706    0.793226    0.757919    0.035307    0.000000    0.000000    0.000000    0.000000    0.000000    0.000000    0.000000    0.000000
  -2.17539    0.794978    0.759609    0.035369    0.000000    0.000000    0.000000    0.000000    0.000000    0.000000    0.000000    0.000000
  -2.17372    0.796730    0.761300    0.035430    0.000000    0.000000    0.000000    0.000000    0.000000    0.000000    0.000000    0.000000
  -2.17206    0.798483    0.762991    0.035491    0.000000    0.000000    0.000000    0.000000    0.000000    0.000000    0.000000    0.000000
  -2.17039    0.800235    0.764682    0.035553    0.000000    0.000000    0.000000    0.000000    0.000000    0.000000    0.000000    0.000000
  -2.16872    0.801987    0.766373    0.035614    0.000000    0.000000    0.000000    0.000000    0.000000    0.000000    0.000000    0.000000
  -2.16706    0.803739    0.768064    0.035675    0.000000    0.000000    0.000000    0.000000    0.000000    0.000000    0.000000    0.000000
  -2.16539    0.805491    0.769755    0.035736    0.000000    0.000000    0.000000    0.000000    0.000000    0.000000    0.000000    0.000000
  -2.16372    0.807243    0.771446    0.035797    0.000000    0.000000    0.000000    0.000000    0.000000    0.000000    0.000000    0.000000
  -2.16205    0.808995    0.773137    0.035858    0.000000    0.000000    0.000000    0.000000    0.000000    0.000000    0.000000    0.000000
  -2.16039    0.810747    0.774828    0.035919    0.000000    0.000000    0.000000    0.000000    0.000000    0.000000    0.000000    0.000000
  -2.15872    0.812498    0.776519    0.035979    0.000000    0.000000    0.000000    0.000000    0.000000    0.000000    0.000000    0.000000
  -2.15705    0.814249    0.778209    0.036040    0.000000    0.000000    0.000000    0.000000    0.000000    0.000000    0.000000    0.000000
  -2.15539    0.816000    0.779900    0.036100    0.000000    0.000000    0.000000    0.000000    0.000000    0.000000    0.000000    0.000000
  -2.15372    0.817751    0.781590    0.036161    0.000000    0.000000    0.000000    0.000000    0.000000    0.000000    0.000000    0.000000
  -2.15205    0.819501    0.783280    0.036221    0.000000    0.000000    0.000000    0.000000    0.000000    0.000000    0.000000    0.000000
  -2.15038    0.821251    0.784970    0.036282    0.000000    0.000000    0.000000    0.000000    0.000000    0.000000    0.000000    0.000000
  -2.14872    0.823001    0.786659    0.036342    0.000000    0.000000    0.000000    0.000000    0.000000    0.000000    0.000000    0.000000
  -2.14705    0.824750    0.788348    0.036402    0.000000    0.000000    0.000000    0.000000    0.000000    0.000000    0.000000    0.000000
  -2.14538    0.826499    0.790037    0.036462    0.000000    0.000000    0.000000    0.000000    0.000000    0.000000    0.000000    0.000000
  -2.14371    0.828247    0.791725    0.036522    0.000000    0.000000    0.000000    0.000000    0.000000    0.000000    0.000000    0.000000
  -2.14205    0.829995    0.793413    0.036582    0.000000    0.000000    0.000000    0.000000    0.000000    0.000000    0.000000    0.000000
  -2.14038    0.831743    0.795101    0.036641    0.000000    0.000000    0.000000    0.000000    0.000000    0.000000    0.000000    0.000000
  -2.13871    0.833489    0.796788    0.036701    0.000000    0.000000    0.000000    0.000000    0.000000    0.000000    0.000000    0.000000
  -2.13705    0.835236    0.798475    0.036761    0.000000    0.000000    0.000000    0.000000    0.000000    0.000000    0.000000    0.000000
  -2.13538    0.836982    0.800161    0.036820    0.000000    0.000000    0.000000    0.000000    0.000000    0.000000    0.000000    0.000000
  -2.13371    0.838727    0.801847    0.036879    0.000000    0.000000    0.000000    0.000000    0.000000    0.000000    0.000000    0.000000
  -2.13204    0.840471    0.803533    0.036939    0.000000    0.000000    0.000000    0.000000    0.000000    0.000000    0.000000    0.000000
  -2.13038    0.842215    0.805217    0.036998    0.000000    0.000000    0.000000    0.000000    0.000000    0.000000    0.000000    0.000000
  -2.12871    0.843958    0.806901    0.037057    0.000000    0.000000    0.000000    0.000000    0.000000    0.000000    0.000000    0.000000
  -2.12704    0.845701    0.808585    0.037116    0.000000    0.000000    0.000000    0.000000    0.000000    0.000000    0.000000    0.000000
  -2.12538    0.847443    0.810268    0.037175    0.000000    0.000000    0.000000    0.000000    0.000000    0.000000    0.000000    0.000000
  -2.12371    0.849184    0.811950    0.037234    0.000000    0.000000    0.000000    0.000000    0.000000    0.000000    0.000000    0.000000
  -2.12204    0.850924    0.813632    0.037292    0.000000    0.000000    0.000000    0.000000    0.000000    0.000000    0.000000    0.000000
  -2.12037    0.852663    0.815312    0.037351    0.000000    0.000000    0.000000    0.000000    0.000000    0.000000    0.000000    0.000000
  -2.11871    0.854402    0.816993    0.037409    0.000000    0.000000    0.000000    0.000000    0.000000    0.000000    0.000000    0.000000
  -2.11704    0.856140    0.818672    0.037468    0.000000    0.000000    0.000000    0.000000    0.000000    0.000000    0.000000    0.000000
  -2.11537    0.857876    0.820350    0.037526    0.000000    0.000000    0.000000    0.000000    0.000000    0.000000    0.000000    0.000000
  -2.11370    0.859612    0.822028    0.037584    0.000000    0.000000    0.000000    0.000000    0.000000    0.000000    0.000000    0.000000
  -2.11204    0.861347    0.823705    0.037642    0.000000    0.000000    0.000000    0.000000    0.000000    0.000000    0.000000    0.000000
  -2.11037    0.863081    0.825381    0.037700    0.000000    0.000000    0.000000    0.000000    0.000000    0.000000    0.000000    0.000000
  -2.10870    0.864814    0.827056    0.037758    0.000000    0.000000    0.000000    0.000000    0.000000    0.000000    0.000000    0.000000
  -2.10704    0.866546    0.828730    0.037816    0.000000    0.000000    0.000000    0.000000    0.000000    0.000000    0.000000    0.000000
  -2.10537    0.868277    0.830403    0.037873    0.000000    0.000000    0.000000    0.000000    0.000000    0.000000    0.000000    0.000000
  -2.10370    0.870007    0.832076    0.037931    0.000000    0.000000    0.000000    0.000000    0.000000    0.000000    0.000000    0.000000
  -2.10203    0.871735    0.833747    0.037988    0.000000    0.000000    0.000000    0.000000    0.000000    0.000000    0.000000    0.000000
  -2.10037    0.873463    0.835417    0.038046    0.000000    0.000000    0.000000    0.000000    0.000000    0.000000    0.000000    0.000000
  -2.09870    0.875189    0.837086    0.038103    0.000000    0.000000    0.000000    0.000000    0.000000    0.000000    0.000000    0.000000
  -2.09703    0.876914    0.838754    0.038160    0.000000    0.000000    0.000000    0.000000    0.000000    0.000000    0.000000    0.000000
  -2.09537    0.878638    0.840421    0.038217    0.000000    0.000000    0.000000    0.000000    0.000000    0.000000    0.000000    0.000000
  -2.09370    0.880361    0.842087    0.038273    0.000000    0.000000    0.000000    0.000000    0.000000    0.000000    0.000000    0.000000
  -2.09203    0.882082    0.843752    0.038330    0.000000    0.000000    0.000000    0.000000    0.000000    0.000000    0.000000    0.000000
  -2.09036    0.883802    0.845415    0.038387    0.000000    0.000000    0.000000    0.000000    0.000000    0.000000    0.000000    0.000000
  -2.08870    0.885521    0.847077    0.038443    0.000000    0.000000    0.000000    0.000000    0.000000    0.000000    0.000000    0.000000
  -2.08703    0.887238    0.848738    0.038500    0.000000    0.000000    0.000000    0.000000    0.000000    0.000000    0.000000    0.000000
  -2.08536    0.888954    0.850398    0.038556    0.000000    0.000000    0.000000    0.000000    0.000000    0.000000    0.000000    0.000000
  -2.08369    0.890668    0.852057    0.038612    0.000000    0.000000    0.000000    0.000000    0.000000    0.000000    0.000000    0.000000
  -2.08203    0.892382    0.853714    0.038668    0.000000    0.000000    0.000000    0.000000    0.000000    0.000000    0.000000    0.000000
  -2.08036    0.894093    0.855370    0.038724    0.000000    0.000000    0.000000    0.000000    0.000000    0.000000    0.000000    0.000000
  -2.07869    0.895803    0.857024    0.038779    0.000000    0.000000    0.000000    0.000000    0.000000    0.000000    0.000000    0.000000
  -2.07703    0.897512    0.858677    0.038835    0.000000    0.000000    0.000000    0.000000    0.000000    0.000000    0.000000    0.000000
  -2.07536    0.899219    0.860328    0.038890    0.000000    0.000000    0.000000    0.000000    0.000000    0.000000    0.000000    0.000000
  -2.07369    0.900924    0.861979    0.038946    0.000000    0.000000    0.000000    0.000000    0.000000    0.000000    0.000000    0.000000
  -2.07202    0.902628    0.863627    0.039001    0.000000    0.000000    0.000000    0.000000    0.000000    0.000000    0.000000    0.000000
  -2.07036    0.904330    0.865274    0.039056    0.000000    0.000000    0.000000    0.000000    0.000000    0.000000    0.000000    0.000000
  -2.06869    0.906031    0.866920    0.039111    0.000000    0.000000    0.000000    0.000000    0.000000    0.000000    0.000000    0.000000
  -2.06702    0.907730    0.868564    0.039166    0.000000    0.000000    0.000000    0.000000    0.000000    0.000000    0.000000    0.000000
  -2.06536    0.909427    0.870206    0.039220    0.000000    0.000000    0.000000    0.000000    0.000000    0.000000    0.000000    0.000000
  -2.06369    0.911122    0.871847    0.039275    0.000000    0.000000    0.000000    0.000000    0.000000    0.000000    0.000000    0.000000
  -2.06202    0.912815    0.873486    0.039329    0.000000    0.000000    0.000000    0.000000    0.000000    0.000000    0.000000    0.000000
  -2.06035    0.914507    0.875124    0.039384    0.000000    0.000000    0.000000    0.000000    0.000000    0.000000    0.000000    0.000000
  -2.05869    0.916197    0.876759    0.039438    0.000000    0.000000    0.000000    0.000000    0.000000    0.000000    0.000000    0.000000
  -2.05702    0.917885    0.878393    0.039492    0.000000    0.000000    0.000000    0.000000    0.000000    0.000000    0.000000    0.000000
  -2.05535    0.919571    0.880026    0.039546    0.000000    0.000000    0.000000    0.000000    0.000000    0.000000    0.000000    0.000000
  -2.05368    0.921255    0.881656    0.039599    0.000000    0.000000    0.000000    0.000000    0.000000    0.000000    0.000000    0.000000
  -2.05202    0.922938    0.883285    0.039653    0.000000    0.000000    0.000000    0.000000    0.000000    0.000000    0.000000    0.000000
  -2.05035    0.924618    0.884912    0.039706    0.000000    0.000000    0.000000    0.000000    0.000000    0.000000    0.000000    0.000000
  -2.04868    0.926296    0.886536    0.039760    0.000000    0.000000    0.000000    0.000000    0.000000    0.000000    0.000000    0.000000
  -2.04702    0.927972    0.888160    0.039813    0.000000    0.000000    0.000000    0.000000    0.000000    0.000000    0.000000    0.000000
  -2.04535    0.929647    0.889781    0.039866    0.000000    0.000000    0.000000    0.000000    0.000000    0.000000    0.000000    0.000000
  -2.04368    0.931319    0.891400    0.039919    0.000000    0.000000    0.000000    0.000000    0.000000    0.000000    0.000000    0.000000
  -2.04201    0.932989    0.893017    0.039971    0.000000    0.000000    0.000000    0.000000    0.000000    0.000000    0.000000    0.000000
  -2.04035    0.934656    0.894632    0.040024    0.000000    0.000000    0.000000    0.000000    0.000000    0.000000    0.000000    0.000000
  -2.03868    0.936322    0.896246    0.040076    0.000000    0.000000    0.000000    0.000000    0.000000    0.000000    0.000000    0.000000
  -2.03701    0.937985    0.897857    0.040129    0.000000    0.000000    0.000000    0.000000    0.000000    0.000000    0.000000    0.000000
  -2.03535    0.939647    0.899466    0.040181    0.000000    0.000000    0.000000    0.000000    0.000000    0.000000    0.000000    0.000000
  -2.03368    0.941306    0.901073    0.040233    0.000000    0.000000    0.000000    0.000000    0.000000    0.000000    0.000000    0.000000
  -2.03201    0.942962    0.902678    0.040285    0.000000    0.000000    0.000000    0.000000    0.000000    0.000000    0.000000    0.000000
  -2.03034    0.944617    0.904280    0.040336    0.000000    0.000000    0.000000    0.000000    0.000000    0.000000    0.000000    0.000000
  -2.02868    0.946269    0.905881    0.040388    0.000000    0.000000    0.000000    0.000000    0.000000    0.000000    0.000000    0.000000
  -2.02701    0.947918    0.907479    0.040439    0.000000    0.000000    0.000000    0.000000    0.000000    0.000000    0.000000    0.000000
  -2.02534    0.949565    0.909075    0.040490    0.000000    0.000000    0.000000    0.000000    0.000000    0.000000    0.000000    0.000000
  -2.02367    0.951210    0.910669    0.040542    0.000000    0.000000    0.000000    0.000000    0.000000    0.000000    0.000000    0.000000
  -2.02201    0.952852    0.912260    0.040592    0.000000    0.000000    0.000000    0.000000    0.000000    0.000000    0.000000    0.000000
  -2.02034    0.954492    0.913849    0.040643    0.000000    0.000000    0.000000    0.000000    0.000000    0.000000    0.000000    0.000000
  -2.01867    0.956130    0.915436    0.040694    0.000000    0.000000    0.000000    0.000000    0.000000    0.000000    0.000000    0.000000
  -2.01701    0.957764    0.917020    0.040744    0.000000    0.000000    0.000000    0.000000    0.000000    0.000000    0.000000    0.000000
  -2.01534    0.959397    0.918602    0.040794    0.000000    0.000000    0.000000    0.000000    0.000000    0.000000    0.000000    0.000000
  -2.01367    0.961026    0.920182    0.040845    0.000000    0.000000    0.000000    0.000000    0.000000    0.000000    0.000000    0.000000
  -2.01200    0.962653    0.921759    0.040895    0.000000    0.000000    0.000000    0.000000    0.000000    0.000000    0.000000    0.000000
  -2.01034    0.964277    0.923333    0.040944    0.000000    0.000000    0.000000    0.000000    0.000000    0.000000    0.000000    0.000000
  -2.00867    0.965899    0.924905    0.040994    0.000000    0.000000    0.000000    0.000000    0.000000    0.000000    0.000000    0.000000
  -2.00700    0.967518    0.926475    0.041043    0.000000    0.000000    0.000000    0.000000    0.000000    0.000000    0.000000    0.000000
  -2.00534    0.969134    0.928042    0.041093    0.000000    0.000000    0.000000    0.000000    0.000000    0.000000    0.000000    0.000000
  -2.00367    0.970748    0.929606    0.041142    0.000000    0.000000    0.000000    0.000000    0.000000    0.000000    0.000000    0.000000
  -2.00200    0.972358    0.931167    0.041191    0.000000    0.000000    0.000000    0.000000    0.000000    0.000000    0.000000    0.000000
  -2.00033    0.973966    0.932726    0.041240    0.000000    0.000000    0.000000    0.000000    0.000000    0.000000    0.000000    0.000000
  -1.99867    0.975571    0.934283    0.041288    0.000000    0.000000    0.000000    0.000000    0.000000    0.000000    0.000000    0.000000
  -1.99700    0.977173    0.935836    0.041337    0.000000    0.000000    0.000000    0.000000    0.000000    0.000000    0.000000    0.000000
  -1.99533    0.978772    0.937387    0.041385    0.000000    0.000000    0.000000    0.000000    0.000000    0.000000    0.000000    0.000000
  -1.99366    0.980368    0.938935    0.041433    0.000000    0.000000    0.000000    0.000000    0.000000    0.000000    0.000000    0.000000
  -1.99200    0.981962    0.940481    0.041481    0.000000    0.000000    0.000000    0.000000    0.000000    0.000000    0.000000    0.000000
  -1.99033    0.983552    0.942023    0.041529    0.000000    0.000000    0.000000    0.000000    0.000000    0.000000    0.000000    0.000000
  -1.98866    0.985139    0.943563    0.041576    0.000000    0.000000    0.000000    0.000000    0.000000    0.000000    0.000000    0.000000
  -1.98700    0.986723    0.945099    0.041624    0.000000    0.000000    0.000000    0.000000    0.000000    0.000000    0.000000    0.000000
  -1.98533    0.988304    0.946633    0.041671    0.000000    0.000000    0.000000    0.000000    0.000000    0.000000    0.000000    0.000000
  -1.98366    0.989882    0.948164    0.041718    0.000000    0.000000    0.000000    0.000000    0.000000    0.000000    0.000000    0.000000
  -1.98199    0.991457    0.949692    0.041765    0.000000    0.000000    0.000000    0.000000    0.000000    0.000000    0.000000    0.000000
  -1.98033    0.993029    0.951217    0.041812    0.000000    0.000000    0.000000    0.000000    0.000000    0.000000    0.000000    0.000000
  -1.97866    0.994597    0.952739    0.041858    0.000000    0.000000    0.000000    0.000000    0.000000    0.000000    0.000000    0.000000
  -1.97699    0.996162    0.954258    0.041905    0.000000    0.000000    0.000000    0.000000    0.000000    0.000000    0.000000    0.000000
  -1.97533    0.997724    0.955774    0.041951    0.000000    0.000000    0.000000    0.000000    0.000000    0.000000    0.000000    0.000000
  -1.97366    0.999283    0.957286    0.041997    0.000000    0.000000    0.000000    0.000000    0.000000    0.000000    0.000000    0.000000
  -1.97199    1.000839    0.958796    0.042043    0.000000    0.000000    0.000000    0.000000    0.000000    0.000000    0.000000    0.000000
  -1.97032    1.002391    0.960302    0.042088    0.000000    0.000000    0.000000    0.000000    0.000000    0.000000    0.000000    0.000000
  -1.96866    1.003939    0.961806    0.042134    0.000000    0.000000    0.000000    0.000000    0.000000    0.000000    0.000000    0.000000
  -1.96699    1.005485    0.963306    0.042179    0.000000    0.000000    0.000000    0.000000    0.000000    0.000000    0.000000    0.000000
  -1.96532    1.007027    0.964803    0.042224    0.000000    0.000000    0.000000    0.000000    0.000000    0.000000    0.000000    0.000000
  -1.96365    1.008565    0.966296    0.042269    0.000000    0.000000    0.000000    0.000000    0.000000    0.000000    0.000000    0.000000
  -1.96199    1.010100    0.967786    0.042314    0.000000    0.000000    0.000000    0.000000    0.000000    0.000000    0.000000    0.000000
  -1.96032    1.011632    0.969273    0.042358    0.000000    0.000000    0.000000    0.000000    0.000000    0.000000    0.000000    0.000000
  -1.95865    1.013160    0.970757    0.042403    0.000000    0.000000    0.000000    0.000000    0.000000    0.000000    0.000000    0.000000
  -1.95699    1.014684    0.972237    0.042447    0.000000    0.000000    0.000000    0.000000    0.000000    0.000000    0.000000    0.000000
  -1.95532    1.016205    0.973714    0.042491    0.000000    0.000000    0.000000    0.000000    0.000000    0.000000    0.000000    0.000000
  -1.95365    1.017722    0.975188    0.042534    0.000000    0.000000    0.000000    0.000000    0.000000    0.000000    0.000000    0.000000
  -1.95198    1.019236    0.976658    0.042578    0.000000    0.000000    0.000000    0.000000    0.000000    0.000000    0.000000    0.000000
  -1.95032    1.020745    0.978124    0.042621    0.000000    0.000000    0.000000    0.000000    0.000000    0.000000    0.000000    0.000000
  -1.94865    1.022252    0.979587    0.042665    0.000000    0.000000    0.000000    0.000000    0.000000    0.000000    0.000000    0.000000
  -1.94698    1.023754    0.981047    0.042708    0.000000    0.000000    0.000000    0.000000    0.000000    0.000000    0.000000    0.000000
  -1.94532    1.025253    0.982502    0.042750    0.000000    0.000000    0.000000    0.000000    0.000000    0.000000    0.000000    0.000000
  -1.94365    1.026748    0.983955    0.042793    0.000000    0.000000    0.000000    0.000000    0.000000    0.000000    0.000000    0.000000
  -1.94198    1.028239    0.985403    0.042835    0.000000    0.000000    0.000000    0.000000    0.000000    0.000000    0.000000    0.000000
  -1.94031    1.029726    0.986849    0.042878    0.000000    0.000000    0.000000    0.000000    0.000000    0.000000    0.000000    0.000000
  -1.93865    1.031210    0.988290    0.042920    0.000000    0.000000    0.000000    0.000000    0.000000    0.000000    0.000000    0.000000
  -1.93698    1.032689    0.989728    0.042961    0.000000    0.000000    0.000000    0.000000    0.000000    0.000000    0.000000    0.000000
  -1.93531    1.034165    0.991162    0.043003    0.000000    0.000000    0.000000    0.000000    0.000000    0.000000    0.000000    0.000000
  -1.93364    1.035636    0.992592    0.043045    0.000000    0.000000    0.000000    0.000000    0.000000    0.000000    0.000000    0.000000
  -1.93198    1.037104    0.994018    0.043086    0.000000    0.000000    0.000000    0.000000    0.000000    0.000000    0.000000    0.000000
  -1.93031    1.038568    0.995441    0.043127    0.000000    0.000000    0.000000    0.000000    0.000000    0.000000    0.000000    0.000000
  -1.92864    1.040027    0.996860    0.043168    0.000000    0.000000    0.000000    0.000000    0.000000    0.000000    0.000000    0.000000
  -1.92698    1.041483    0.998275    0.043208    0.000000    0.000000    0.000000    0.000000    0.000000    0.000000    0.000000    0.000000
  -1.92531    1.042934    0.999686    0.043249    0.000000    0.000000    0.000000    0.000000    0.000000    0.000000    0.000000    0.000000
  -1.92364    1.044382    1.001093    0.043289    0.000000    0.000000    0.000000    0.000000    0.000000    0.000000    0.000000    0.000000
  -1.92197    1.045825    1.002496    0.043329    0.000000    0.000000    0.000000    0.000000    0.000000    0.000000    0.000000    0.000000
  -1.92031    1.047264    1.003896    0.043369    0.000000    0.000000    0.000000    0.000000    0.000000    0.000000    0.000000    0.000000
  -1.91864    1.048699    1.005291    0.043408    0.000000    0.000000    0.000000    0.000000    0.000000    0.000000    0.000000    0.000000
  -1.91697    1.050130    1.006682    0.043447    0.000000    0.000000    0.000000    0.000000    0.000000    0.000000    0.000000    0.000000
  -1.91531    1.051556    1.008070    0.043487    0.000000    0.000000    0.000000    0.000000    0.000000    0.000000    0.000000    0.000000
  -1.91364    1.052978    1.009453    0.043526    0.000000    0.000000    0.000000    0.000000    0.000000    0.000000    0.000000    0.000000
  -1.91197    1.054396    1.010832    0.043564    0.000000    0.000000    0.000000    0.000000    0.000000    0.000000    0.000000    0.000000
  -1.91030    1.055810    1.012207    0.043603    0.000000    0.000000    0.000000    0.000000    0.000000    0.000000    0.000000    0.000000
  -1.90864    1.057219    1.013578    0.043641    0.000000    0.000000    0.000000    0.000000    0.000000    0.000000    0.000000    0.000000
  -1.90697    1.058624    1.014944    0.043679    0.000000    0.000000    0.000000    0.000000    0.000000    0.000000    0.000000    0.000000
  -1.90530    1.060024    1.016307    0.043717    0.000000    0.000000    0.000000    0.000000    0.000000    0.000000    0.000000    0.000000
  -1.90363    1.061420    1.017665    0.043755    0.000000    0.000000    0.000000    0.000000    0.000000    0.000000    0.000000    0.000000
  -1.90197    1.062811    1.019019    0.043792    0.000000    0.000000    0.000000    0.000000    0.000000    0.000000    0.000000    0.000000
  -1.90030    1.064198    1.020369    0.043830    0.000000    0.000000    0.000000    0.000000    0.000000    0.000000    0.000000    0.000000
  -1.89863    1.065581    1.021714    0.043867    0.000000    0.000000    0.000000    0.000000    0.000000    0.000000    0.000000    0.000000
  -1.89697    1.066958    1.023055    0.043903    0.000000    0.000000    0.000000    0.000000    0.000000    0.000000    0.000000    0.000000
  -1.89530    1.068332    1.024392    0.043940    0.000000    0.000000    0.000000    0.000000    0.000000    0.000000    0.000000    0.000000
  -1.89363    1.069700    1.025724    0.043976    0.000000    0.000000    0.000000    0.000000    0.000000    0.000000    0.000000    0.000000
  -1.89196    1.071064    1.027052    0.044013    0.000000    0.000000    0.000000    0.000000    0.000000    0.000000    0.000000    0.000000
  -1.89030    1.072424    1.028375    0.044049    0.000000    0.000000    0.000000    0.000000    0.000000    0.000000    0.000000    0.000000
  -1.88863    1.073779    1.029694    0.044084    0.000000    0.000000    0.000000    0.000000    0.000000    0.000000    0.000000    0.000000
  -1.88696    1.075129    1.031009    0.044120    0.000000    0.000000    0.000000    0.000000    0.000000    0.000000    0.000000    0.000000
  -1.88530    1.076474    1.032319    0.044155    0.000000    0.000000    0.000000    0.000000    0.000000    0.000000    0.000000    0.000000
  -1.88363    1.077814    1.033624    0.044190    0.000000    0.000000    0.000000    0.000000    0.000000    0.000000    0.000000    0.000000
  -1.88196    1.079150    1.034925    0.044225    0.000000    0.000000    0.000000    0.000000    0.000000    0.000000    0.000000    0.000000
  -1.88029    1.080481    1.036222    0.044260    0.000000    0.000000    0.000000    0.000000    0.000000    0.000000    0.000000    0.000000
  -1.87863    1.081807    1.037513    0.044294    0.000000    0.000000    0.000000    0.000000    0.000000    0.000000    0.000000    0.000000
  -1.87696    1.083128    1.038800    0.044328    0.000000    0.000000    0.000000    0.000000    0.000000    0.000000    0.000000    0.000000
  -1.87529    1.084445    1.040083    0.044362    0.000000    0.000000    0.000000    0.000000    0.000000    0.000000    0.000000    0.000000
  -1.87362    1.085756    1.041360    0.044396    0.000000    0.000000    0.000000    0.000000    0.000000    0.000000    0.000000    0.000000
  -1.87196    1.087063    1.042633    0.044429    0.000000    0.000000    0.000000    0.000000    0.000000    0.000000    0.000000    0.000000
  -1.87029    1.088364    1.043902    0.044463    0.000000    0.000000    0.000000    0.000000    0.000000    0.000000    0.000000    0.000000
  -1.86862    1.089661    1.045165    0.044496    0.000000    0.000000    0.000000    0.000000    0.000000    0.000000    0.000000    0.000000
  -1.86696    1.090952    1.046424    0.044528    0.000000    0.000000    0.000000    0.000000    0.000000    0.000000    0.000000    0.000000
  -1.86529    1.092239    1.047678    0.044561    0.000000    0.000000    0.000000    0.000000    0.000000    0.000000    0.000000    0.000000
  -1.86362    1.093520    1.048927    0.044593    0.000000    0.000000    0.000000    0.000000    0.000000    0.000000    0.000000    0.000000
  -1.86195    1.094796    1.050171    0.044625    0.000000    0.000000    0.000000    0.000000    0.000000    0.000000    0.000000    0.000000
  -1.86029    1.096067    1.051410    0.044657    0.000000    0.000000    0.000000    0.000000    0.000000    0.000000    0.000000    0.000000
  -1.85862    1.097333    1.052645    0.044689    0.000000    0.000000    0.000000    0.000000    0.000000    0.000000    0.000000    0.000000
  -1.85695    1.098594    1.053874    0.044720    0.000000    0.000000    0.000000    0.000000    0.000000    0.000000    0.000000    0.000000
  -1.85529    1.099850    1.055098    0.044751    0.000000    0.000000    0.000000    0.000000    0.000000    0.000000    0.000000    0.000000
  -1.85362    1.101100    1.056318    0.044782    0.000000    0.000000    0.000000    0.000000    0.000000    0.000000    0.000000    0.000000
  -1.85195    1.102345    1.057532    0.044813    0.000000    0.000000    0.000000    0.000000    0.000000    0.000000    0.000000    0.000000
  -1.85028    1.103585    1.058742    0.044844    0.000000    0.000000    0.000000    0.000000    0.000000    0.000000    0.000000    0.000000
  -1.84862    1.104820    1.059946    0.044874    0.000000    0.000000    0.000000    0.000000    0.000000    0.000000    0.000000    0.000000
  -1.84695    1.106049    1.061145    0.044904    0.000000    0.000000    0.000000    0.000000    0.000000    0.000000    0.000000    0.000000
  -1.84528    1.107273    1.062339    0.044934    0.000000    0.000000    0.000000    0.000000    0.000000    0.000000    0.000000    0.000000
  -1.84361    1.108491    1.063528    0.044963    0.000000    0.000000    0.000000    0.000000    0.000000    0.000000    0.000000    0.000000
  -1.84195    1.109704    1.064712    0.044992    0.000000    0.000000    0.000000    0.000000    0.000000    0.000000    0.000000    0.000000
  -1.84028    1.110912    1.065891    0.045021    0.000000    0.000000    0.000000    0.000000    0.000000    0.000000    0.000000    0.000000
  -1.83861    1.112114    1.067064    0.045050    0.000000    0.000000    0.000000    0.000000    0.000000    0.000000    0.000000    0.000000
  -1.83695    1.113311    1.068232    0.045079    0.000000    0.000000    0.000000    0.000000    0.000000    0.000000    0.000000    0.000000
  -1.83528    1.114502    1.069395    0.045107    0.000000    0.000000    0.000000    0.000000    0.000000    0.000000    0.000000    0.000000
  -1.83361    1.115688    1.070553    0.045135    0.000000    0.000000    0.000000    0.000000    0.000000    0.000000    0.000000    0.000000
  -1.83194    1.116868    1.071705    0.045163    0.000000    0.000000    0.000000    0.000000    0.000000    0.000000    0.000000    0.000000
  -1.83028    1.118043    1.072852    0.045191    0.000000    0.000000    0.000000    0.000000    0.000000    0.000000    0.000000    0.000000
  -1.82861    1.119212    1.073994    0.045218    0.000000    0.000000    0.000000    0.000000    0.000000    0.000000    0.000000    0.000000
  -1.82694    1.120375    1.075130    0.045245    0.000000    0.000000    0.000000    0.000000    0.000000    0.000000    0.000000    0.000000
  -1.82528    1.121533    1.076261    0.045272    0.000000    0.000000    0.000000    0.000000    0.000000    0.000000    0.000000    0.000000
  -1.82361    1.122685    1.077386    0.045299    0.000000    0.000000    0.000000    0.000000    0.000000    0.000000    0.000000    0.000000
  -1.82194    1.123831    1.078506    0.045325    0.000000    0.000000    0.000000    0.000000    0.000000    0.000000    0.000000    0.000000
  -1.82027    1.124972    1.079621    0.045351    0.000000    0.000000    0.000000    0.000000    0.000000    0.000000    0.000000    0.000000
  -1.81861    1.126107    1.080730    0.045377    0.000000    0.000000    0.000000    0.000000    0.000000    0.000000    0.000000    0.000000
  -1.81694    1.127236    1.081833    0.045403    0.000000    0.000000    0.000000    0.000000    0.000000    0.000000    0.000000    0.000000
  -1.81527    1.128359    1.082931    0.045428    0.000000    0.000000    0.000000    0.000000    0.000000    0.000000    0.000000    0.000000
  -1.81360    1.129477    1.084024    0.045453    0.000000    0.000000    0.000000    0.000000    0.000000    0.000000    0.000000    0.000000
  -1.81194    1.130588    1.085110    0.045478    0.000000    0.000000    0.000000    0.000000    0.000000    0.000000    0.000000    0.000000
  -1.81027    1.131694    1.086192    0.045503    0.000000    0.000000    0.000000    0.000000    0.000000    0.000000    0.000000    0.000000
  -1.80860    1.132794    1.087267    0.045527    0.000000    0.000000    0.000000    0.000000    0.000000    0.000000    0.000000    0.000000
  -1.80694    1.133888    1.088337    0.045551    0.000000    0.000000    0.000000    0.000000    0.000000    0.000000    0.000000    0.000000
  -1.80527    1.134976    1.089401    0.045575    0.000000    0.000000    0.000000    0.000000    0.000000    0.000000    0.000000    0.000000
  -1.80360    1.136058    1.090460    0.045599    0.000000    0.000000    0.000000    0.000000    0.000000    0.000000    0.000000    0.000000
  -1.80193    1.137134    1.091512    0.045622    0.000000    0.000000    0.000000    0.000000    0.000000    0.000000    0.000000    0.000000
  -1.80027    1.138205    1.092559    0.045645    0.000000    0.000000    0.000000    0.000000    0.000000    0.000000    0.000000    0.000000
  -1.79860    1.139269    1.093601    0.045668    0.000000    0.000000    0.000000    0.000000    0.000000    0.000000    0.000000    0.000000
  -1.79693    1.140327    1.094636    0.045691    0.000000    0.000000    0.000000    0.000000    0.000000    0.000000    0.000000    0.000000
  -1.79527    1.141379    1.095666    0.045713    0.000000    0.000000    0.000000    0.000000    0.000000    0.000000    0.000000    0.000000
  -1.79360    1.142425    1.096690    0.045735    0.000000    0.000000    0.000000    0.000000    0.000000    0.000000    0.000000    0.000000
  -1.79193    1.143465    1.097708    0.045757    0.000000    0.000000    0.000000    0.000000    0.000000    0.000000    0.000000    0.000000
  -1.79026    1.144498    1.098720    0.045779    0.000000    0.000000    0.000000    0.000000    0.000000    0.000000    0.000000    0.000000
  -1.78860    1.145526    1.099726    0.045800    0.000000    0.000000    0.000000    0.000000    0.000000    0.000000    0.000000    0.000000
  -1.78693    1.146547    1.100726    0.045821    0.000000    0.000000    0.000000    0.000000    0.000000    0.000000    0.000000    0.000000
  -1.78526    1.147562    1.101720    0.045842    0.000000    0.000000    0.000000    0.000000    0.000000    0.000000    0.000000    0.000000
  -1.78359    1.148571    1.102709    0.045862    0.000000    0.000000    0.000000    0.000000    0.000000    0.000000    0.000000    0.000000
  -1.78193    1.149574    1.103691    0.045883    0.000000    0.000000    0.000000    0.000000    0.000000    0.000000    0.000000    0.000000
  -1.78026    1.150570    1.104667    0.045903    0.000000    0.000000    0.000000    0.000000    0.000000    0.000000    0.000000    0.000000
  -1.77859    1.151560    1.105638    0.045923    0.000000    0.000000    0.000000    0.000000    0.000000    0.000000    0.000000    0.000000
  -1.77693    1.152544    1.106602    0.045942    0.000000    0.000000    0.000000    0.000000    0.000000    0.000000    0.000000    0.000000
  -1.77526    1.153521    1.107560    0.045961    0.000000    0.000000    0.000000    0.000000    0.000000    0.000000    0.000000    0.000000
  -1.77359    1.154493    1.108512    0.045980    0.000000    0.000000    0.000000    0.000000    0.000000    0.000000    0.000000    0.000000
  -1.77192    1.155457    1.109458    0.045999    0.000000    0.000000    0.000000    0.000000    0.000000    0.000000    0.000000    0.000000
  -1.77026    1.156416    1.110398    0.046018    0.000000    0.000000    0.000000    0.000000    0.000000    0.000000    0.000000    0.000000
  -1.76859    1.157367    1.111332    0.046036    0.000000    0.000000    0.000000    0.000000    0.000000    0.000000    0.000000    0.000000
  -1.76692    1.158313    1.112259    0.046054    0.000000    0.000000    0.000000    0.000000    0.000000    0.000000    0.000000    0.000000
  -1.76526    1.159252    1.113180    0.046072    0.000000    0.000000    0.000000    0.000000    0.000000    0.000000    0.000000    0.000000
  -1.76359    1.160184    1.114096    0.046089    0.000000    0.000000    0.000000    0.000000    0.000000    0.000000    0.000000    0.000000
  -1.76192    1.161110    1.115004    0.046106    0.000000    0.000000    0.000000    0.000000    0.000000    0.000000    0.000000    0.000000
  -1.76025    1.162030    1.115907    0.046123    0.000000    0.000000    0.000000    0.000000    0.000000    0.000000    0.000000    0.000000
  -1.75859    1.162943    1.116803    0.046140    0.000000    0.000000    0.000000    0.000000    0.000000    0.000000    0.000000    0.000000
  -1.75692    1.163849    1.117693    0.046156    0.000000    0.000000    0.000000    0.000000    0.000000    0.000000    0.000000    0.000000
  -1.75525    1.164749    1.118577    0.046172    0.000000    0.000000    0.000000    0.000000    0.000000    0.000000    0.000000    0.000000
  -1.75358    1.165642    1.119454    0.046188    0.000000    0.000000    0.000000    0.000000    0.000000    0.000000    0.000000    0.000000
  -1.75192    1.166529    1.120325    0.046204    0.000000    0.000000    0.000000    0.000000    0.000000    0.000000    0.000000    0.000000
  -1.75025    1.167409    1.121190    0.046219    0.000000    0.000000    0.000000    0.000000    0.000000    0.000000    0.000000    0.000000
  -1.74858    1.168282    1.122048    0.046234    0.000000    0.000000    0.000000    0.000000    0.000000    0.000000    0.000000    0.000000
  -1.74692    1.169149    1.122900    0.046249    0.000000    0.000000    0.000000    0.000000    0.000000    0.000000    0.000000    0.000000
  -1.74525    1.170009    1.123745    0.046263    0.000000    0.000000    0.000000    0.000000    0.000000    0.000000    0.000000    0.000000
  -1.74358    1.170862    1.124584    0.046278    0.000000    0.000000    0.000000    0.000000    0.000000    0.000000    0.000000    0.000000
  -1.74191    1.171708    1.125417    0.046292    0.000000    0.000000    0.000000    0.000000    0.000000    0.000000    0.000000    0.000000
  -1.74025    1.172548    1.126243    0.046305    0.000000    0.000000    0.000000    0.000000    0.000000    0.000000    0.000000    0.000000
  -1.73858    1.173381    1.127062    0.046319    0.000000    0.000000    0.000000    0.000000    0.000000    0.000000    0.000000    0.000000
  -1.73691    1.174207    1.127875    0.046332    0.000000    0.000000    0.000000    0.000000    0.000000    0.000000    0.000000    0.000000
  -1.73525    1.175026    1.128681    0.046345    0.000000    0.000000    0.000000    0.000000    0.000000    0.000000    0.000000    0.000000
  -1.73358    1.175838    1.129481    0.046357    0.000000    0.000000    0.000000    0.000000    0.000000    0.000000    0.000000    0.000000
  -1.73191    1.176644    1.130274    0.046370    0.000000    0.000000    0.000000    0.000000    0.000000    0.000000    0.000000    0.000000
  -1.73024    1.177443    1.131061    0.046382    0.000000    0.000000    0.000000    0.000000    0.000000    0.000000    0.000000    0.000000
  -1.72858    1.178234    1.131841    0.046394    0.000000    0.000000    0.000000    0.000000    0.000000    0.000000    0.000000    0.000000
  -1.72691    1.179019    1.132614    0.046405    0.000000    0.000000    0.000000    0.000000    0.000000    0.000000    0.000000    0.000000
  -1.72524    1.179797    1.133381    0.046416    0.000000    0.000000    0.000000    0.000000    0.000000    0.000000    0.000000    0.000000
  -1.72357    1.180568    1.134141    0.046427    0.000000    0.000000    0.000000    0.000000    0.000000    0.000000    0.000000    0.000000
  -1.72191    1.181332    1.134894    0.046438    0.000000    0.000000    0.000000    0.000000    0.000000    0.000000    0.000000    0.000000
  -1.72024    1.182089    1.135641    0.046449    0.000000    0.000000    0.000000    0.000000    0.000000    0.000000    0.000000    0.000000
  -1.71857    1.182839    1.136381    0.046459    0.000000    0.000000    0.000000    0.000000    0.000000    0.000000    0.000000    0.000000
  -1.71691    1.183583    1.137114    0.046469    0.000000    0.000000    0.000000    0.000000    0.000000    0.000000    0.000000    0.000000
  -1.71524    1.184319    1.137840    0.046478    0.000000    0.000000    0.000000    0.000000    0.000000    0.000000    0.000000    0.000000
  -1.71357    1.185047    1.138560    0.046488    0.000000    0.000000    0.000000    0.000000    0.000000    0.000000    0.000000    0.000000
  -1.71190    1.185769    1.139273    0.046497    0.000000    0.000000    0.000000    0.000000    0.000000    0.000000    0.000000    0.000000
  -1.71024    1.186484    1.139978    0.046506    0.000000    0.000000    0.000000    0.000000    0.000000    0.000000    0.000000    0.000000
  -1.70857    1.187192    1.140678    0.046514    0.000000    0.000000    0.000000    0.000000    0.000000    0.000000    0.000000    0.000000
  -1.70690    1.187892    1.141370    0.046522    0.000000    0.000000    0.000000    0.000000    0.000000    0.000000    0.000000    0.000000
  -1.70524    1.188586    1.142055    0.046530    0.000000    0.000000    0.000000    0.000000    0.000000    0.000000    0.000000    0.000000
  -1.70357    1.189272    1.142734    0.046538    0.000000    0.000000    0.000000    0.000000    0.000000    0.000000    0.000000    0.000000
  -1.70190    1.189951    1.143406    0.046546    0.000000    0.000000    0.000000    0.000000    0.000000    0.000000    0.000000    0.000000
  -1.70023    1.190623    1.144070    0.046553    0.000000    0.000000    0.000000    0.000000    0.000000    0.000000    0.000000    0.000000
  -1.69857    1.191288    1.144728    0.046560    0.000000    0.000000    0.000000    0.000000    0.000000    0.000000    0.000000    0.000000
  -1.69690    1.191945    1.145379    0.046566    0.000000    0.000000    0.000000    0.000000    0.000000    0.000000    0.000000    0.000000
  -1.69523    1.192595    1.146023    0.046573    0.000000    0.000000    0.000000    0.000000    0.000000    0.000000    0.000000    0.000000
  -1.69356    1.193238    1.146660    0.046579    0.000000    0.000000    0.000000    0.000000    0.000000    0.000000    0.000000    0.000000
  -1.69190    1.193874    1.147290    0.046584    0.000000    0.000000    0.000000    0.000000    0.000000    0.000000    0.000000    0.000000
  -1.69023    1.194503    1.147913    0.046590    0.000000    0.000000    0.000000    0.000000    0.000000    0.000000    0.000000    0.000000
  -1.68856    1.195124    1.148529    0.046595    0.000000    0.000000    0.000000    0.000000    0.000000    0.000000    0.000000    0.000000
  -1.68690    1.195738    1.149138    0.046600    0.000000    0.000000    0.000000    0.000000    0.000000    0.000000    0.000000    0.000000
  -1.68523    1.196344    1.149739    0.046605    0.000000    0.000000    0.000000    0.000000    0.000000    0.000000    0.000000    0.000000
  -1.68356    1.196943    1.150334    0.046609    0.000000    0.000000    0.000000    0.000000    0.000000    0.000000    0.000000    0.000000
  -1.68189    1.197535    1.150922    0.046613    0.000000    0.000000    0.000000    0.000000    0.000000    0.000000    0.000000    0.000000
  -1.68023    1.198119    1.151502    0.046617    0.000000    0.000000    0.000000    0.000000    0.000000    0.000000    0.000000    0.000000
  -1.67856    1.198696    1.152076    0.046621    0.000000    0.000000    0.000000    0.000000    0.000000    0.000000    0.000000    0.000000
  -1.67689    1.199266    1.152642    0.046624    0.000000    0.000000    0.000000    0.000000    0.000000    0.000000    0.000000    0.000000
  -1.67523    1.199828    1.153202    0.046627    0.000000    0.000000    0.000000    0.000000    0.000000    0.000000    0.000000    0.000000
  -1.67356    1.200383    1.153754    0.046630    0.000000    0.000000    0.000000    0.000000    0.000000    0.000000    0.000000    0.000000
  -1.67189    1.200930    1.154299    0.046632    0.000000    0.000000    0.000000    0.000000    0.000000    0.000000    0.000000    0.000000
  -1.67022    1.201470    1.154836    0.046634    0.000000    0.000000    0.000000    0.000000    0.000000    0.000000    0.000000    0.000000
  -1.66856    1.202003    1.155367    0.046636    0.000000    0.000000    0.000000    0.000000    0.000000    0.000000    0.000000    0.000000
  -1.66689    1.202528    1.155890    0.046638    0.000000    0.000000    0.000000    0.000000    0.000000    0.000000    0.000000    0.000000
  -1.66522    1.203045    1.156406    0.046639    0.000000    0.000000    0.000000    0.000000    0.000000    0.000000    0.000000    0.000000
  -1.66355    1.203555    1.156915    0.046640    0.000000    0.000000    0.000000    0.000000    0.000000    0.000000    0.000000    0.000000
  -1.66189    1.204057    1.157417    0.046641    0.000000    0.000000    0.000000    0.000000    0.000000    0.000000    0.000000    0.000000
  -1.66022    1.204552    1.157911    0.046641    0.000000    0.000000    0.000000    0.000000    0.000000    0.000000    0.000000    0.000000
  -1.65855    1.205039    1.158398    0.046641    0.000000    0.000000    0.000000    0.000000    0.000000    0.000000    0.000000    0.000000
  -1.65689    1.205519    1.158878    0.046641    0.000000    0.000000    0.000000    0.000000    0.000000    0.000000    0.000000    0.000000
  -1.65522    1.205991    1.159350    0.046641    0.000000    0.000000    0.000000    0.000000    0.000000    0.000000    0.000000    0.000000
  -1.65355    1.206456    1.159816    0.046640    0.000000    0.000000    0.000000    0.000000    0.000000    0.000000    0.000000    0.000000
  -1.65188    1.206913    1.160274    0.046639    0.000000    0.000000    0.000000    0.000000    0.000000    0.000000    0.000000    0.000000
  -1.65022    1.207362    1.160724    0.046638    0.000000    0.000000    0.000000    0.000000    0.000000    0.000000    0.000000    0.000000
  -1.64855    1.207804    1.161167    0.046636    0.000000    0.000000    0.000000    0.000000    0.000000    0.000000    0.000000    0.000000
  -1.64688    1.208238    1.161603    0.046635    0.000000    0.000000    0.000000    0.000000    0.000000    0.000000    0.000000    0.000000
  -1.64522    1.208664    1.162032    0.046633    0.000000    0.000000    0.000000    0.000000    0.000000    0.000000    0.000000    0.000000
  -1.64355    1.209083    1.162453    0.046630    0.000000    0.000000    0.000000    0.000000    0.000000    0.000000    0.000000    0.000000
  -1.64188    1.209494    1.162866    0.046628    0.000000    0.000000    0.000000    0.000000    0.000000    0.000000    0.000000    0.000000
  -1.64021    1.209897    1.163273    0.046625    0.000000    0.000000    0.000000    0.000000    0.000000    0.000000    0.000000    0.000000
  -1.63855    1.210293    1.163671    0.046622    0.000000    0.000000    0.000000    0.000000    0.000000    0.000000    0.000000    0.000000
  -1.63688    1.210681    1.164063    0.046618    0.000000    0.000000    0.000000    0.000000    0.000000    0.000000    0.000000    0.000000
  -1.63521    1.211061    1.164447    0.046614    0.000000    0.000000    0.000000    0.000000    0.000000    0.000000    0.000000    0.000000
  -1.63354    1.211434    1.164823    0.046610    0.000000    0.000000    0.000000    0.000000    0.000000    0.000000    0.000000    0.000000
  -1.63188    1.211798    1.165193    0.046606    0.000000    0.000000    0.000000    0.000000    0.000000    0.000000    0.000000    0.000000
  -1.63021    1.212156    1.165554    0.046601    0.000000    0.000000    0.000000    0.000000    0.000000    0.000000    0.000000    0.000000
  -1.62854    1.212505    1.165908    0.046596    0.000000    0.000000    0.000000    0.000000    0.000000    0.000000    0.000000    0.000000
  -1.62688    1.212846    1.166255    0.046591    0.000000    0.000000    0.000000    0.000000    0.000000    0.000000    0.000000    0.000000
  -1.62521    1.213180    1.166594    0.046586    0.000000    0.000000    0.000000    0.000000    0.000000    0.000000    0.000000    0.000000
  -1.62354    1.213506    1.166926    0.046580    0.000000    0.000000    0.000000    0.000000    0.000000    0.000000    0.000000    0.000000
  -1.62187    1.213824    1.167250    0.046574    0.000000    0.000000    0.000000    0.000000    0.000000    0.000000    0.000000    0.000000
  -1.62021    1.214134    1.167567    0.046568    0.000000    0.000000    0.000000    0.000000    0.000000    0.000000    0.000000    0.000000
  -1.61854    1.214437    1.167876    0.046561    0.000000    0.000000    0.000000    0.000000    0.000000    0.000000    0.000000    0.000000
  -1.61687    1.214731    1.168177    0.046554    0.000000    0.000000    0.000000    0.000000    0.000000    0.000000    0.000000    0.000000
  -1.61521    1.215018    1.168471    0.046547    0.000000    0.000000    0.000000    0.000000    0.000000    0.000000    0.000000    0.000000
  -1.61354    1.215297    1.168758    0.046540    0.000000    0.000000    0.000000    0.000000    0.000000    0.000000    0.000000    0.000000
  -1.61187    1.215568    1.169036    0.046532    0.000000    0.000000    0.000000    0.000000    0.000000    0.000000    0.000000    0.000000
  -1.61020    1.215832    1.169308    0.046524    0.000000    0.000000    0.000000    0.000000    0.000000    0.000000    0.000000    0.000000
  -1.60854    1.216087    1.169571    0.046516    0.000000    0.000000    0.000000    0.000000    0.000000    0.000000    0.000000    0.000000
  -1.60687    1.216334    1.169827    0.046507    0.000000    0.000000    0.000000    0.000000    0.000000    0.000000    0.000000    0.000000
  -1.60520    1.216574    1.170076    0.046498    0.000000    0.000000    0.000000    0.000000    0.000000    0.000000    0.000000    0.000000
  -1.60353    1.216806    1.170317    0.046489    0.000000    0.000000    0.000000    0.000000    0.000000    0.000000    0.000000    0.000000
  -1.60187    1.217030    1.170550    0.046480    0.000000    0.000000    0.000000    0.000000    0.000000    0.000000    0.000000    0.000000
  -1.60020    1.217245    1.170775    0.046470    0.000000    0.000000    0.000000    0.000000    0.000000    0.000000    0.000000    0.000000
  -1.59853    1.217453    1.170993    0.046460    0.000000    0.000000    0.000000    0.000000    0.000000    0.000000    0.000000    0.000000
  -1.59687    1.217654    1.171204    0.046450    0.000000    0.000000    0.000000    0.000000    0.000000    0.000000    0.000000    0.000000
  -1.59520    1.217846    1.171406    0.046439    0.000000    0.000000    0.000000    0.000000    0.000000    0.000000    0.000000    0.000000
  -1.59353    1.218030    1.171601    0.046428    0.000000    0.000000    0.000000    0.000000    0.000000    0.000000    0.000000    0.000000
  -1.59186    1.218206    1.171789    0.046417    0.000000    0.000000    0.000000    0.000000    0.000000    0.000000    0.000000    0.000000
  -1.59020    1.218374    1.171968    0.046406    0.000000    0.000000    0.000000    0.000000    0.000000    0.000000    0.000000    0.000000
  -1.58853    1.218535    1.172140    0.046394    0.000000    0.000000    0.000000    0.000000    0.000000    0.000000    0.000000    0.000000
  -1.58686    1.218687    1.172305    0.046382    0.000000    0.000000    0.000000    0.000000    0.000000    0.000000    0.000000    0.000000
  -1.58520    1.218831    1.172461    0.046370    0.000000    0.000000    0.000000    0.000000    0.000000    0.000000    0.000000    0.000000
  -1.58353    1.218968    1.172610    0.046358    0.000000    0.000000    0.000000    0.000000    0.000000    0.000000    0.000000    0.000000
  -1.58186    1.219096    1.172751    0.046345    0.000000    0.000000    0.000000    0.000000    0.000000    0.000000    0.000000    0.000000
  -1.58019    1.219216    1.172885    0.046332    0.000000    0.000000    0.000000    0.000000    0.000000    0.000000    0.000000    0.000000
  -1.57853    1.219329    1.173010    0.046318    0.000000    0.000000    0.000000    0.000000    0.000000    0.000000    0.000000    0.000000
  -1.57686    1.219433    1.173128    0.046305    0.000000    0.000000    0.000000    0.000000    0.000000    0.000000    0.000000    0.000000
  -1.57519    1.219530    1.173239    0.046291    0.000000    0.000000    0.000000    0.000000    0.000000    0.000000    0.000000    0.000000
  -1.57352    1.219618    1.173341    0.046277    0.000000    0.000000    0.000000    0.000000    0.000000    0.000000    0.000000    0.000000
  -1.57186    1.219698    1.173436    0.046262    0.000000    0.000000    0.000000    0.000000    0.000000    0.000000    0.000000    0.000000
  -1.57019    1.219771    1.173523    0.046247    0.000000    0.000000    0.000000    0.000000    0.000000    0.000000    0.000000    0.000000
  -1.56852    1.219835    1.173603    0.046232    0.000000    0.000000    0.000000    0.000000    0.000000    0.000000    0.000000    0.000000
  -1.56686    1.219891    1.173674    0.046217    0.000000    0.000000    0.000000    0.000000    0.000000    0.000000    0.000000    0.000000
  -1.56519    1.219939    1.173738    0.046201    0.000000    0.000000    0.000000    0.000000    0.000000    0.000000    0.000000    0.000000
  -1.56352    1.219980    1.173794    0.046186    0.000000    0.000000    0.000000    0.000000    0.000000    0.000000    0.000000    0.000000
  -1.56185    1.220012    1.173842    0.046169    0.000000    0.000000    0.000000    0.000000    0.000000    0.000000    0.000000    0.000000
  -1.56019    1.220036    1.173883    0.046153    0.000000    0.000000    0.000000    0.000000    0.000000    0.000000    0.000000    0.000000
  -1.55852    1.220052    1.173916    0.046136    0.000000    0.000000    0.000000    0.000000    0.000000    0.000000    0.000000    0.000000
  -1.55685    1.220060    1.173941    0.046119    0.000000    0.000000    0.000000    0.000000    0.000000    0.000000    0.000000    0.000000
  -1.55519    1.220060    1.173958    0.046102    0.000000    0.000000    0.000000    0.000000    0.000000    0.000000    0.000000    0.000000
  -1.55352    1.220052    1.173967    0.046084    0.000000    0.000000    0.000000    0.000000    0.000000    0.000000    0.000000    0.000000
  -1.55185    1.220035    1.173969    0.046067    0.000000    0.000000    0.000000    0.000000    0.000000    0.000000    0.000000    0.000000
  -1.55018    1.220011    1.173963    0.046048    0.000000    0.000000    0.000000    0.000000    0.000000    0.000000    0.000000    0.000000
  -1.54852    1.219979    1.173949    0.046030    0.000000    0.000000    0.000000    0.000000    0.000000    0.000000    0.000000    0.000000
  -1.54685    1.219938    1.173927    0.046011    0.000000    0.000000    0.000000    0.000000    0.000000    0.000000    0.000000    0.000000
  -1.54518    1.219890    1.173897    0.045992    0.000000    0.000000    0.000000    0.000000    0.000000    0.000000    0.000000    0.000000
  -1.54351    1.219833    1.173860    0.045973    0.000000    0.000000    0.000000    0.000000    0.000000    0.000000    0.000000    0.000000
  -1.54185    1.219769    1.173815    0.045954    0.000000    0.000000    0.000000    0.000000    0.000000    0.000000    0.000000    0.000000
  -1.54018    1.219696    1.173762    0.045934    0.000000    0.000000    0.000000    0.000000    0.000000    0.000000    0.000000    0.000000
  -1.53851    1.219615    1.173701    0.045914    0.000000    0.000000    0.000000    0.000000    0.000000    0.000000    0.000000    0.000000
  -1.53685    1.219526    1.173633    0.045894    0.000000    0.000000    0.000000    0.000000    0.000000    0.000000    0.000000    0.000000
  -1.53518    1.219429    1.173556    0.045873    0.000000    0.000000    0.000000    0.000000    0.000000    0.000000    0.000000    0.000000
  -1.53351    1.219324    1.173472    0.045852    0.000000    0.000000    0.000000    0.000000    0.000000    0.000000    0.000000    0.000000
  -1.53184    1.219211    1.173380    0.045831    0.000000    0.000000    0.000000    0.000000    0.000000    0.000000    0.000000    0.000000
  -1.53018    1.219090    1.173280    0.045810    0.000000    0.000000    0.000000    0.000000    0.000000    0.000000    0.000000    0.000000
  -1.52851    1.218960    1.173173    0.045788    0.000000    0.000000    0.000000    0.000000    0.000000    0.000000    0.000000    0.000000
  -1.52684    1.218823    1.173057    0.045766    0.000000    0.000000    0.000000    0.000000    0.000000    0.000000    0.000000    0.000000
  -1.52518    1.218678    1.172934    0.045744    0.000000    0.000000    0.000000    0.000000    0.000000    0.000000    0.000000    0.000000
  -1.52351    1.218524    1.172803    0.045721    0.000000    0.000000    0.000000    0.000000    0.000000    0.000000    0.000000    0.000000
  -1.52184    1.218362    1.172664    0.045698    0.000000    0.000000    0.000000    0.000000    0.000000    0.000000    0.000000    0.000000
  -1.52017    1.218192    1.172517    0.045675    0.000000    0.000000    0.000000    0.000000    0.000000    0.000000    0.000000    0.000000
  -1.51851    1.218015    1.172363    0.045652    0.000000    0.000000    0.000000    0.000000    0.000000    0.000000    0.000000    0.000000
  -1.51684    1.217829    1.172200    0.045628    0.000000    0.000000    0.000000    0.000000    0.000000    0.000000    0.000000    0.000000
  -1.51517    1.217635    1.172030    0.045604    0.000000    0.000000    0.000000    0.000000    0.000000    0.000000    0.000000    0.000000
  -1.51350    1.217432    1.171852    0.045580    0.000000    0.000000    0.000000    0.000000    0.000000    0.000000    0.000000    0.000000
  -1.51184    1.217222    1.171667    0.045556    0.000000    0.000000    0.000000    0.000000    0.000000    0.000000    0.000000    0.000000
  -1.51017    1.217004    1.171473    0.045531    0.000000    0.000000    0.000000    0.000000    0.000000    0.000000    0.000000    0.000000
  -1.50850    1.216778    1.171272    0.045506    0.000000    0.000000    0.000000    0.000000    0.000000    0.000000    0.000000    0.000000
  -1.50684    1.216543    1.171062    0.045481    0.000000    0.000000    0.000000    0.000000    0.000000    0.000000    0.000000    0.000000
  -1.50517    1.216301    1.170845    0.045455    0.000000    0.000000    0.000000    0.000000    0.000000    0.000000    0.000000    0.000000
  -1.50350    1.216050    1.170620    0.045429    0.000000    0.000000    0.000000    0.000000    0.000000    0.000000    0.000000    0.000000
  -1.50183    1.215791    1.170388    0.045403    0.000000    0.000000    0.000000    0.000000    0.000000    0.000000    0.000000    0.000000
  -1.50017    1.215524    1.170147    0.045377    0.000000    0.000000    0.000000    0.000000    0.000000    0.000000    0.000000    0.000000
  -1.49850    1.215250    1.169899    0.045350    0.000000    0.000000    0.000000    0.000000    0.000000    0.000000    0.000000    0.000000
  -1.49683    1.214967    1.169643    0.045324    0.000000    0.000000    0.000000    0.000000    0.000000    0.000000    0.000000    0.000000
  -1.49517    1.214676    1.169379    0.045296    0.000000    0.000000    0.000000    0.000000    0.000000    0.000000    0.000000    0.000000
  -1.49350    1.214377    1.169107    0.045269    0.000000    0.000000    0.000000    0.000000    0.000000    0.000000    0.000000    0.000000
  -1.49183    1.214069    1.168828    0.045241    0.000000    0.000000    0.000000    0.000000    0.000000    0.000000    0.000000    0.000000
  -1.49016    1.213754    1.168541    0.045213    0.000000    0.000000    0.000000    0.000000    0.000000    0.000000    0.000000    0.000000
  -1.48850    1.213431    1.168246    0.045185    0.000000    0.000000    0.000000    0.000000    0.000000    0.000000    0.000000    0.000000
  -1.48683    1.213100    1.167943    0.045157    0.000000    0.000000    0.000000    0.000000    0.000000    0.000000    0.000000    0.000000
  -1.48516    1.212760    1.167632    0.045128    0.000000    0.000000    0.000000    0.000000    0.000000    0.000000    0.000000    0.000000
  -1.48349    1.212413    1.167314    0.045099    0.000000    0.000000    0.000000    0.000000    0.000000    0.000000    0.000000    0.000000
  -1.48183    1.212058    1.166988    0.045070    0.000000    0.000000    0.000000    0.000000    0.000000    0.000000    0.000000    0.000000
  -1.48016    1.211694    1.166654    0.045040    0.000000    0.000000    0.000000    0.000000    0.000000    0.000000    0.000000    0.000000
  -1.47849    1.211323    1.166312    0.045010    0.000000    0.000000    0.000000    0.000000    0.000000    0.000000    0.000000    0.000000
  -1.47683    1.210943    1.165963    0.044980    0.000000    0.000000    0.000000    0.000000    0.000000    0.000000    0.000000    0.000000
  -1.47516    1.210556    1.165606    0.044950    0.000000    0.000000    0.000000    0.000000    0.000000    0.000000    0.000000    0.000000
  -1.47349    1.210160    1.165241    0.044919    0.000000    0.000000    0.000000    0.000000    0.000000    0.000000    0.000000    0.000000
  -1.47182    1.209757    1.164868    0.044889    0.000000    0.000000    0.000000    0.000000    0.000000    0.000000    0.000000    0.000000
  -1.47016    1.209345    1.164488    0.044857    0.000000    0.000000    0.000000    0.000000    0.000000    0.000000    0.000000    0.000000
  -1.46849    1.208926    1.164099    0.044826    0.000000    0.000000    0.000000    0.000000    0.000000    0.000000    0.000000    0.000000
  -1.46682    1.208498    1.163704    0.044794    0.000000    0.000000    0.000000    0.000000    0.000000    0.000000    0.000000    0.000000
  -1.46516    1.208062    1.163300    0.044763    0.000000    0.000000    0.000000    0.000000    0.000000    0.000000    0.000000    0.000000
  -1.46349    1.207619    1.162889    0.044730    0.000000    0.000000    0.000000    0.000000    0.000000    0.000000    0.000000    0.000000
  -1.46182    1.207167    1.162470    0.044698    0.000000    0.000000    0.000000    0.000000    0.000000    0.000000    0.000000    0.000000
  -1.46015    1.206708    1.162043    0.044665    0.000000    0.000000    0.000000    0.000000    0.000000    0.000000    0.000000    0.000000
  -1.45849    1.206241    1.161608    0.044632    0.000000    0.000000    0.000000    0.000000    0.000000    0.000000    0.000000    0.000000
  -1.45682    1.205765    1.161166    0.044599    0.000000    0.000000    0.000000    0.000000    0.000000    0.000000    0.000000    0.000000
  -1.45515    1.205282    1.160716    0.044566    0.000000    0.000000    0.000000    0.000000    0.000000    0.000000    0.000000    0.000000
  -1.45348    1.204791    1.160259    0.044532    0.000000    0.000000    0.000000    0.000000    0.000000    0.000000    0.000000    0.000000
  -1.45182    1.204291    1.159793    0.044498    0.000000    0.000000    0.000000    0.000000    0.000000    0.000000    0.000000    0.000000
  -1.45015    1.203784    1.159320    0.044464    0.000000    0.000000    0.000000    0.000000    0.000000    0.000000    0.000000    0.000000
  -1.44848    1.203269    1.158840    0.044429    0.000000    0.000000    0.000000    0.000000    0.000000    0.000000    0.000000    0.000000
  -1.44682    1.202746    1.158352    0.044395    0.000000    0.000000    0.000000    0.000000    0.000000    0.000000    0.000000    0.000000
  -1.44515    1.202215    1.157856    0.044360    0.000000    0.000000    0.000000    0.000000    0.000000    0.000000    0.000000    0.000000
  -1.44348    1.201677    1.157352    0.044324    0.000000    0.000000    0.000000    0.000000    0.000000    0.000000    0.000000    0.000000
  -1.44181    1.201130    1.156841    0.044289    0.000000    0.000000    0.000000    0.000000    0.000000    0.000000    0.000000    0.000000
  -1.44015    1.200575    1.156322    0.044253    0.000000    0.000000    0.000000    0.000000    0.000000    0.000000    0.000000    0.000000
  -1.43848    1.200013    1.155796    0.044217    0.000000    0.000000    0.000000    0.000000    0.000000    0.000000    0.000000    0.000000
  -1.43681    1.199443    1.155262    0.044181    0.000000    0.000000    0.000000    0.000000    0.000000    0.000000    0.000000    0.000000
  -1.43515    1.198864    1.154720    0.044144    0.000000    0.000000    0.000000    0.000000    0.000000    0.000000    0.000000    0.000000
  -1.43348    1.198278    1.154171    0.044108    0.000000    0.000000    0.000000    0.000000    0.000000    0.000000    0.000000    0.000000
  -1.43181    1.197685    1.153614    0.044071    0.000000    0.000000    0.000000    0.000000    0.000000    0.000000    0.000000    0.000000
  -1.43014    1.197083    1.153050    0.044033    0.000000    0.000000    0.000000    0.000000    0.000000    0.000000    0.000000    0.000000
  -1.42848    1.196473    1.152478    0.043996    0.000000    0.000000    0.000000    0.000000    0.000000    0.000000    0.000000    0.000000
  -1.42681    1.195856    1.151898    0.043958    0.000000    0.000000    0.000000    0.000000    0.000000    0.000000    0.000000    0.000000
  -1.42514    1.195231    1.151311    0.043920    0.000000    0.000000    0.000000    0.000000    0.000000    0.000000    0.000000    0.000000
  -1.42347    1.194598    1.150716    0.043882    0.000000    0.000000    0.000000    0.000000    0.000000    0.000000    0.000000    0.000000
  -1.42181    1.193958    1.150114    0.043843    0.000000    0.000000    0.000000    0.000000    0.000000    0.000000    0.000000    0.000000
  -1.42014    1.193309    1.149504    0.043805    0.000000    0.000000    0.000000    0.000000    0.000000    0.000000    0.000000    0.000000
  -1.41847    1.192653    1.148887    0.043766    0.000000    0.000000    0.000000    0.000000    0.000000    0.000000    0.000000    0.000000
  -1.41681    1.191989    1.148262    0.043727    0.000000    0.000000    0.000000    0.000000    0.000000    0.000000    0.000000    0.000000
  -1.41514    1.191317    1.147630    0.043687    0.000000    0.000000    0.000000    0.000000    0.000000    0.000000    0.000000    0.000000
  -1.41347    1.190638    1.146991    0.043647    0.000000    0.000000    0.000000    0.000000    0.000000    0.000000    0.000000    0.000000
  -1.41180    1.189951    1.146343    0.043607    0.000000    0.000000    0.000000    0.000000    0.000000    0.000000    0.000000    0.000000
  -1.41014    1.189256    1.145689    0.043567    0.000000    0.000000    0.000000    0.000000    0.000000    0.000000    0.000000    0.000000
  -1.40847    1.188553    1.145027    0.043527    0.000000    0.000000    0.000000    0.000000    0.000000    0.000000    0.000000    0.000000
  -1.40680    1.187843    1.144357    0.043486    0.000000    0.000000    0.000000    0.000000    0.000000    0.000000    0.000000    0.000000
  -1.40514    1.187125    1.143680    0.043445    0.000000    0.000000    0.000000    0.000000    0.000000    0.000000    0.000000    0.000000
  -1.40347    1.186400    1.142996    0.043404    0.000000    0.000000    0.000000    0.000000    0.000000    0.000000    0.000000    0.000000
  -1.40180    1.185667    1.142304    0.043363    0.000000    0.000000    0.000000    0.000000    0.000000    0.000000    0.000000    0.000000
  -1.40013    1.184926    1.141605    0.043321    0.000000    0.000000    0.000000    0.000000    0.000000    0.000000    0.000000    0.000000
  -1.39847    1.184177    1.140898    0.043279    0.000000    0.000000    0.000000    0.000000    0.000000    0.000000    0.000000    0.000000
  -1.39680    1.183421    1.140184    0.043237    0.000000    0.000000    0.000000    0.000000    0.000000    0.000000    0.000000    0.000000
  -1.39513    1.182658    1.139463    0.043195    0.000000    0.000000    0.000000    0.000000    0.000000    0.000000    0.000000    0.000000
  -1.39346    1.181886    1.138734    0.043152    0.000000    0.000000    0.000000    0.000000    0.000000    0.000000    0.000000    0.000000
  -1.39180    1.181108    1.137998    0.043109    0.000000    0.000000    0.000000    0.000000    0.000000    0.000000    0.000000    0.000000
  -1.39013    1.180321    1.137255    0.043066    0.000000    0.000000    0.000000    0.000000    0.000000    0.000000    0.000000    0.000000
  -1.38846    1.179527    1.136504    0.043023    0.000000    0.000000    0.000000    0.000000    0.000000    0.000000    0.000000    0.000000
  -1.38680    1.178726    1.135746    0.042979    0.000000    0.000000    0.000000    0.000000    0.000000    0.000000    0.000000    0.000000
  -1.38513    1.177917    1.134981    0.042936    0.000000    0.000000    0.000000    0.000000    0.000000    0.000000    0.000000    0.000000
  -1.38346    1.177100    1.134209    0.042892    0.000000    0.000000    0.000000    0.000000    0.000000    0.000000    0.000000    0.000000
  -1.38179    1.176276    1.133429    0.042847    0.000000    0.000000    0.000000    0.000000    0.000000    0.000000    0.000000    0.000000
  -1.38013    1.175445    1.132642    0.042803    0.000000    0.000000    0.000000    0.000000    0.000000    0.000000    0.000000    0.000000
  -1.37846    1.174606    1.131848    0.042758    0.000000    0.000000    0.000000    0.000000    0.000000    0.000000    0.000000    0.000000
  -1.37679    1.173760    1.131046    0.042713    0.000000    0.000000    0.000000    0.000000    0.000000    0.000000    0.000000    0.000000
  -1.37513    1.172906    1.130238    0.042668    0.000000    0.000000    0.000000    0.000000    0.000000    0.000000    0.000000    0.000000
  -1.37346    1.172045    1.129422    0.042623    0.000000    0.000000    0.000000    0.000000    0.000000    0.000000    0.000000    0.000000
  -1.37179    1.171176    1.128599    0.042577    0.000000    0.000000    0.000000    0.000000    0.000000    0.000000    0.000000    0.000000
  -1.37012    1.170300    1.127769    0.042531    0.000000    0.000000    0.000000    0.000000    0.000000    0.000000    0.000000    0.000000
  -1.36846    1.169417    1.126931    0.042485    0.000000    0.000000    0.000000    0.000000    0.000000    0.000000    0.000000    0.000000
  -1.36679    1.168526    1.126087    0.042439    0.000000    0.000000    0.000000    0.000000    0.000000    0.000000    0.000000    0.000000
  -1.36512    1.167628    1.125235    0.042393    0.000000    0.000000    0.000000    0.000000    0.000000    0.000000    0.000000    0.000000
  -1.36345    1.166723    1.124377    0.042346    0.000000    0.000000    0.000000    0.000000    0.000000    0.000000    0.000000    0.000000
  -1.36179    1.165810    1.123511    0.042299    0.000000    0.000000    0.000000    0.000000    0.000000    0.000000    0.000000    0.000000
  -1.36012    1.164890    1.122638    0.042252    0.000000    0.000000    0.000000    0.000000    0.000000    0.000000    0.000000    0.000000
  -1.35845    1.163963    1.121758    0.042205    0.000000    0.000000    0.000000    0.000000    0.000000    0.000000    0.000000    0.000000
  -1.35679    1.163028    1.120871    0.042157    0.000000    0.000000    0.000000    0.000000    0.000000    0.000000    0.000000    0.000000
  -1.35512    1.162086    1.119977    0.042109    0.000000    0.000000    0.000000    0.000000    0.000000    0.000000    0.000000    0.000000
  -1.35345    1.161137    1.119076    0.042061    0.000000    0.000000    0.000000    0.000000    0.000000    0.000000    0.000000    0.000000
  -1.35178    1.160181    1.118168    0.042013    0.000000    0.000000    0.000000    0.000000    0.000000    0.000000    0.000000    0.000000
  -1.35012    1.159217    1.117253    0.041964    0.000000    0.000000    0.000000    0.000000    0.000000    0.000000    0.000000    0.000000
  -1.34845    1.158247    1.116331    0.041916    0.000000    0.000000    0.000000    0.000000    0.000000    0.000000    0.000000    0.000000
  -1.34678    1.157269    1.115402    0.041867    0.000000    0.000000    0.000000    0.000000    0.000000    0.000000    0.000000    0.000000
  -1.34512    1.156284    1.114466    0.041818    0.000000    0.000000    0.000000    0.000000    0.000000    0.000000    0.000000    0.000000
  -1.34345    1.155292    1.113524    0.041768    0.000000    0.000000    0.000000    0.000000    0.000000    0.000000    0.000000    0.000000
  -1.34178    1.154293    1.112574    0.041719    0.000000    0.000000    0.000000    0.000000    0.000000    0.000000    0.000000    0.000000
  -1.34011    1.153286    1.111617    0.041669    0.000000    0.000000    0.000000    0.000000    0.000000    0.000000    0.000000    0.000000
  -1.33845    1.152273    1.110654    0.041619    0.000000    0.000000    0.000000    0.000000    0.000000    0.000000    0.000000    0.000000
  -1.33678    1.151253    1.109684    0.041569    0.000000    0.000000    0.000000    0.000000    0.000000    0.000000    0.000000    0.000000
  -1.33511    1.150225    1.108707    0.041519    0.000000    0.000000    0.000000    0.000000    0.000000    0.000000    0.000000    0.000000
  -1.33344    1.149191    1.107723    0.041468    0.000000    0.000000    0.000000    0.000000    0.000000    0.000000    0.000000    0.000000
  -1.33178    1.148149    1.106732    0.041417    0.000000    0.000000    0.000000    0.000000    0.000000    0.000000    0.000000    0.000000
  -1.33011    1.147101    1.105734    0.041366    0.000000    0.000000    0.000000    0.000000    0.000000    0.000000    0.000000    0.000000
  -1.32844    1.146045    1.104730    0.041315    0.000000    0.000000    0.000000    0.000000    0.000000    0.000000    0.000000    0.000000
  -1.32678    1.144983    1.103719    0.041264    0.000000    0.000000    0.000000    0.000000    0.000000    0.000000    0.000000    0.000000
  -1.32511    1.143913    1.102702    0.041212    0.000000    0.000000    0.000000    0.000000    0.000000    0.000000    0.000000    0.000000
  -1.32344    1.142837    1.101677    0.041160    0.000000    0.000000    0.000000    0.000000    0.000000    0.000000    0.000000    0.000000
  -1.32177    1.141754    1.100646    0.041108    0.000000    0.000000    0.000000    0.000000    0.000000    0.000000    0.000000    0.000000
  -1.32011    1.140664    1.099608    0.041056    0.000000    0.000000    0.000000    0.000000    0.000000    0.000000    0.000000    0.000000
  -1.31844    1.139567    1.098564    0.041003    0.000000    0.000000    0.000000    0.000000    0.000000    0.000000    0.000000    0.000000
  -1.31677    1.138463    1.097513    0.040951    0.000000    0.000000    0.000000    0.000000    0.000000    0.000000    0.000000    0.000000
  -1.31511    1.137353    1.096455    0.040898    0.000000    0.000000    0.000000    0.000000    0.000000    0.000000    0.000000    0.000000
  -1.31344    1.136236    1.095391    0.040845    0.000000    0.000000    0.000000    0.000000    0.000000    0.000000    0.000000    0.000000
  -1.31177    1.135111    1.094320    0.040792    0.000000    0.000000    0.000000    0.000000    0.000000    0.000000    0.000000    0.000000
  -1.31010    1.133981    1.093242    0.040738    0.000000    0.000000    0.000000    0.000000    0.000000    0.000000    0.000000    0.000000
  -1.30844    1.132843    1.092158    0.040685    0.000000    0.000000    0.000000    0.000000    0.000000    0.000000    0.000000    0.000000
  -1.30677    1.131699    1.091068    0.040631    0.000000    0.000000    0.000000    0.000000    0.000000    0.000000    0.000000    0.000000
  -1.30510    1.130548    1.089971    0.040577    0.000000    0.000000    0.000000    0.000000    0.000000    0.000000    0.000000    0.000000
  -1.30343    1.129390    1.088867    0.040523    0.000000    0.000000    0.000000    0.000000    0.000000    0.000000    0.000000    0.000000
  -1.30177    1.128226    1.087758    0.040468    0.000000    0.000000    0.000000    0.000000    0.000000    0.000000    0.000000    0.000000
  -1.30010    1.127055    1.086641    0.040414    0.000000    0.000000    0.000000    0.000000    0.000000    0.000000    0.000000    0.000000
  -1.29843    1.125877    1.085518    0.040359    0.000000    0.000000    0.000000    0.000000    0.000000    0.000000    0.000000    0.000000
  -1.29677    1.124693    1.084389    0.040304    0.000000    0.000000    0.000000    0.000000    0.000000    0.000000    0.000000    0.000000
  -1.29510    1.123502    1.083254    0.040249    0.000000    0.000000    0.000000    0.000000    0.000000    0.000000    0.000000    0.000000
  -1.29343    1.122305    1.082112    0.040193    0.000000    0.000000    0.000000    0.000000    0.000000    0.000000    0.000000    0.000000
  -1.29176    1.121101    1.080963    0.040138    0.000000    0.000000    0.000000    0.000000    0.000000    0.000000    0.000000    0.000000
  -1.29010    1.119891    1.079809    0.040082    0.000000    0.000000    0.000000    0.000000    0.000000    0.000000    0.000000    0.000000
  -1.28843    1.118674    1.078648    0.040026    0.000000    0.000000    0.000000    0.000000    0.000000    0.000000    0.000000    0.000000
  -1.28676    1.117451    1.077481    0.039970    0.000000    0.000000    0.000000    0.000000    0.000000    0.000000    0.000000    0.000000
  -1.28510    1.116221    1.076307    0.039914    0.000000    0.000000    0.000000    0.000000    0.000000    0.000000    0.000000    0.000000
  -1.28343    1.114985    1.075128    0.039857    0.000000    0.000000    0.000000    0.000000    0.000000    0.000000    0.000000    0.000000
  -1.28176    1.113742    1.073942    0.039801    0.000000    0.000000    0.000000    0.000000    0.000000    0.000000    0.000000    0.000000
  -1.28009    1.112494    1.072750    0.039744    0.000000    0.000000    0.000000    0.000000    0.000000    0.000000    0.000000    0.000000
  -1.27843    1.111238    1.071551    0.039687    0.000000    0.000000    0.000000    0.000000    0.000000    0.000000    0.000000    0.000000
  -1.27676    1.109977    1.070347    0.039630    0.000000    0.000000    0.000000    0.000000    0.000000    0.000000    0.000000    0.000000
  -1.27509    1.108709    1.069137    0.039572    0.000000    0.000000    0.000000    0.000000    0.000000    0.000000    0.000000    0.000000
  -1.27342    1.107435    1.067920    0.039515    0.000000    0.000000    0.000000    0.000000    0.000000    0.000000    0.000000    0.000000
  -1.27176    1.106154    1.066697    0.039457    0.000000    0.000000    0.000000    0.000000    0.000000    0.000000    0.000000    0.000000
  -1.27009    1.104868    1.065469    0.039399    0.000000    0.000000    0.000000    0.000000    0.000000    0.000000    0.000000    0.000000
  -1.26842    1.103575    1.064234    0.039341    0.000000    0.000000    0.000000    0.000000    0.000000    0.000000    0.000000    0.000000
  -1.26676    1.102276    1.062993    0.039283    0.000000    0.000000    0.000000    0.000000    0.000000    0.000000    0.000000    0.000000
  -1.26509    1.100970    1.061746    0.039224    0.000000    0.000000    0.000000    0.000000    0.000000    0.000000    0.000000    0.000000
  -1.26342    1.099659    1.060493    0.039166    0.000000    0.000000    0.000000    0.000000    0.000000    0.000000    0.000000    0.000000
  -1.26175    1.098342    1.059235    0.039107    0.000000    0.000000    0.000000    0.000000    0.000000    0.000000    0.000000    0.000000
  -1.26009    1.097018    1.057970    0.039048    0.000000    0.000000    0.000000    0.000000    0.000000    0.000000    0.000000    0.000000
  -1.25842    1.095688    1.056699    0.038989    0.000000    0.000000    0.000000    0.000000    0.000000    0.000000    0.000000    0.000000
  -1.25675    1.094353    1.055423    0.038930    0.000000    0.000000    0.000000    0.000000    0.000000    0.000000    0.000000    0.000000
  -1.25509    1.093011    1.054141    0.038870    0.000000    0.000000    0.000000    0.000000    0.000000    0.000000    0.000000    0.000000
  -1.25342    1.091663    1.052852    0.038811    0.000000    0.000000    0.000000    0.000000    0.000000    0.000000    0.000000    0.000000
  -1.25175    1.090309    1.051558    0.038751    0.000000    0.000000    0.000000    0.000000    0.000000    0.000000    0.000000    0.000000
  -1.25008    1.088950    1.050259    0.038691    0.000000    0.000000    0.000000    0.000000    0.000000    0.000000    0.000000    0.000000
  -1.24842    1.087584    1.048953    0.038631    0.000000    0.000000    0.000000    0.000000    0.000000    0.000000    0.000000    0.000000
  -1.24675    1.086213    1.047642    0.038571    0.000000    0.000000    0.000000    0.000000    0.000000    0.000000    0.000000    0.000000
  -1.24508    1.084835    1.046325    0.038510    0.000000    0.000000    0.000000    0.000000    0.000000    0.000000    0.000000    0.000000
  -1.24341    1.083452    1.045002    0.038450    0.000000    0.000000    0.000000    0.000000    0.000000    0.000000    0.000000    0.000000
  -1.24175    1.082063    1.043674    0.038389    0.000000    0.000000    0.000000    0.000000    0.000000    0.000000    0.000000    0.000000
  -1.24008    1.080668    1.042340    0.038328    0.000000    0.000000    0.000000    0.000000    0.000000    0.000000    0.000000    0.000000
  -1.23841    1.079268    1.041000    0.038267    0.000000    0.000000    0.000000    0.000000    0.000000    0.000000    0.000000    0.000000
  -1.23675    1.077861    1.039655    0.038206    0.000000    0.000000    0.000000    0.000000    0.000000    0.000000    0.000000    0.000000
  -1.23508    1.076449    1.038305    0.038145    0.000000    0.000000    0.000000    0.000000    0.000000    0.000000    0.000000    0.000000
  -1.23341    1.075031    1.036948    0.038083    0.000000    0.000000    0.000000    0.000000    0.000000    0.000000    0.000000    0.000000
  -1.23174    1.073608    1.035586    0.038021    0.000000    0.000000    0.000000    0.000000    0.000000    0.000000    0.000000    0.000000
  -1.23008    1.072179    1.034219    0.037960    0.000000    0.000000    0.000000    0.000000    0.000000    0.000000    0.000000    0.000000
  -1.22841    1.070744    1.032846    0.037898    0.000000    0.000000    0.000000    0.000000    0.000000    0.000000    0.000000    0.000000
  -1.22674    1.069303    1.031468    0.037835    0.000000    0.000000    0.000000    0.000000    0.000000    0.000000    0.000000    0.000000
  -1.22508    1.067857    1.030084    0.037773    0.000000    0.000000    0.000000    0.000000    0.000000    0.000000    0.000000    0.000000
  -1.22341    1.066406    1.028695    0.037711    0.000000    0.000000    0.000000    0.000000    0.000000    0.000000    0.000000    0.000000
  -1.22174    1.064949    1.027301    0.037648    0.000000    0.000000    0.000000    0.000000    0.000000    0.000000    0.000000    0.000000
  -1.22007    1.063486    1.025901    0.037585    0.000000    0.000000    0.000000    0.000000    0.000000    0.000000    0.000000    0.000000
  -1.21841    1.062018    1.024496    0.037523    0.000000    0.000000    0.000000    0.000000    0.000000    0.000000    0.000000    0.000000
  -1.21674    1.060545    1.023085    0.037460    0.000000    0.000000    0.000000    0.000000    0.000000    0.000000    0.000000    0.000000
  -1.21507    1.059066    1.021670    0.037396    0.000000    0.000000    0.000000    0.000000    0.000000    0.000000    0.000000    0.000000
  -1.21340    1.057582    1.020249    0.037333    0.000000    0.000000    0.000000    0.000000    0.000000    0.000000    0.000000    0.000000
  -1.21174    1.056092    1.018822    0.037270    0.000000    0.000000    0.000000    0.000000    0.000000    0.000000    0.000000    0.000000
  -1.21007    1.054597    1.017391    0.037206    0.000000    0.000000    0.000000    0.000000    0.000000    0.000000    0.000000    0.000000
  -1.20840    1.053097    1.015955    0.037142    0.000000    0.000000    0.000000    0.000000    0.000000    0.000000    0.000000    0.000000
  -1.20674    1.051591    1.014513    0.037079    0.000000    0.000000    0.000000    0.000000    0.000000    0.000000    0.000000    0.000000
  -1.20507    1.050081    1.013066    0.037015    0.000000    0.000000    0.000000    0.000000    0.000000    0.000000    0.000000    0.000000
  -1.20340    1.048565    1.011614    0.036950    0.000000    0.000000    0.000000    0.000000    0.000000    0.000000    0.000000    0.000000
  -1.20173    1.047043    1.010157    0.036886    0.000000    0.000000    0.000000    0.000000    0.000000    0.000000    0.000000    0.000000
  -1.20007    1.045517    1.008695    0.036822    0.000000    0.000000    0.000000    0.000000    0.000000    0.000000    0.000000    0.000000
  -1.19840    1.043985    1.007228    0.036757    0.000000    0.000000    0.000000    0.000000    0.000000    0.000000    0.000000    0.000000
  -1.19673    1.042449    1.005756    0.036693    0.000000    0.000000    0.000000    0.000000    0.000000    0.000000    0.000000    0.000000
  -1.19507    1.040907    1.004279    0.036628    0.000000    0.000000    0.000000    0.000000    0.000000    0.000000    0.000000    0.000000
  -1.19340    1.039360    1.002797    0.036563    0.000000    0.000000    0.000000    0.000000    0.000000    0.000000    0.000000    0.000000
  -1.19173    1.037808    1.001310    0.036498    0.000000    0.000000    0.000000    0.000000    0.000000    0.000000    0.000000    0.000000
  -1.19006    1.036251    0.999818    0.036433    0.000000    0.000000    0.000000    0.000000    0.000000    0.000000    0.000000    0.000000
  -1.18840    1.034689    0.998322    0.036367    0.000000    0.000000    0.000000    0.000000    0.000000    0.000000    0.000000    0.000000
  -1.18673    1.033122    0.996820    0.036302    0.000000    0.000000    0.000000    0.000000    0.000000    0.000000    0.000000    0.000000
  -1.18506    1.031551    0.995314    0.036236    0.000000    0.000000    0.000000    0.000000    0.000000    0.000000    0.000000    0.000000
  -1.18339    1.029974    0.993803    0.036171    0.000000    0.000000    0.000000    0.000000    0.000000    0.000000    0.000000    0.000000
  -1.18173    1.028392    0.992288    0.036105    0.000000    0.000000    0.000000    0.000000    0.000000    0.000000    0.000000    0.000000
  -1.18006    1.026806    0.990767    0.036039    0.000000    0.000000    0.000000    0.000000    0.000000    0.000000    0.000000    0.000000
  -1.17839    1.025215    0.989242    0.035973    0.000000    0.000000    0.000000    0.000000    0.000000    0.000000    0.000000    0.000000
  -1.17673    1.023619    0.987712    0.035907    0.000000    0.000000    0.000000    0.000000    0.000000    0.000000    0.000000    0.000000
  -1.17506    1.022018    0.986178    0.035840    0.000000    0.000000    0.000000    0.000000    0.000000    0.000000    0.000000    0.000000
  -1.17339    1.020413    0.984639    0.035774    0.000000    0.000000    0.000000    0.000000    0.000000    0.000000    0.000000    0.000000
  -1.17172    1.018802    0.983095    0.035708    0.000000    0.000000    0.000000    0.000000    0.000000    0.000000    0.000000    0.000000
  -1.17006    1.017188    0.981547    0.035641    0.000000    0.000000    0.000000    0.000000    0.000000    0.000000    0.000000    0.000000
  -1.16839    1.015568    0.979994    0.035574    0.000000    0.000000    0.000000    0.000000    0.000000    0.000000    0.000000    0.000000
  -1.16672    1.013944    0.978437    0.035507    0.000000    0.000000    0.000000    0.000000    0.000000    0.000000    0.000000    0.000000
  -1.16506    1.012315    0.976875    0.035440    0.000000    0.000000    0.000000    0.000000    0.000000    0.000000    0.000000    0.000000
  -1.16339    1.010682    0.975309    0.035373    0.000000    0.000000    0.000000    0.000000    0.000000    0.000000    0.000000    0.000000
  -1.16172    1.009044    0.973738    0.035306    0.000000    0.000000    0.000000    0.000000    0.000000    0.000000    0.000000    0.000000
  -1.16005    1.007402    0.972163    0.035239    0.000000    0.000000    0.000000    0.000000    0.000000    0.000000    0.000000    0.000000
  -1.15839    1.005755    0.970584    0.035171    0.000000    0.000000    0.000000    0.000000    0.000000    0.000000    0.000000    0.000000
  -1.15672    1.004104    0.969000    0.035104    0.000000    0.000000    0.000000    0.000000    0.000000    0.000000    0.000000    0.000000
  -1.15505    1.002448    0.967412    0.035036    0.000000    0.000000    0.000000    0.000000    0.000000    0.000000    0.000000    0.000000
  -1.15338    1.000788    0.965820    0.034968    0.000000    0.000000    0.000000    0.000000    0.000000    0.000000    0.000000    0.000000
  -1.15172    0.999124    0.964223    0.034900    0.000000    0.000000    0.000000    0.000000    0.000000    0.000000    0.000000    0.000000
  -1.15005    0.997455    0.962622    0.034833    0.000000    0.000000    0.000000    0.000000    0.000000    0.000000    0.000000    0.000000
  -1.14838    0.995782    0.961017    0.034764    0.000000    0.000000    0.000000    0.000000    0.000000    0.000000    0.000000    0.000000
  -1.14672    0.994105    0.959408    0.034696    0.000000    0.000000    0.000000    0.000000    0.000000    0.000000    0.000000    0.000000
  -1.14505    0.992423    0.957795    0.034628    0.000000    0.000000    0.000000    0.000000    0.000000    0.000000    0.000000    0.000000
  -1.14338    0.990737    0.956178    0.034560    0.000000    0.000000    0.000000    0.000000    0.000000    0.000000    0.000000    0.000000
  -1.14171    0.989047    0.954556    0.034491    0.000000    0.000000    0.000000    0.000000    0.000000    0.000000    0.000000    0.000000
  -1.14005    0.987353    0.952931    0.034423    0.000000    0.000000    0.000000    0.000000    0.000000    0.000000    0.000000    0.000000
  -1.13838    0.985655    0.951301    0.034354    0.000000    0.000000    0.000000    0.000000    0.000000    0.000000    0.000000    0.000000
  -1.13671    0.983953    0.949668    0.034285    0.000000    0.000000    0.000000    0.000000    0.000000    0.000000    0.000000    0.000000
  -1.13505    0.982247    0.948030    0.034216    0.000000    0.000000    0.000000    0.000000    0.000000    0.000000    0.000000    0.000000
  -1.13338    0.980536    0.946389    0.034148    0.000000    0.000000    0.000000    0.000000    0.000000    0.000000    0.000000    0.000000
  -1.13171    0.978822    0.944743    0.034079    0.000000    0.000000    0.000000    0.000000    0.000000    0.000000    0.000000    0.000000
  -1.13004    0.977103    0.943094    0.034009    0.000000    0.000000    0.000000    0.000000    0.000000    0.000000    0.000000    0.000000
  -1.12838    0.975381    0.941441    0.033940    0.000000    0.000000    0.000000    0.000000    0.000000    0.000000    0.000000    0.000000
  -1.12671    0.973655    0.939784    0.033871    0.000000    0.000000    0.000000    0.000000    0.000000    0.000000    0.000000    0.000000
  -1.12504    0.971925    0.938123    0.033802    0.000000    0.000000    0.000000    0.000000    0.000000    0.000000    0.000000    0.000000
  -1.12337    0.970191    0.936459    0.033732    0.000000    0.000000    0.000000    0.000000    0.000000    0.000000    0.000000    0.000000
  -1.12171    0.968453    0.934791    0.033663    0.000000    0.000000    0.000000    0.000000    0.000000    0.000000    0.000000    0.000000
  -1.12004    0.966712    0.933119    0.033593    0.000000    0.000000    0.000000    0.000000    0.000000    0.000000    0.000000    0.000000
  -1.11837    0.964966    0.931443    0.033523    0.000000    0.000000    0.000000    0.000000    0.000000    0.000000    0.000000    0.000000
  -1.11671    0.963217    0.929764    0.033453    0.000000    0.000000    0.000000    0.000000    0.000000    0.000000    0.000000    0.000000
  -1.11504    0.961464    0.928081    0.033383    0.000000    0.000000    0.000000    0.000000    0.000000    0.000000    0.000000    0.000000
  -1.11337    0.959708    0.926394    0.033314    0.000000    0.000000    0.000000    0.000000    0.000000    0.000000    0.000000    0.000000
  -1.11170    0.957948    0.924704    0.033243    0.000000    0.000000    0.000000    0.000000    0.000000    0.000000    0.000000    0.000000
  -1.11004    0.956184    0.923011    0.033173    0.000000    0.000000    0.000000    0.000000    0.000000    0.000000    0.000000    0.000000
  -1.10837    0.954417    0.921314    0.033103    0.000000    0.000000    0.000000    0.000000    0.000000    0.000000    0.000000    0.000000
  -1.10670    0.952646    0.919613    0.033033    0.000000    0.000000    0.000000    0.000000    0.000000    0.000000    0.000000    0.000000
  -1.10504    0.950872    0.917909    0.032963    0.000000    0.000000    0.000000    0.000000    0.000000    0.000000    0.000000    0.000000
  -1.10337    0.949094    0.916202    0.032892    0.000000    0.000000    0.000000    0.000000    0.000000    0.000000    0.000000    0.000000
  -1.10170    0.947313    0.914491    0.032822    0.000000    0.000000    0.000000    0.000000    0.000000    0.000000    0.000000    0.000000
  -1.10003    0.945528    0.912777    0.032751    0.000000    0.000000    0.000000    0.000000    0.000000    0.000000    0.000000    0.000000
  -1.09837    0.943740    0.911059    0.032680    0.000000    0.000000    0.000000    0.000000    0.000000    0.000000    0.000000    0.000000
  -1.09670    0.941948    0.909339    0.032610    0.000000    0.000000    0.000000    0.000000    0.000000    0.000000    0.000000    0.000000
  -1.09503    0.940153    0.907615    0.032539    0.000000    0.000000    0.000000    0.000000    0.000000    0.000000    0.000000    0.000000
  -1.09336    0.938355    0.905887    0.032468    0.000000    0.000000    0.000000    0.000000    0.000000    0.000000    0.000000    0.000000
  -1.09170    0.936554    0.904157    0.032397    0.000000    0.000000    0.000000    0.000000    0.000000    0.000000    0.000000    0.000000
  -1.09003    0.934749    0.902423    0.032326    0.000000    0.000000    0.000000    0.000000    0.000000    0.000000    0.000000    0.000000
  -1.08836    0.932941    0.900686    0.032255    0.000000    0.000000    0.000000    0.000000    0.000000    0.000000    0.000000    0.000000
  -1.08670    0.931130    0.898946    0.032184    0.000000    0.000000    0.000000    0.000000    0.000000    0.000000    0.000000    0.000000
  -1.08503    0.929316    0.897203    0.032113    0.000000    0.000000    0.000000    0.000000    0.000000    0.000000    0.000000    0.000000
  -1.08336    0.927499    0.895457    0.032042    0.000000    0.000000    0.000000    0.000000    0.000000    0.000000    0.000000    0.000000
  -1.08169    0.925678    0.893708    0.031970    0.000000    0.000000    0.000000    0.000000    0.000000    0.000000    0.000000    0.000000
  -1.08003    0.923855    0.891956    0.031899    0.000000    0.000000    0.000000    0.000000    0.000000    0.000000    0.000000    0.000000
  -1.07836    0.922028    0.890201    0.031828    0.000000    0.000000    0.000000    0.000000    0.000000    0.000000    0.000000    0.000000
  -1.07669    0.920199    0.888443    0.031756    0.000000    0.000000    0.000000    0.000000    0.000000    0.000000    0.000000    0.000000
  -1.07503    0.918366    0.886682    0.031685    0.000000    0.000000    0.000000    0.000000    0.000000    0.000000    0.000000    0.000000
  -1.07336    0.916531    0.884918    0.031613    0.000000    0.000000    0.000000    0.000000    0.000000    0.000000    0.000000    0.000000
  -1.07169    0.914692    0.883151    0.031541    0.000000    0.000000    0.000000    0.000000    0.000000    0.000000    0.000000    0.000000
  -1.07002    0.912851    0.881382    0.031470    0.000000    0.000000    0.000000    0.000000    0.000000    0.000000    0.000000    0.000000
  -1.06836    0.911007    0.879609    0.031398    0.000000    0.000000    0.000000    0.000000    0.000000    0.000000    0.000000    0.000000
  -1.06669    0.909160    0.877834    0.031326    0.000000    0.000000    0.000000    0.000000    0.000000    0.000000    0.000000    0.000000
  -1.06502    0.907311    0.876056    0.031254    0.000000    0.000000    0.000000    0.000000    0.000000    0.000000    0.000000    0.000000
  -1.06335    0.905458    0.874276    0.031182    0.000000    0.000000    0.000000    0.000000    0.000000    0.000000    0.000000    0.000000
  -1.06169    0.903603    0.872493    0.031110    0.000000    0.000000    0.000000    0.000000    0.000000    0.000000    0.000000    0.000000
  -1.06002    0.901745    0.870707    0.031038    0.000000    0.000000    0.000000    0.000000    0.000000    0.000000    0.000000    0.000000
  -1.05835    0.899885    0.868918    0.030966    0.000000    0.000000    0.000000    0.000000    0.000000    0.000000    0.000000    0.000000
  -1.05669    0.898022    0.867127    0.030894    0.000000    0.000000    0.000000    0.000000    0.000000    0.000000    0.000000    0.000000
  -1.05502    0.896156    0.865334    0.030822    0.000000    0.000000    0.000000    0.000000    0.000000    0.000000    0.000000    0.000000
  -1.05335    0.894288    0.863538    0.030750    0.000000    0.000000    0.000000    0.000000    0.000000    0.000000    0.000000    0.000000
  -1.05168    0.892417    0.861739    0.030678    0.000000    0.000000    0.000000    0.000000    0.000000    0.000000    0.000000    0.000000
  -1.05002    0.890543    0.859938    0.030606    0.000000    0.000000    0.000000    0.000000    0.000000    0.000000    0.000000    0.000000
  -1.04835    0.888668    0.858134    0.030533    0.000000    0.000000    0.000000    0.000000    0.000000    0.000000    0.000000    0.000000
  -1.04668    0.886789    0.856328    0.030461    0.000000    0.000000    0.000000    0.000000    0.000000    0.000000    0.000000    0.000000
  -1.04502    0.884909    0.854520    0.030389    0.000000    0.000000    0.000000    0.000000    0.000000    0.000000    0.000000    0.000000
  -1.04335    0.883026    0.852709    0.030316    0.000000    0.000000    0.000000    0.000000    0.000000    0.000000    0.000000    0.000000
  -1.04168    0.881140    0.850896    0.030244    0.000000    0.000000    0.000000    0.000000    0.000000    0.000000    0.000000    0.000000
  -1.04001    0.879252    0.849081    0.030171    0.000000    0.000000    0.000000    0.000000    0.000000    0.000000    0.000000    0.000000
  -1.03835    0.877362    0.847264    0.030099    0.000000    0.000000    0.000000    0.000000    0.000000    0.000000    0.000000    0.000000
  -1.03668    0.875470    0.845444    0.030026    0.000000    0.000000    0.000000    0.000000    0.000000    0.000000    0.000000    0.000000
  -1.03501    0.873576    0.843622    0.029954    0.000000    0.000000    0.000000    0.000000    0.000000    0.000000    0.000000    0.000000
  -1.03334    0.871679    0.841798    0.029881    0.000000    0.000000    0.000000    0.000000    0.000000    0.000000    0.000000    0.000000
  -1.03168    0.869780    0.839972    0.029809    0.000000    0.000000    0.000000    0.000000    0.000000    0.000000    0.000000    0.000000
  -1.03001    0.867879    0.838143    0.029736    0.000000    0.000000    0.000000    0.000000    0.000000    0.000000    0.000000    0.000000
  -1.02834    0.865976    0.836313    0.029663    0.000000    0.000000    0.000000    0.000000    0.000000    0.000000    0.000000    0.000000
  -1.02668    0.864071    0.834480    0.029591    0.000000    0.000000    0.000000    0.000000    0.000000    0.000000    0.000000    0.000000
  -1.02501    0.862164    0.832646    0.029518    0.000000    0.000000    0.000000    0.000000    0.000000    0.000000    0.000000    0.000000
  -1.02334    0.860254    0.830809    0.029445    0.000000    0.000000    0.000000    0.000000    0.000000    0.000000    0.000000    0.000000
  -1.02167    0.858343    0.828971    0.029372    0.000000    0.000000    0.000000    0.000000    0.000000    0.000000    0.000000    0.000000
  -1.02001    0.856430    0.827130    0.029299    0.000000    0.000000    0.000000    0.000000    0.000000    0.000000    0.000000    0.000000
  -1.01834    0.854515    0.825288    0.029227    0.000000    0.000000    0.000000    0.000000    0.000000    0.000000    0.000000    0.000000
  -1.01667    0.852598    0.823444    0.029154    0.000000    0.000000    0.000000    0.000000    0.000000    0.000000    0.000000    0.000000
  -1.01501    0.850679    0.821598    0.029081    0.000000    0.000000    0.000000    0.000000    0.000000    0.000000    0.000000    0.000000
  -1.01334    0.848758    0.819750    0.029008    0.000000    0.000000    0.000000    0.000000    0.000000    0.000000    0.000000    0.000000
  -1.01167    0.846836    0.817901    0.028935    0.000000    0.000000    0.000000    0.000000    0.000000    0.000000    0.000000    0.000000
  -1.01000    0.844912    0.816049    0.028862    0.000000    0.000000    0.000000    0.000000    0.000000    0.000000    0.000000    0.000000
  -1.00834    0.842986    0.814196    0.028789    0.000000    0.000000    0.000000    0.000000    0.000000    0.000000    0.000000    0.000000
  -1.00667    0.841058    0.812342    0.028716    0.000000    0.000000    0.000000    0.000000    0.000000    0.000000    0.000000    0.000000
  -1.00500    0.839129    0.810485    0.028643    0.000000    0.000000    0.000000    0.000000    0.000000    0.000000    0.000000    0.000000
  -1.00333    0.837198    0.808627    0.028570    0.000000    0.000000    0.000000    0.000000    0.000000    0.000000    0.000000    0.000000
  -1.00167    0.835265    0.806767    0.028497    0.000000    0.000000    0.000000    0.000000    0.000000    0.000000    0.000000    0.000000
  -1.00000    0.833331    0.804906    0.028424    0.000000    0.000000    0.000000    0.000000    0.000000    0.000000    0.000000    0.000000
